MaNhanVien,Tuoi,GioiTinh,TinhTrangHonNhan,DiaDiemLamViec,LoaiHopDong,TrinhDoHocVan,LinhVucDaoTao,PhongBan,ViTriCongViec,CapBacCongViec,TanSuatCongTac,LamThemGio,ThuNhapHangThang_VND,PhanTramTangLuong,KhoangCachNha_Km,HaiLong_CongViec,HaiLong_MoiTruong,CanBangCongViec_CuocSong,MucDoGanKetCongViec,HaiLong_QuanHe,DanhGiaHieuSuat,SoLanDaoTao_Nam,SoCongTyDaLam,TongNamKinhNghiem,SoNamTaiCongTy,SoNam_ViTriHienTai,SoNam_TuLanThangChuc,SoNam_VoiQuanLyHienTai,NghiViec
NV20260001,31,Nữ,Độc thân,TP. Hồ Chí Minh,Toàn thời gian,Cao đẳng,Tài chính,Kinh doanh,Quản lý kinh doanh,3,Ít,Không,24500000,12,13,3,5,5,4,3,2,4,2,6,6,5,3,5,Không
NV20260002,28,Nam,Ly hôn,Đà Nẵng,Hợp đồng xác định thời hạn,Thạc sĩ,Khác,Chăm sóc khách hàng,Nhân viên chăm sóc khách hàng,1,Không công tác,Không,12700000,4,8,3,4,2,2,3,2,3,1,0,0,0,0,0,Không
NV20260003,39,Nữ,Đã kết hôn,Bình Dương,Toàn thời gian,Thạc sĩ,Tài chính,Kinh doanh,Trưởng nhóm kinh doanh,4,Ít,Có,27500000,12,7,2,2,4,3,2,3,1,2,13,10,8,7,8,Không
NV20260004,25,Nam,Đã kết hôn,Hà Nội,Toàn thời gian,Đại học,Khác,Vận hành,Trưởng nhóm vận hành,2,Ít,Có,17100000,13,21,3,5,4,5,3,4,2,3,2,2,1,1,2,Không
NV20260005,33,Nữ,Độc thân,Bình Dương,Thử việc,Đại học,Khác,Công nghệ thông tin,Lập trình viên,3,Không công tác,Không,24400000,10,6,2,3,3,3,5,4,3,1,9,6,4,4,2,Có
NV20260006,25,Nữ,Độc thân,Hà Nội,Toàn thời gian,Thạc sĩ,Tài chính,Công nghệ thông tin,Lập trình viên,3,Không công tác,Không,20800000,3,13,4,2,3,4,3,3,4,3,4,4,2,3,2,Không
NV20260007,23,Nữ,Độc thân,Hải Phòng,Toàn thời gian,Cao đẳng,Công nghệ thông tin,Nghiên cứu và Phát triển,Kỹ sư R&D,2,Ít,Không,19600000,11,3,4,5,5,5,5,4,3,1,5,3,1,2,1,Không
NV20260008,32,Nam,Đã kết hôn,TP. Hồ Chí Minh,Toàn thời gian,Thạc sĩ,Công nghệ thông tin,Kinh doanh,Trưởng nhóm kinh doanh,1,Ít,Có,15700000,6,32,3,2,2,3,3,2,2,1,9,1,1,1,1,Có
NV20260009,31,Nam,Độc thân,Cần Thơ,Hợp đồng xác định thời hạn,Thạc sĩ,Công nghệ thông tin,Marketing,Trưởng nhóm marketing,3,Thường xuyên,Không,26200000,14,14,3,5,4,3,5,3,3,1,13,7,4,4,2,Có
NV20260010,35,Nam,Đã kết hôn,Hà Nội,Toàn thời gian,Đại học,Công nghệ thông tin,Marketing,Chuyên viên marketing,2,Không công tác,Không,17600000,3,14,3,2,4,1,4,2,2,1,9,2,2,1,2,Có
NV20260011,21,Nam,Độc thân,Hà Nội,Toàn thời gian,Đại học,Tài chính,Tài chính - Kế toán,Kế toán viên,1,Ít,Có,11100000,10,6,2,2,3,5,2,3,3,1,0,0,0,0,0,Có
NV20260012,31,Nam,Độc thân,Hà Nội,Toàn thời gian,THPT,Công nghệ thông tin,Công nghệ thông tin,Kỹ sư dữ liệu,3,Không công tác,Không,22100000,9,14,4,4,4,2,1,4,5,2,6,6,3,2,5,Không
NV20260013,31,Nữ,Độc thân,Cần Thơ,Toàn thời gian,Đại học,Công nghệ thông tin,Marketing,Chuyên viên marketing,3,Ít,Không,24500000,8,5,4,5,4,4,5,3,5,2,13,7,5,4,2,Không
NV20260014,25,Nam,Độc thân,Hà Nội,Toàn thời gian,Đại học,Nhân sự,Chăm sóc khách hàng,Nhân viên chăm sóc khách hàng,3,Thường xuyên,Không,21300000,8,17,3,4,4,3,1,4,2,1,5,4,3,3,3,Không
NV20260015,37,Nam,Đã kết hôn,Hải Phòng,Hợp đồng xác định thời hạn,Đại học,Công nghệ thông tin,Tài chính - Kế toán,Chuyên viên tài chính,3,Không công tác,Không,25100000,12,16,2,2,3,2,3,4,5,1,14,4,3,1,1,Không
NV20260016,25,Nữ,Độc thân,Đà Nẵng,Toàn thời gian,Thạc sĩ,Kinh tế,Kinh doanh,Nhân viên kinh doanh,1,Không công tác,Không,13500000,7,13,4,4,4,1,4,2,4,3,0,0,0,0,0,Không
NV20260017,29,Nam,Độc thân,TP. Hồ Chí Minh,Hợp đồng xác định thời hạn,Cao đẳng,Công nghệ thông tin,Kinh doanh,Quản lý kinh doanh,1,Ít,Có,14200000,13,11,3,3,4,4,4,3,6,1,0,0,0,0,0,Không
NV20260018,33,Nữ,Độc thân,Hà Nội,Hợp đồng xác định thời hạn,THPT,Công nghệ thông tin,Marketing,Trưởng nhóm marketing,3,Ít,Không,20500000,15,9,5,5,3,4,4,2,3,1,9,5,2,2,2,Không
NV20260019,32,Nam,Độc thân,Cần Thơ,Thử việc,Đại học,Công nghệ thông tin,Nghiên cứu và Phát triển,Kỹ sư R&D,3,Không công tác,Không,24500000,9,7,4,3,2,3,1,4,1,4,11,6,4,5,3,Không
NV20260020,36,Nữ,Độc thân,TP. Hồ Chí Minh,Thử việc,Đại học,Công nghệ thông tin,Vận hành,Nhân viên vận hành,4,Ít,Không,29900000,14,18,3,2,5,2,2,2,2,1,13,10,5,4,6,Không
NV20260021,34,Nam,Đã kết hôn,TP. Hồ Chí Minh,Toàn thời gian,THPT,Kinh tế,Công nghệ thông tin,Trưởng nhóm kỹ thuật,2,Không công tác,Có,19000000,8,14,4,3,4,3,2,5,2,2,8,3,2,1,2,Không
NV20260022,33,Nam,Độc thân,Cần Thơ,Toàn thời gian,Đại học,Công nghệ thông tin,Công nghệ thông tin,Lập trình viên,3,Ít,Không,21400000,13,2,4,1,4,4,2,4,3,1,7,7,3,2,6,Không
NV20260023,20,Nữ,Độc thân,Hải Phòng,Thử việc,Thạc sĩ,Khác,Marketing,Chuyên viên marketing,1,Ít,Có,12600000,8,6,1,4,5,4,2,3,2,2,1,0,0,0,0,Có
NV20260024,24,Nữ,Độc thân,TP. Hồ Chí Minh,Toàn thời gian,Đại học,Công nghệ thông tin,Nhân sự,Chuyên viên nhân sự,1,Thường xuyên,Không,10900000,10,3,2,1,2,4,5,4,2,0,0,0,0,0,0,Có
NV20260025,37,Nam,Đã kết hôn,TP. Hồ Chí Minh,Toàn thời gian,Cao đẳng,Kỹ thuật,Vận hành,Trưởng nhóm vận hành,1,Ít,Không,15400000,16,17,4,5,3,4,3,3,4,1,9,1,1,1,1,Không
NV20260026,24,Nam,Đã kết hôn,Hải Phòng,Hợp đồng xác định thời hạn,Cao đẳng,Khác,Kinh doanh,Trưởng nhóm kinh doanh,1,Ít,Không,16900000,10,2,2,4,4,2,3,3,5,1,6,1,1,0,1,Có
NV20260027,39,Nam,Độc thân,Hà Nội,Toàn thời gian,Đại học,Kinh tế,Chăm sóc khách hàng,Nhân viên chăm sóc khách hàng,3,Không công tác,Không,28800000,9,15,4,4,2,4,5,3,4,4,18,4,2,1,3,Không
NV20260028,31,Nam,Độc thân,TP. Hồ Chí Minh,Toàn thời gian,Cao đẳng,Công nghệ thông tin,Tài chính - Kế toán,Trưởng nhóm tài chính,2,Ít,Không,18900000,10,12,3,5,3,5,4,4,3,0,7,2,2,0,2,Có
NV20260029,30,Nữ,Độc thân,Đà Nẵng,Toàn thời gian,Đại học,Kỹ thuật,Vận hành,Điều phối viên,3,Không công tác,Có,20700000,13,4,5,4,3,4,4,4,2,3,7,4,3,1,3,Không
NV20260030,33,Nam,Ly hôn,Hải Phòng,Hợp đồng xác định thời hạn,Đại học,Marketing,Kinh doanh,Nhân viên kinh doanh,4,Ít,Không,28300000,10,18,1,2,5,3,2,4,2,7,11,11,5,7,8,Không
NV20260031,20,Nam,Đã kết hôn,TP. Hồ Chí Minh,Toàn thời gian,Đại học,Kỹ thuật,Tài chính - Kế toán,Trưởng nhóm tài chính,1,Thường xuyên,Không,13500000,5,5,3,3,2,3,4,4,3,1,0,0,0,0,0,Không
NV20260032,31,Nam,Đã kết hôn,Hà Nội,Toàn thời gian,Đại học,Kinh tế,Marketing,Chuyên viên nội dung,1,Ít,Không,9500000,10,7,3,3,3,4,3,4,2,1,0,0,0,0,0,Không
NV20260033,43,Nữ,Độc thân,Hà Nội,Toàn thời gian,Đại học,Công nghệ thông tin,Công nghệ thông tin,Kỹ sư kiểm thử,4,Ít,Có,31200000,12,6,3,3,1,5,5,4,3,4,17,9,5,2,6,Không
NV20260034,40,Nam,Đã kết hôn,Hà Nội,Toàn thời gian,Cao đẳng,Nhân sự,Vận hành,Nhân viên vận hành,3,Ít,Không,27100000,4,17,4,2,4,1,4,3,4,1,18,5,4,3,2,Không
NV20260035,27,Nữ,Đã kết hôn,Hải Phòng,Hợp đồng xác định thời hạn,Đại học,Kinh tế,Nghiên cứu và Phát triển,Chuyên viên R&D,2,Ít,Không,19200000,10,3,3,5,3,3,5,3,4,1,3,3,1,1,2,Không
NV20260036,40,Nam,Đã kết hôn,Bình Dương,Toàn thời gian,Đại học,Công nghệ thông tin,Công nghệ thông tin,Kỹ sư dữ liệu,4,Không công tác,Không,33200000,12,13,4,3,4,5,3,3,5,2,22,10,8,7,6,Không
NV20260037,20,Nam,Độc thân,Hải Phòng,Hợp đồng xác định thời hạn,Đại học,Kinh tế,Marketing,Chuyên viên nội dung,1,Không công tác,Không,13500000,11,8,3,3,4,3,3,1,5,3,0,0,0,0,0,Không
NV20260038,29,Nam,Độc thân,Bình Dương,Toàn thời gian,Tiến sĩ,Công nghệ thông tin,Công nghệ thông tin,Trưởng nhóm kỹ thuật,3,Không công tác,Không,21300000,17,23,4,4,4,1,4,3,2,1,5,5,2,2,4,Không
NV20260039,28,Nữ,Độc thân,Hải Phòng,Hợp đồng xác định thời hạn,Cao đẳng,Công nghệ thông tin,Chăm sóc khách hàng,Trưởng nhóm chăm sóc khách hàng,1,Ít,Không,11200000,10,17,3,4,5,4,2,2,3,5,0,0,0,0,0,Không
NV20260040,33,Nam,Ly hôn,Đà Nẵng,Toàn thời gian,Đại học,Công nghệ thông tin,Marketing,Chuyên viên nội dung,2,Không công tác,Có,16100000,12,5,3,3,2,2,5,4,3,1,3,2,2,1,1,Không
NV20260041,32,Nữ,Độc thân,TP. Hồ Chí Minh,Toàn thời gian,THPT,Kỹ thuật,Tài chính - Kế toán,Trưởng nhóm tài chính,4,Không công tác,Có,28000000,5,14,3,3,5,3,3,4,2,4,10,10,7,4,6,Có
NV20260042,29,Nam,Đã kết hôn,Bình Dương,Toàn thời gian,Thạc sĩ,Kinh tế,Tài chính - Kế toán,Kế toán viên,3,Không công tác,Không,22100000,8,22,3,4,5,3,3,4,2,1,8,5,2,3,2,Không
NV20260043,28,Nữ,Đã kết hôn,Bình Dương,Toàn thời gian,Đại học,Kinh tế,Vận hành,Nhân viên vận hành,3,Không công tác,Không,22600000,9,15,5,5,4,4,2,4,5,0,7,5,2,3,2,Không
NV20260044,27,Nữ,Độc thân,TP. Hồ Chí Minh,Hợp đồng xác định thời hạn,Cao đẳng,Khác,Vận hành,Điều phối viên,3,Ít,Không,20900000,12,23,5,3,4,4,4,3,2,4,5,5,2,1,4,Không
NV20260045,29,Nam,Độc thân,TP. Hồ Chí Minh,Toàn thời gian,Cao đẳng,Kỹ thuật,Công nghệ thông tin,Trưởng nhóm kỹ thuật,2,Thường xuyên,Không,18300000,10,6,3,3,3,4,5,4,2,1,8,3,3,1,3,Có
NV20260046,30,Nam,Độc thân,TP. Hồ Chí Minh,Toàn thời gian,Đại học,Công nghệ thông tin,Tài chính - Kế toán,Chuyên viên tài chính,4,Ít,Có,29800000,11,3,1,1,4,3,4,3,2,0,11,10,4,8,6,Có
NV20260047,24,Nữ,Độc thân,TP. Hồ Chí Minh,Hợp đồng xác định thời hạn,Đại học,Khác,Nhân sự,Chuyên viên tuyển dụng,2,Thường xuyên,Không,20200000,9,5,3,2,3,4,3,3,2,4,6,2,1,1,1,Không
NV20260048,37,Nữ,Độc thân,Hà Nội,Thử việc,Đại học,Kinh tế,Nghiên cứu và Phát triển,Trưởng nhóm R&D,3,Ít,Không,26500000,7,17,4,2,2,4,5,4,1,1,12,4,2,1,3,Có
NV20260049,33,Nữ,Đã kết hôn,TP. Hồ Chí Minh,Toàn thời gian,Thạc sĩ,Kỹ thuật,Kinh doanh,Nhân viên kinh doanh,2,Không công tác,Có,19800000,10,5,3,1,3,5,2,4,2,1,12,3,2,2,2,Không
NV20260050,43,Nam,Đã kết hôn,Bình Dương,Toàn thời gian,Thạc sĩ,Kỹ thuật,Marketing,Chuyên viên marketing,3,Không công tác,Không,28100000,12,5,2,5,2,4,3,3,4,1,20,5,2,1,2,Không
NV20260051,36,Nam,Đã kết hôn,Hà Nội,Toàn thời gian,Đại học,Kỹ thuật,Nghiên cứu và Phát triển,Chuyên viên R&D,2,Không công tác,Không,19800000,7,7,3,3,2,3,3,2,4,1,11,3,2,1,1,Không
NV20260052,32,Nữ,Đã kết hôn,Hải Phòng,Toàn thời gian,Đại học,Khác,Vận hành,Trưởng nhóm vận hành,3,Không công tác,Không,21000000,14,16,4,4,2,2,4,3,3,4,4,4,3,2,3,Không
NV20260053,34,Nam,Độc thân,Bình Dương,Hợp đồng xác định thời hạn,Cao đẳng,Khác,Chăm sóc khách hàng,Nhân viên chăm sóc khách hàng,2,Không công tác,Không,17700000,11,6,5,3,2,4,2,4,2,1,9,2,1,1,1,Không
NV20260054,36,Nam,Ly hôn,Hà Nội,Toàn thời gian,Đại học,Kỹ thuật,Vận hành,Trưởng nhóm vận hành,3,Ít,Không,26800000,9,9,4,2,3,5,5,4,4,2,18,5,2,2,4,Có
NV20260055,26,Nữ,Đã kết hôn,Đà Nẵng,Toàn thời gian,Thạc sĩ,Tài chính,Nghiên cứu và Phát triển,Kỹ sư R&D,3,Không công tác,Không,22600000,10,7,4,1,3,3,4,3,3,4,5,5,2,1,4,Không
NV20260056,34,Nam,Đã kết hôn,Hà Nội,Toàn thời gian,Thạc sĩ,Công nghệ thông tin,Tài chính - Kế toán,Kế toán viên,2,Không công tác,Không,17700000,9,11,3,4,4,4,4,4,5,2,10,2,2,1,2,Không
NV20260057,33,Nam,Độc thân,Hà Nội,Toàn thời gian,Đại học,Công nghệ thông tin,Kinh doanh,Nhân viên kinh doanh,2,Không công tác,Không,18200000,9,23,2,5,3,3,3,3,3,2,11,2,1,2,2,Không
NV20260058,25,Nam,Đã kết hôn,Hải Phòng,Toàn thời gian,Cao đẳng,Công nghệ thông tin,Chăm sóc khách hàng,Nhân viên chăm sóc khách hàng,1,Không công tác,Không,11000000,10,13,2,3,3,5,3,4,1,2,0,0,0,0,0,Có
NV20260059,42,Nữ,Đã kết hôn,Hà Nội,Toàn thời gian,Đại học,Tài chính,Kinh doanh,Trưởng nhóm kinh doanh,3,Không công tác,Không,29400000,12,22,1,3,3,3,4,3,4,2,24,5,2,3,3,Không
NV20260060,30,Nữ,Độc thân,TP. Hồ Chí Minh,Hợp đồng xác định thời hạn,Tiến sĩ,Kỹ thuật,Tài chính - Kế toán,Trưởng nhóm tài chính,3,Ít,Không,24600000,8,3,2,3,4,4,2,3,3,4,12,6,3,2,4,Không
NV20260061,33,Nam,Độc thân,TP. Hồ Chí Minh,Toàn thời gian,Đại học,Tài chính,Nghiên cứu và Phát triển,Trưởng nhóm R&D,3,Ít,Không,23500000,6,9,1,3,4,2,2,4,4,1,15,4,3,2,3,Không
NV20260062,39,Nam,Độc thân,Đà Nẵng,Thử việc,Đại học,Công nghệ thông tin,Tài chính - Kế toán,Trưởng nhóm tài chính,2,Thường xuyên,Có,19300000,10,5,4,2,3,3,3,4,3,0,10,2,1,1,1,Không
NV20260063,30,Nữ,Đã kết hôn,TP. Hồ Chí Minh,Toàn thời gian,Cao đẳng,Nhân sự,Kinh doanh,Quản lý kinh doanh,4,Ít,Có,27200000,11,6,5,3,4,4,4,3,4,3,12,10,4,7,8,Có
NV20260064,33,Nam,Độc thân,Hà Nội,Toàn thời gian,Đại học,Công nghệ thông tin,Nhân sự,Chuyên viên tuyển dụng,3,Ít,Có,18000000,14,13,3,4,3,1,2,3,3,1,4,4,2,3,2,Có
NV20260065,36,Nữ,Ly hôn,Bình Dương,Toàn thời gian,Thạc sĩ,Công nghệ thông tin,Chăm sóc khách hàng,Trưởng nhóm chăm sóc khách hàng,1,Không công tác,Có,19000000,7,4,5,5,4,4,4,3,4,2,13,1,1,0,0,Không
NV20260066,26,Nữ,Đã kết hôn,Đà Nẵng,Toàn thời gian,THPT,Tài chính,Công nghệ thông tin,Kỹ sư dữ liệu,1,Ít,Có,10800000,10,4,3,4,4,4,4,3,4,1,1,1,1,1,1,Có
NV20260067,30,Nam,Đã kết hôn,Hải Phòng,Toàn thời gian,THPT,Công nghệ thông tin,Nghiên cứu và Phát triển,Chuyên viên R&D,3,Không công tác,Không,24600000,16,2,2,2,5,3,4,2,6,3,12,4,3,2,1,Có
NV20260068,24,Nam,Đã kết hôn,Hà Nội,Toàn thời gian,Thạc sĩ,Kỹ thuật,Chăm sóc khách hàng,Trưởng nhóm chăm sóc khách hàng,2,Không công tác,Không,17800000,7,15,5,4,3,2,5,3,8,1,6,2,1,1,1,Có
NV20260069,43,Nam,Độc thân,TP. Hồ Chí Minh,Toàn thời gian,Đại học,Kinh tế,Nhân sự,Trưởng nhóm nhân sự,5,Không công tác,Không,35900000,16,8,4,3,1,4,1,3,2,1,23,14,5,10,10,Không
NV20260070,27,Nam,Độc thân,Đà Nẵng,Toàn thời gian,Cao đẳng,Tài chính,Chăm sóc khách hàng,Trưởng nhóm chăm sóc khách hàng,2,Không công tác,Không,17500000,11,7,2,3,3,4,4,3,3,0,8,2,1,1,1,Không
NV20260071,24,Nữ,Độc thân,Cần Thơ,Toàn thời gian,Thạc sĩ,Công nghệ thông tin,Marketing,Chuyên viên nội dung,1,Thường xuyên,Có,12200000,8,4,4,2,3,3,3,2,3,1,1,1,1,1,1,Có
NV20260072,20,Nam,Độc thân,TP. Hồ Chí Minh,Toàn thời gian,Tiến sĩ,Công nghệ thông tin,Vận hành,Điều phối viên,1,Ít,Có,12200000,9,5,3,3,4,4,4,4,0,1,0,0,0,0,0,Có
NV20260073,36,Nữ,Độc thân,Hải Phòng,Toàn thời gian,Đại học,Khác,Công nghệ thông tin,Trưởng nhóm kỹ thuật,2,Không công tác,Không,21200000,6,7,3,2,5,5,3,4,4,3,11,2,1,1,1,Không
NV20260074,23,Nam,Đã kết hôn,Hà Nội,Toàn thời gian,Cao đẳng,Kỹ thuật,Nghiên cứu và Phát triển,Trưởng nhóm R&D,1,Ít,Có,13100000,11,11,2,3,3,1,2,5,6,1,1,1,1,1,0,Không
NV20260075,42,Nam,Độc thân,TP. Hồ Chí Minh,Thử việc,Đại học,Kỹ thuật,Công nghệ thông tin,Kỹ sư kiểm thử,2,Không công tác,Không,20900000,11,9,3,3,2,4,5,4,3,2,17,3,1,1,1,Không
NV20260076,37,Nam,Độc thân,TP. Hồ Chí Minh,Thử việc,Thạc sĩ,Kỹ thuật,Marketing,Trưởng nhóm marketing,4,Không công tác,Không,32800000,10,12,4,5,4,3,4,4,3,1,19,8,4,3,7,Không
NV20260077,36,Nam,Độc thân,Hà Nội,Toàn thời gian,Đại học,Nhân sự,Công nghệ thông tin,Lập trình viên,2,Không công tác,Có,24500000,11,11,2,3,4,4,3,3,4,1,18,2,2,1,1,Có
NV20260078,30,Nữ,Đã kết hôn,Hải Phòng,Toàn thời gian,Đại học,Công nghệ thông tin,Công nghệ thông tin,Lập trình viên,1,Thường xuyên,Không,16600000,11,7,3,4,5,4,2,2,2,2,1,1,1,1,1,Không
NV20260079,40,Nữ,Độc thân,Cần Thơ,Toàn thời gian,Tiến sĩ,Công nghệ thông tin,Công nghệ thông tin,Trưởng nhóm kỹ thuật,4,Ít,Không,31700000,7,15,4,5,4,3,5,3,4,1,19,8,3,4,4,Không
NV20260080,39,Nữ,Đã kết hôn,Đà Nẵng,Toàn thời gian,Đại học,Kinh tế,Kinh doanh,Nhân viên kinh doanh,3,Ít,Không,26100000,4,11,3,3,3,4,4,4,1,1,14,4,3,1,3,Không
NV20260081,43,Nữ,Độc thân,Hà Nội,Toàn thời gian,Đại học,Kỹ thuật,Kinh doanh,Quản lý kinh doanh,2,Thường xuyên,Có,19700000,10,8,3,3,3,3,4,3,3,1,13,3,2,1,1,Không
NV20260082,22,Nữ,Đã kết hôn,TP. Hồ Chí Minh,Toàn thời gian,Đại học,Marketing,Vận hành,Điều phối viên,1,Không công tác,Không,10400000,13,10,2,4,3,3,2,4,2,0,0,0,0,0,0,Có
NV20260083,24,Nữ,Độc thân,TP. Hồ Chí Minh,Toàn thời gian,Cao đẳng,Công nghệ thông tin,Marketing,Trưởng nhóm marketing,1,Không công tác,Có,11500000,9,3,4,4,4,3,5,4,4,5,0,0,0,0,0,Có
NV20260084,40,Nam,Độc thân,Hải Phòng,Thử việc,Đại học,Khác,Công nghệ thông tin,Kỹ sư kiểm thử,2,Ít,Không,23800000,11,3,4,2,4,3,4,4,4,4,18,2,1,0,2,Không
NV20260085,39,Nam,Đã kết hôn,TP. Hồ Chí Minh,Thử việc,Đại học,Marketing,Công nghệ thông tin,Lập trình viên,4,Ít,Không,33300000,9,2,5,3,3,4,4,3,3,1,21,10,8,6,8,Không
NV20260086,45,Nữ,Độc thân,Hà Nội,Toàn thời gian,Thạc sĩ,Khác,Công nghệ thông tin,Kỹ sư kiểm thử,2,Thường xuyên,Không,22600000,16,7,1,3,1,5,4,4,2,3,19,2,2,1,1,Không
NV20260087,24,Nam,Đã kết hôn,TP. Hồ Chí Minh,Toàn thời gian,Cao đẳng,Công nghệ thông tin,Vận hành,Điều phối viên,3,Ít,Có,21600000,4,4,4,3,5,4,5,4,3,1,6,4,2,2,3,Không
NV20260088,31,Nữ,Đã kết hôn,Đà Nẵng,Toàn thời gian,Đại học,Tài chính,Kinh doanh,Quản lý kinh doanh,4,Ít,Không,27700000,13,32,2,4,3,4,3,4,2,0,9,9,7,3,5,Không
NV20260089,27,Nữ,Độc thân,TP. Hồ Chí Minh,Toàn thời gian,Đại học,Nhân sự,Kinh doanh,Trưởng nhóm kinh doanh,1,Ít,Có,14600000,9,4,2,4,1,2,4,2,3,0,3,1,1,0,0,Có
NV20260090,42,Nữ,Độc thân,TP. Hồ Chí Minh,Hợp đồng xác định thời hạn,THPT,Marketing,Công nghệ thông tin,Trưởng nhóm kỹ thuật,3,Ít,Không,27800000,9,3,3,3,4,2,4,4,2,1,18,7,6,2,5,Không
NV20260091,28,Nam,Đã kết hôn,TP. Hồ Chí Minh,Toàn thời gian,Đại học,Marketing,Marketing,Trưởng nhóm marketing,2,Ít,Không,20900000,8,2,4,2,2,4,1,4,1,2,10,3,2,1,2,Không
NV20260092,27,Nam,Độc thân,TP. Hồ Chí Minh,Toàn thời gian,Đại học,Kinh tế,Nhân sự,Chuyên viên tuyển dụng,1,Ít,Có,12800000,9,15,3,4,4,5,3,3,4,0,1,1,1,0,1,Có
NV20260093,34,Nữ,Đã kết hôn,Hà Nội,Toàn thời gian,Đại học,Công nghệ thông tin,Nhân sự,Trưởng nhóm nhân sự,2,Ít,Không,23100000,8,7,2,2,4,1,2,2,3,3,16,2,1,1,2,Có
NV20260094,27,Nữ,Độc thân,Hà Nội,Toàn thời gian,Đại học,Kỹ thuật,Kinh doanh,Nhân viên kinh doanh,2,Không công tác,Không,17800000,6,9,3,3,3,3,2,4,6,0,3,3,1,1,1,Không
NV20260095,27,Nam,Đã kết hôn,Đà Nẵng,Hợp đồng xác định thời hạn,Đại học,Tài chính,Kinh doanh,Nhân viên kinh doanh,2,Thường xuyên,Có,18900000,18,7,4,4,4,3,3,3,4,3,2,2,1,1,1,Có
NV20260096,30,Nữ,Đã kết hôn,TP. Hồ Chí Minh,Toàn thời gian,Thạc sĩ,Công nghệ thông tin,Chăm sóc khách hàng,Nhân viên chăm sóc khách hàng,2,Ít,Không,18700000,8,8,3,4,4,4,4,4,1,1,8,2,2,1,1,Không
NV20260097,27,Nữ,Đã kết hôn,Hà Nội,Thử việc,Đại học,Tài chính,Công nghệ thông tin,Kỹ sư kiểm thử,3,Không công tác,Có,22400000,9,26,3,4,4,4,3,3,4,7,9,7,6,4,3,Có
NV20260098,23,Nữ,Độc thân,Hà Nội,Toàn thời gian,Đại học,Công nghệ thông tin,Vận hành,Điều phối viên,1,Thường xuyên,Không,10500000,12,11,4,4,5,4,2,4,1,4,0,0,0,0,0,Có
NV20260099,27,Nam,Độc thân,Hà Nội,Thử việc,THPT,Marketing,Tài chính - Kế toán,Trưởng nhóm tài chính,2,Ít,Không,15200000,13,3,4,3,4,5,3,4,5,1,5,2,1,1,2,Không
NV20260100,20,Nam,Độc thân,TP. Hồ Chí Minh,Toàn thời gian,Đại học,Tài chính,Marketing,Trưởng nhóm marketing,1,Không công tác,Không,11200000,8,6,5,2,3,2,2,4,3,1,0,0,0,0,0,Có
NV20260101,37,Nam,Đã kết hôn,Đà Nẵng,Toàn thời gian,Đại học,Kỹ thuật,Kinh doanh,Trưởng nhóm kinh doanh,2,Ít,Có,20200000,12,6,3,2,3,4,4,2,3,2,8,3,2,2,2,Không
NV20260102,34,Nam,Độc thân,Bình Dương,Toàn thời gian,Đại học,Tài chính,Marketing,Chuyên viên nội dung,3,Thường xuyên,Không,24300000,10,11,4,5,4,3,5,4,2,6,12,6,4,2,3,Không
NV20260103,24,Nữ,Độc thân,Hà Nội,Toàn thời gian,Cao đẳng,Kinh tế,Kinh doanh,Nhân viên kinh doanh,3,Ít,Không,20400000,5,6,4,3,4,3,5,3,4,1,5,4,2,2,2,Không
NV20260104,28,Nữ,Độc thân,Hà Nội,Hợp đồng xác định thời hạn,Đại học,Kỹ thuật,Công nghệ thông tin,Trưởng nhóm kỹ thuật,1,Thường xuyên,Không,12100000,14,10,3,4,3,2,3,4,2,2,0,0,0,0,0,Có
NV20260105,24,Nam,Độc thân,Cần Thơ,Toàn thời gian,Cao đẳng,Tài chính,Tài chính - Kế toán,Chuyên viên tài chính,1,Không công tác,Không,10000000,9,2,3,5,4,4,3,1,4,3,0,0,0,0,0,Không
NV20260106,45,Nam,Độc thân,TP. Hồ Chí Minh,Toàn thời gian,Đại học,Kinh tế,Kinh doanh,Nhân viên kinh doanh,1,Ít,Không,19300000,14,9,5,3,3,4,3,5,3,1,14,1,1,0,0,Không
NV20260107,28,Nam,Độc thân,TP. Hồ Chí Minh,Hợp đồng xác định thời hạn,Đại học,Công nghệ thông tin,Công nghệ thông tin,Lập trình viên,3,Ít,Không,23500000,7,1,5,3,4,3,3,2,5,0,10,4,3,3,3,Có
NV20260108,28,Nam,Độc thân,TP. Hồ Chí Minh,Toàn thời gian,Đại học,Công nghệ thông tin,Kinh doanh,Nhân viên kinh doanh,3,Không công tác,Không,20600000,10,6,3,1,4,3,4,2,3,1,6,4,3,2,3,Không
NV20260109,24,Nam,Độc thân,TP. Hồ Chí Minh,Toàn thời gian,Tiến sĩ,Khác,Chăm sóc khách hàng,Trưởng nhóm chăm sóc khách hàng,1,Ít,Không,13700000,9,1,2,5,3,5,3,4,4,0,0,0,0,0,0,Không
NV20260110,33,Nam,Đã kết hôn,TP. Hồ Chí Minh,Toàn thời gian,Đại học,Nhân sự,Nghiên cứu và Phát triển,Trưởng nhóm R&D,1,Ít,Không,14000000,9,11,3,1,3,3,3,3,1,2,6,1,1,0,1,Không
NV20260111,25,Nữ,Độc thân,Bình Dương,Toàn thời gian,Đại học,Công nghệ thông tin,Marketing,Chuyên viên nội dung,2,Ít,Có,17000000,13,12,1,4,5,2,4,3,6,3,3,3,1,1,3,Có
NV20260112,21,Nam,Đã kết hôn,Đà Nẵng,Hợp đồng xác định thời hạn,Cao đẳng,Kỹ thuật,Nghiên cứu và Phát triển,Trưởng nhóm R&D,1,Ít,Không,13900000,3,6,4,2,4,3,5,3,1,2,0,0,0,0,0,Không
NV20260113,31,Nam,Ly hôn,TP. Hồ Chí Minh,Toàn thời gian,Cao đẳng,Kinh tế,Công nghệ thông tin,Kỹ sư dữ liệu,3,Ít,Có,24200000,10,2,4,1,5,4,3,3,1,1,9,7,4,4,3,Có
NV20260114,21,Nam,Đã kết hôn,Hà Nội,Toàn thời gian,Đại học,Kỹ thuật,Kinh doanh,Trưởng nhóm kinh doanh,1,Không công tác,Không,14200000,8,5,5,2,3,5,2,4,0,5,0,0,0,0,0,Có
NV20260115,31,Nam,Độc thân,Đà Nẵng,Toàn thời gian,Thạc sĩ,Kỹ thuật,Nghiên cứu và Phát triển,Chuyên viên R&D,2,Không công tác,Không,17300000,8,9,3,2,2,3,4,3,3,2,5,2,1,2,1,Có
NV20260116,38,Nam,Độc thân,Hà Nội,Hợp đồng xác định thời hạn,Đại học,Công nghệ thông tin,Nhân sự,Chuyên viên tuyển dụng,2,Ít,Không,22600000,3,16,3,2,4,1,3,4,4,1,16,3,2,2,1,Có
NV20260117,39,Nam,Đã kết hôn,Hà Nội,Toàn thời gian,Thạc sĩ,Nhân sự,Vận hành,Nhân viên vận hành,4,Ít,Có,25700000,7,8,5,3,3,3,3,4,4,4,13,9,5,7,3,Không
NV20260118,32,Nữ,Độc thân,Hà Nội,Toàn thời gian,Cao đẳng,Kỹ thuật,Chăm sóc khách hàng,Nhân viên chăm sóc khách hàng,2,Ít,Có,19600000,9,3,5,3,2,4,4,3,6,0,14,2,1,1,2,Có
NV20260119,39,Nam,Ly hôn,TP. Hồ Chí Minh,Thử việc,Đại học,Khác,Chăm sóc khách hàng,Nhân viên chăm sóc khách hàng,2,Không công tác,Không,22200000,13,18,2,1,4,5,5,2,4,3,15,2,1,1,1,Không
NV20260120,26,Nam,Độc thân,TP. Hồ Chí Minh,Toàn thời gian,Đại học,Công nghệ thông tin,Tài chính - Kế toán,Trưởng nhóm tài chính,1,Không công tác,Không,12300000,5,3,4,3,2,4,1,3,2,0,0,0,0,0,0,Không
NV20260121,30,Nữ,Ly hôn,Cần Thơ,Toàn thời gian,Đại học,Kinh tế,Vận hành,Trưởng nhóm vận hành,3,Ít,Không,21200000,9,8,2,2,4,4,5,3,3,1,6,5,2,3,2,Không
NV20260122,36,Nam,Độc thân,Hà Nội,Hợp đồng xác định thời hạn,Đại học,Tài chính,Kinh doanh,Quản lý kinh doanh,2,Ít,Không,19200000,8,13,5,4,5,3,3,3,3,1,9,3,1,2,1,Không
NV20260123,22,Nữ,Độc thân,TP. Hồ Chí Minh,Toàn thời gian,Đại học,Công nghệ thông tin,Tài chính - Kế toán,Chuyên viên tài chính,1,Ít,Không,12900000,12,5,2,3,4,4,3,3,3,3,0,0,0,0,0,Không
NV20260124,33,Nữ,Độc thân,TP. Hồ Chí Minh,Toàn thời gian,Đại học,Nhân sự,Công nghệ thông tin,Kỹ sư dữ liệu,5,Không công tác,Không,32200000,14,10,3,2,1,2,4,3,2,1,14,13,7,9,9,Không
NV20260125,34,Nữ,Đã kết hôn,TP. Hồ Chí Minh,Toàn thời gian,Cao đẳng,Nhân sự,Vận hành,Điều phối viên,2,Thường xuyên,Không,17300000,14,3,3,1,4,3,2,4,5,3,7,2,1,1,1,Không
NV20260126,30,Nữ,Độc thân,Hải Phòng,Toàn thời gian,Thạc sĩ,Kinh tế,Chăm sóc khách hàng,Nhân viên chăm sóc khách hàng,3,Thường xuyên,Có,24200000,13,22,3,1,2,3,4,3,4,2,12,4,2,1,2,Có
NV20260127,37,Nữ,Ly hôn,TP. Hồ Chí Minh,Thử việc,Đại học,Công nghệ thông tin,Marketing,Trưởng nhóm marketing,5,Không công tác,Không,32300000,8,3,4,2,3,3,5,4,4,1,13,13,10,9,8,Không
NV20260128,35,Nữ,Độc thân,TP. Hồ Chí Minh,Toàn thời gian,Đại học,Marketing,Nghiên cứu và Phát triển,Trưởng nhóm R&D,2,Ít,Không,22300000,10,6,3,4,3,4,3,2,1,1,11,2,1,1,1,Không
NV20260129,38,Nam,Đã kết hôn,Hà Nội,Hợp đồng xác định thời hạn,Thạc sĩ,Kỹ thuật,Marketing,Trưởng nhóm marketing,3,Không công tác,Không,22300000,14,26,1,3,3,1,1,3,2,2,12,5,2,2,4,Không
NV20260130,30,Nữ,Đã kết hôn,TP. Hồ Chí Minh,Toàn thời gian,Đại học,Tài chính,Công nghệ thông tin,Trưởng nhóm kỹ thuật,1,Không công tác,Không,15600000,11,14,4,4,5,2,3,1,4,1,6,1,0,0,1,Có
NV20260131,39,Nam,Đã kết hôn,Hải Phòng,Toàn thời gian,Đại học,Khác,Công nghệ thông tin,Kỹ sư dữ liệu,4,Không công tác,Không,31300000,10,9,5,5,3,5,1,3,2,4,16,8,5,6,3,Không
NV20260132,32,Nữ,Đã kết hôn,Cần Thơ,Toàn thời gian,THPT,Công nghệ thông tin,Công nghệ thông tin,Lập trình viên,1,Thường xuyên,Không,16900000,19,8,4,2,4,4,4,4,2,1,5,1,0,1,1,Không
NV20260133,20,Nữ,Đã kết hôn,Hà Nội,Toàn thời gian,Đại học,Kỹ thuật,Công nghệ thông tin,Kỹ sư kiểm thử,1,Không công tác,Không,10600000,16,22,2,4,1,1,4,3,3,1,0,0,0,0,0,Có
NV20260134,37,Nam,Đã kết hôn,Hải Phòng,Thử việc,Đại học,Kỹ thuật,Vận hành,Trưởng nhóm vận hành,3,Thường xuyên,Có,24100000,5,5,4,4,2,3,2,4,4,4,15,5,3,2,4,Không
NV20260135,44,Nữ,Độc thân,Hà Nội,Toàn thời gian,Đại học,Công nghệ thông tin,Nghiên cứu và Phát triển,Chuyên viên R&D,2,Không công tác,Không,27600000,6,22,4,5,4,5,2,4,6,1,26,3,2,1,2,Không
NV20260136,31,Nam,Độc thân,Bình Dương,Hợp đồng xác định thời hạn,Đại học,Kinh tế,Nghiên cứu và Phát triển,Trưởng nhóm R&D,3,Ít,Không,23200000,8,23,4,3,5,1,3,1,4,0,10,4,2,2,3,Không
NV20260137,27,Nữ,Đã kết hôn,TP. Hồ Chí Minh,Toàn thời gian,Cao đẳng,Công nghệ thông tin,Chăm sóc khách hàng,Trưởng nhóm chăm sóc khách hàng,1,Ít,Có,11300000,11,4,3,3,4,3,5,3,3,1,0,0,0,0,0,Không
NV20260138,32,Nam,Đã kết hôn,Bình Dương,Toàn thời gian,Cao đẳng,Khác,Vận hành,Điều phối viên,3,Ít,Không,23400000,6,5,4,2,3,3,5,3,3,1,6,6,3,2,4,Có
NV20260139,30,Nữ,Độc thân,TP. Hồ Chí Minh,Toàn thời gian,Cao đẳng,Nhân sự,Chăm sóc khách hàng,Trưởng nhóm chăm sóc khách hàng,3,Ít,Không,23600000,8,14,5,3,1,4,4,3,5,2,7,7,4,3,5,Không
NV20260140,27,Nữ,Đã kết hôn,TP. Hồ Chí Minh,Hợp đồng xác định thời hạn,Đại học,Kinh tế,Công nghệ thông tin,Kỹ sư dữ liệu,2,Không công tác,Không,19500000,9,13,3,3,5,4,1,3,4,1,8,3,1,1,1,Có
NV20260141,38,Nữ,Đã kết hôn,Hà Nội,Toàn thời gian,Đại học,Tài chính,Tài chính - Kế toán,Trưởng nhóm tài chính,2,Ít,Có,21500000,13,4,1,3,3,2,2,3,2,7,13,3,2,1,1,Không
NV20260142,32,Nữ,Đã kết hôn,Đà Nẵng,Toàn thời gian,Đại học,Tài chính,Tài chính - Kế toán,Kế toán viên,3,Thường xuyên,Không,22000000,9,9,1,1,4,1,3,3,5,2,4,4,3,3,3,Không
NV20260143,30,Nữ,Độc thân,Hải Phòng,Toàn thời gian,Cao đẳng,Kinh tế,Vận hành,Điều phối viên,1,Không công tác,Có,10600000,3,3,5,3,3,4,4,2,5,4,0,0,0,0,0,Không
NV20260144,33,Nữ,Độc thân,TP. Hồ Chí Minh,Hợp đồng xác định thời hạn,Thạc sĩ,Công nghệ thông tin,Chăm sóc khách hàng,Nhân viên chăm sóc khách hàng,2,Ít,Có,15700000,7,4,5,3,3,5,2,4,6,2,2,2,1,1,2,Không
NV20260145,37,Nữ,Độc thân,Hà Nội,Toàn thời gian,Tiến sĩ,Khác,Chăm sóc khách hàng,Trưởng nhóm chăm sóc khách hàng,1,Không công tác,Không,19700000,10,12,4,5,3,4,5,3,4,1,17,1,1,1,1,Không
NV20260146,32,Nam,Độc thân,Hải Phòng,Toàn thời gian,Đại học,Tài chính,Marketing,Chuyên viên nội dung,3,Không công tác,Không,21700000,7,13,2,2,4,2,4,2,4,2,10,6,5,2,2,Không
NV20260147,32,Nam,Đã kết hôn,Hà Nội,Toàn thời gian,Đại học,Tài chính,Nghiên cứu và Phát triển,Kỹ sư R&D,2,Ít,Có,19500000,11,16,4,5,1,4,5,2,4,1,11,3,2,2,2,Không
NV20260148,31,Nữ,Đã kết hôn,Bình Dương,Toàn thời gian,Đại học,Công nghệ thông tin,Tài chính - Kế toán,Chuyên viên tài chính,2,Không công tác,Không,19100000,9,13,5,5,4,2,4,2,0,1,10,2,1,0,2,Không
NV20260149,31,Nam,Ly hôn,Hà Nội,Thử việc,Cao đẳng,Công nghệ thông tin,Marketing,Trưởng nhóm marketing,2,Không công tác,Không,21600000,9,1,2,4,3,2,3,3,3,2,12,3,2,2,2,Không
NV20260150,31,Nam,Độc thân,Hà Nội,Toàn thời gian,Đại học,Công nghệ thông tin,Kinh doanh,Trưởng nhóm kinh doanh,1,Ít,Không,14200000,10,2,2,3,2,4,4,4,3,3,1,1,1,0,1,Không
NV20260151,38,Nam,Độc thân,Đà Nẵng,Thử việc,Tiến sĩ,Marketing,Nhân sự,Trưởng nhóm nhân sự,4,Không công tác,Không,30500000,8,5,2,3,5,4,3,3,3,2,19,8,4,3,4,Không
NV20260152,37,Nam,Độc thân,Cần Thơ,Toàn thời gian,Đại học,Tài chính,Nghiên cứu và Phát triển,Kỹ sư R&D,1,Thường xuyên,Có,19300000,6,4,4,2,3,1,4,3,1,1,19,1,1,1,1,Có
NV20260153,35,Nam,Đã kết hôn,TP. Hồ Chí Minh,Toàn thời gian,Thạc sĩ,Công nghệ thông tin,Công nghệ thông tin,Trưởng nhóm kỹ thuật,2,Thường xuyên,Có,21200000,9,1,4,3,3,2,4,2,5,4,13,3,2,1,3,Không
NV20260154,20,Nam,Độc thân,Hải Phòng,Toàn thời gian,Đại học,Nhân sự,Tài chính - Kế toán,Kế toán viên,1,Không công tác,Không,14400000,11,4,1,4,2,2,3,4,3,1,2,0,0,0,0,Không
NV20260155,26,Nữ,Ly hôn,TP. Hồ Chí Minh,Toàn thời gian,THPT,Tài chính,Marketing,Chuyên viên marketing,3,Không công tác,Không,23600000,9,10,5,4,2,3,3,3,3,2,8,6,3,1,5,Không
NV20260156,36,Nữ,Ly hôn,TP. Hồ Chí Minh,Toàn thời gian,Đại học,Công nghệ thông tin,Kinh doanh,Trưởng nhóm kinh doanh,3,Không công tác,Có,23300000,13,14,3,2,4,3,2,3,2,1,7,6,5,2,5,Không
NV20260157,32,Nam,Đã kết hôn,TP. Hồ Chí Minh,Hợp đồng xác định thời hạn,Thạc sĩ,Nhân sự,Kinh doanh,Quản lý kinh doanh,1,Không công tác,Không,19200000,3,5,5,4,2,5,3,3,0,2,12,1,1,1,1,Không
NV20260158,35,Nam,Độc thân,Bình Dương,Toàn thời gian,Đại học,Tài chính,Nghiên cứu và Phát triển,Kỹ sư R&D,3,Ít,Có,23800000,10,6,3,3,2,3,3,2,2,1,10,6,4,1,3,Không
NV20260159,27,Nữ,Độc thân,TP. Hồ Chí Minh,Toàn thời gian,Đại học,Kinh tế,Vận hành,Nhân viên vận hành,2,Không công tác,Không,17800000,14,13,3,5,3,3,5,2,3,0,6,3,1,2,1,Không
NV20260160,20,Nữ,Ly hôn,TP. Hồ Chí Minh,Toàn thời gian,Đại học,Nhân sự,Vận hành,Điều phối viên,1,Không công tác,Không,14200000,4,15,5,4,4,3,3,4,4,1,2,0,0,0,0,Không
NV20260161,24,Nam,Đã kết hôn,TP. Hồ Chí Minh,Toàn thời gian,Đại học,Khác,Nhân sự,Chuyên viên tuyển dụng,1,Thường xuyên,Không,14100000,7,7,2,4,1,1,4,5,4,3,0,0,0,0,0,Không
NV20260162,27,Nam,Độc thân,TP. Hồ Chí Minh,Toàn thời gian,Cao đẳng,Công nghệ thông tin,Chăm sóc khách hàng,Trưởng nhóm chăm sóc khách hàng,1,Ít,Không,10800000,4,6,3,3,4,3,3,2,4,3,1,1,0,1,1,Không
NV20260163,27,Nữ,Độc thân,Hà Nội,Hợp đồng xác định thời hạn,Đại học,Công nghệ thông tin,Marketing,Chuyên viên nội dung,3,Ít,Không,18800000,6,2,4,2,4,4,4,2,3,4,6,4,2,3,2,Không
NV20260164,26,Nữ,Đã kết hôn,TP. Hồ Chí Minh,Thử việc,Đại học,Công nghệ thông tin,Kinh doanh,Trưởng nhóm kinh doanh,3,Ít,Không,22100000,9,3,3,3,3,4,3,5,4,3,5,5,4,4,4,Không
NV20260165,27,Nam,Đã kết hôn,Hà Nội,Toàn thời gian,Đại học,Công nghệ thông tin,Nghiên cứu và Phát triển,Kỹ sư R&D,3,Thường xuyên,Có,22600000,5,26,3,4,2,4,3,2,4,2,9,7,4,3,4,Có
NV20260166,32,Nữ,Ly hôn,Đà Nẵng,Toàn thời gian,Cao đẳng,Kinh tế,Nhân sự,Trưởng nhóm nhân sự,3,Thường xuyên,Không,23500000,13,9,4,3,5,2,4,2,6,2,12,6,2,4,2,Không
NV20260167,20,Nữ,Độc thân,TP. Hồ Chí Minh,Toàn thời gian,Đại học,Kinh tế,Kinh doanh,Nhân viên kinh doanh,1,Không công tác,Có,14200000,4,20,3,3,3,2,5,3,4,0,0,0,0,0,0,Có
NV20260168,24,Nam,Độc thân,TP. Hồ Chí Minh,Hợp đồng xác định thời hạn,Đại học,Công nghệ thông tin,Marketing,Chuyên viên nội dung,1,Ít,Có,11200000,9,2,4,2,4,3,1,2,5,2,0,0,0,0,0,Có
NV20260169,30,Nữ,Độc thân,Đà Nẵng,Hợp đồng xác định thời hạn,Đại học,Marketing,Kinh doanh,Trưởng nhóm kinh doanh,2,Ít,Không,17000000,8,7,2,4,2,3,5,2,2,1,5,2,1,1,1,Không
NV20260170,30,Nam,Đã kết hôn,Hà Nội,Hợp đồng xác định thời hạn,Đại học,Kỹ thuật,Chăm sóc khách hàng,Trưởng nhóm chăm sóc khách hàng,2,Thường xuyên,Không,21100000,7,13,5,4,3,2,4,3,3,1,11,3,2,1,2,Không
NV20260171,39,Nữ,Đã kết hôn,Hà Nội,Toàn thời gian,Đại học,Công nghệ thông tin,Vận hành,Nhân viên vận hành,3,Không công tác,Không,25500000,8,1,4,2,3,4,3,2,5,1,17,7,2,4,3,Không
NV20260172,41,Nam,Đã kết hôn,Đà Nẵng,Toàn thời gian,Đại học,Kinh tế,Nhân sự,Chuyên viên tuyển dụng,4,Ít,Không,29500000,18,5,4,4,3,2,3,4,3,3,14,8,5,5,4,Không
NV20260173,34,Nữ,Độc thân,TP. Hồ Chí Minh,Hợp đồng xác định thời hạn,Đại học,Kỹ thuật,Kinh doanh,Nhân viên kinh doanh,2,Ít,Có,22000000,9,6,2,3,4,4,5,3,0,5,12,2,1,1,1,Không
NV20260174,21,Nam,Độc thân,Hà Nội,Toàn thời gian,Đại học,Marketing,Kinh doanh,Nhân viên kinh doanh,1,Không công tác,Không,10600000,12,15,2,4,3,5,3,3,1,1,3,1,1,1,1,Có
NV20260175,28,Nữ,Độc thân,TP. Hồ Chí Minh,Toàn thời gian,Đại học,Tài chính,Công nghệ thông tin,Kỹ sư dữ liệu,1,Không công tác,Không,10700000,16,3,3,3,1,4,3,3,0,1,0,0,0,0,0,Không
NV20260176,39,Nam,Độc thân,Hà Nội,Thử việc,Đại học,Kinh tế,Marketing,Trưởng nhóm marketing,5,Không công tác,Không,36700000,14,5,4,3,3,2,3,4,4,4,21,13,11,6,10,Không
NV20260177,28,Nam,Đã kết hôn,TP. Hồ Chí Minh,Toàn thời gian,Thạc sĩ,Khác,Công nghệ thông tin,Kỹ sư dữ liệu,1,Không công tác,Không,11500000,7,1,2,2,3,4,5,3,2,3,0,0,0,0,0,Có
NV20260178,43,Nam,Độc thân,Hà Nội,Toàn thời gian,Đại học,Marketing,Nhân sự,Chuyên viên tuyển dụng,2,Ít,Có,27300000,5,11,3,3,2,1,4,3,2,2,20,2,1,1,1,Không
NV20260179,28,Nữ,Độc thân,Cần Thơ,Toàn thời gian,Thạc sĩ,Tài chính,Nhân sự,Trưởng nhóm nhân sự,2,Ít,Không,17100000,6,16,3,4,3,4,5,5,4,0,4,3,2,2,2,Có
NV20260180,25,Nữ,Đã kết hôn,TP. Hồ Chí Minh,Thử việc,Đại học,Kinh tế,Chăm sóc khách hàng,Nhân viên chăm sóc khách hàng,3,Không công tác,Không,21700000,11,25,3,2,5,4,4,3,2,5,5,5,2,3,2,Không
NV20260181,30,Nam,Đã kết hôn,TP. Hồ Chí Minh,Toàn thời gian,Đại học,Công nghệ thông tin,Công nghệ thông tin,Trưởng nhóm kỹ thuật,1,Ít,Không,17700000,15,4,4,4,4,5,1,3,2,1,9,1,0,1,1,Không
NV20260182,22,Nam,Đã kết hôn,Cần Thơ,Toàn thời gian,Đại học,Khác,Công nghệ thông tin,Kỹ sư dữ liệu,2,Ít,Không,16600000,12,12,3,3,4,4,4,3,3,1,4,2,1,1,1,Không
NV20260183,24,Nữ,Đã kết hôn,Hà Nội,Toàn thời gian,Đại học,Công nghệ thông tin,Marketing,Trưởng nhóm marketing,3,Không công tác,Không,21700000,8,10,4,4,3,5,2,4,2,3,6,4,2,1,2,Không
NV20260184,39,Nữ,Độc thân,Hà Nội,Toàn thời gian,Cao đẳng,Marketing,Vận hành,Nhân viên vận hành,4,Không công tác,Không,29700000,14,10,4,3,4,3,3,3,3,3,17,9,5,5,3,Không
NV20260185,26,Nữ,Đã kết hôn,Hà Nội,Toàn thời gian,Đại học,Công nghệ thông tin,Chăm sóc khách hàng,Trưởng nhóm chăm sóc khách hàng,2,Ít,Không,16200000,12,14,3,3,5,5,2,5,3,2,2,2,2,2,1,Không
NV20260186,42,Nam,Đã kết hôn,TP. Hồ Chí Minh,Toàn thời gian,Đại học,Khác,Kinh doanh,Trưởng nhóm kinh doanh,3,Ít,Có,28500000,4,3,4,4,5,3,3,2,2,1,22,5,4,3,3,Không
NV20260187,27,Nam,Độc thân,Bình Dương,Thử việc,Đại học,Công nghệ thông tin,Công nghệ thông tin,Lập trình viên,1,Thường xuyên,Có,11200000,6,5,4,4,4,5,2,2,3,1,0,0,0,0,0,Có
NV20260188,22,Nữ,Đã kết hôn,Hà Nội,Toàn thời gian,Cao đẳng,Nhân sự,Kinh doanh,Quản lý kinh doanh,1,Ít,Không,13300000,8,11,2,4,3,3,2,4,2,6,0,0,0,0,0,Không
NV20260189,30,Nữ,Độc thân,Hải Phòng,Thử việc,Đại học,Kỹ thuật,Tài chính - Kế toán,Kế toán viên,3,Ít,Có,22600000,9,17,4,5,5,3,3,4,0,1,11,6,3,2,2,Không
NV20260190,32,Nam,Độc thân,Đà Nẵng,Toàn thời gian,Đại học,Marketing,Kinh doanh,Quản lý kinh doanh,2,Ít,Không,18200000,12,11,5,4,2,3,3,2,1,0,3,2,1,1,2,Không
NV20260191,24,Nữ,Đã kết hôn,Đà Nẵng,Toàn thời gian,Thạc sĩ,Kinh tế,Kinh doanh,Quản lý kinh doanh,1,Ít,Không,12500000,11,12,4,4,2,1,4,2,3,0,0,0,0,0,0,Không
NV20260192,32,Nam,Độc thân,TP. Hồ Chí Minh,Hợp đồng xác định thời hạn,Cao đẳng,Khác,Công nghệ thông tin,Kỹ sư dữ liệu,2,Ít,Không,22800000,11,6,4,5,4,3,4,3,1,2,9,3,1,2,2,Không
NV20260193,35,Nữ,Độc thân,Đà Nẵng,Toàn thời gian,THPT,Kỹ thuật,Vận hành,Nhân viên vận hành,3,Không công tác,Không,27400000,11,4,3,4,3,4,4,3,3,1,11,4,1,1,2,Không
NV20260194,37,Nữ,Độc thân,TP. Hồ Chí Minh,Toàn thời gian,Đại học,Công nghệ thông tin,Vận hành,Điều phối viên,5,Không công tác,Có,35100000,5,11,2,3,2,4,4,3,5,3,19,16,7,11,6,Không
NV20260195,31,Nam,Độc thân,TP. Hồ Chí Minh,Thử việc,Đại học,Công nghệ thông tin,Chăm sóc khách hàng,Nhân viên chăm sóc khách hàng,3,Ít,Có,23000000,16,14,4,4,3,3,3,3,3,2,10,7,4,3,3,Có
NV20260196,23,Nam,Độc thân,Hà Nội,Hợp đồng xác định thời hạn,Cao đẳng,Kinh tế,Công nghệ thông tin,Kỹ sư kiểm thử,1,Không công tác,Có,12400000,6,4,4,4,4,4,5,3,3,4,1,1,1,1,1,Không
NV20260197,28,Nữ,Độc thân,Cần Thơ,Toàn thời gian,Đại học,Kinh tế,Chăm sóc khách hàng,Trưởng nhóm chăm sóc khách hàng,2,Ít,Có,17500000,10,15,3,5,3,3,2,2,6,1,4,3,2,2,1,Có
NV20260198,33,Nam,Đã kết hôn,Hà Nội,Toàn thời gian,Đại học,Khác,Công nghệ thông tin,Kỹ sư kiểm thử,2,Không công tác,Không,19000000,8,8,4,5,4,4,4,3,4,4,5,2,1,1,1,Không
NV20260199,24,Nam,Độc thân,Hải Phòng,Toàn thời gian,Cao đẳng,Công nghệ thông tin,Kinh doanh,Nhân viên kinh doanh,2,Thường xuyên,Không,15900000,12,9,4,5,3,4,4,3,4,2,6,2,1,1,1,Không
NV20260200,33,Nam,Đã kết hôn,TP. Hồ Chí Minh,Hợp đồng xác định thời hạn,Đại học,Tài chính,Tài chính - Kế toán,Trưởng nhóm tài chính,2,Không công tác,Không,20300000,10,17,3,3,4,4,2,4,2,3,10,3,1,2,2,Không
NV20260201,42,Nam,Đã kết hôn,Hà Nội,Toàn thời gian,THPT,Công nghệ thông tin,Kinh doanh,Trưởng nhóm kinh doanh,3,Thường xuyên,Không,21900000,10,16,4,3,3,4,2,3,1,0,7,6,3,5,3,Không
NV20260202,26,Nam,Ly hôn,Hà Nội,Hợp đồng xác định thời hạn,Đại học,Nhân sự,Vận hành,Điều phối viên,1,Không công tác,Không,14200000,13,5,2,4,4,3,2,2,6,1,0,0,0,0,0,Không
NV20260203,32,Nam,Độc thân,Hà Nội,Hợp đồng xác định thời hạn,Đại học,Kinh tế,Công nghệ thông tin,Trưởng nhóm kỹ thuật,3,Ít,Có,22300000,12,21,5,3,1,2,2,4,2,3,11,6,4,2,3,Không
NV20260204,34,Nữ,Độc thân,Hà Nội,Toàn thời gian,Đại học,Công nghệ thông tin,Chăm sóc khách hàng,Nhân viên chăm sóc khách hàng,3,Ít,Không,23000000,6,13,3,3,3,2,4,1,3,2,7,7,4,2,3,Không
NV20260205,37,Nữ,Đã kết hôn,Bình Dương,Toàn thời gian,Đại học,Công nghệ thông tin,Công nghệ thông tin,Kỹ sư dữ liệu,3,Ít,Không,27100000,6,1,3,4,2,3,1,3,1,0,19,6,3,4,5,Không
NV20260206,34,Nam,Đã kết hôn,Bình Dương,Toàn thời gian,Đại học,Kỹ thuật,Vận hành,Trưởng nhóm vận hành,3,Ít,Không,25000000,11,26,4,5,2,2,5,3,4,1,12,7,4,5,6,Có
NV20260207,27,Nữ,Độc thân,Hà Nội,Toàn thời gian,Cao đẳng,Công nghệ thông tin,Nghiên cứu và Phát triển,Kỹ sư R&D,1,Ít,Không,13100000,10,9,3,2,2,3,5,5,6,3,1,1,1,0,0,Có
NV20260208,28,Nữ,Ly hôn,Cần Thơ,Toàn thời gian,Đại học,Marketing,Vận hành,Điều phối viên,2,Thường xuyên,Không,18500000,13,6,4,3,3,4,5,1,3,3,10,2,1,1,2,Không
NV20260209,38,Nam,Đã kết hôn,TP. Hồ Chí Minh,Toàn thời gian,Thạc sĩ,Công nghệ thông tin,Chăm sóc khách hàng,Trưởng nhóm chăm sóc khách hàng,2,Ít,Không,23900000,6,10,4,3,5,1,4,4,0,6,19,2,1,1,2,Không
NV20260210,45,Nữ,Đã kết hôn,TP. Hồ Chí Minh,Hợp đồng xác định thời hạn,Đại học,Công nghệ thông tin,Nghiên cứu và Phát triển,Kỹ sư R&D,4,Ít,Không,33000000,10,13,3,4,2,4,3,3,5,3,27,12,8,2,4,Không
NV20260211,32,Nam,Đã kết hôn,Hà Nội,Toàn thời gian,Đại học,Marketing,Marketing,Chuyên viên marketing,3,Không công tác,Không,22100000,13,20,4,3,2,2,1,4,3,3,6,6,5,4,4,Có
NV20260212,29,Nữ,Độc thân,Hà Nội,Toàn thời gian,Cao đẳng,Công nghệ thông tin,Chăm sóc khách hàng,Nhân viên chăm sóc khách hàng,3,Ít,Không,22800000,7,7,4,4,3,3,3,3,4,1,5,5,4,2,2,Có
NV20260213,28,Nam,Độc thân,Hà Nội,Toàn thời gian,Thạc sĩ,Nhân sự,Kinh doanh,Nhân viên kinh doanh,1,Không công tác,Không,17700000,12,6,4,3,4,4,4,4,4,0,8,1,1,0,1,Không
NV20260214,29,Nữ,Độc thân,Cần Thơ,Hợp đồng xác định thời hạn,Cao đẳng,Tài chính,Marketing,Chuyên viên marketing,4,Không công tác,Không,25900000,10,3,5,5,3,2,3,3,3,3,9,8,7,6,5,Không
NV20260215,30,Nam,Độc thân,TP. Hồ Chí Minh,Hợp đồng xác định thời hạn,Cao đẳng,Kinh tế,Marketing,Chuyên viên nội dung,4,Thường xuyên,Có,27200000,6,3,2,5,5,2,5,3,5,1,12,9,4,7,7,Có
NV20260216,34,Nữ,Đã kết hôn,TP. Hồ Chí Minh,Toàn thời gian,Đại học,Nhân sự,Marketing,Chuyên viên marketing,4,Thường xuyên,Có,30400000,11,8,4,3,2,5,4,4,3,2,16,10,7,8,3,Không
NV20260217,20,Nam,Đã kết hôn,Hà Nội,Toàn thời gian,Cao đẳng,Nhân sự,Chăm sóc khách hàng,Nhân viên chăm sóc khách hàng,1,Không công tác,Không,12200000,17,3,4,1,4,4,1,4,6,1,0,0,0,0,0,Không
NV20260218,29,Nữ,Độc thân,Hà Nội,Toàn thời gian,Cao đẳng,Kỹ thuật,Nghiên cứu và Phát triển,Trưởng nhóm R&D,1,Không công tác,Không,12500000,13,15,5,2,3,2,4,3,2,5,1,1,1,1,1,Không
NV20260219,28,Nữ,Đã kết hôn,TP. Hồ Chí Minh,Toàn thời gian,Cao đẳng,Kinh tế,Công nghệ thông tin,Kỹ sư kiểm thử,1,Ít,Có,12000000,8,18,5,4,4,4,3,3,3,4,0,0,0,0,0,Không
NV20260220,30,Nữ,Đã kết hôn,Hà Nội,Hợp đồng xác định thời hạn,Đại học,Khác,Công nghệ thông tin,Trưởng nhóm kỹ thuật,1,Thường xuyên,Có,14800000,9,5,2,5,2,3,3,4,4,2,0,0,0,0,0,Có
NV20260221,34,Nam,Độc thân,Hà Nội,Toàn thời gian,Đại học,Tài chính,Kinh doanh,Quản lý kinh doanh,3,Ít,Không,22100000,8,4,4,4,4,4,4,3,2,2,7,6,2,3,4,Không
NV20260222,35,Nam,Đã kết hôn,Hà Nội,Hợp đồng xác định thời hạn,Thạc sĩ,Khác,Chăm sóc khách hàng,Nhân viên chăm sóc khách hàng,4,Không công tác,Không,30200000,4,6,5,3,2,4,2,5,5,3,13,10,6,2,9,Không
NV20260223,36,Nữ,Độc thân,Bình Dương,Hợp đồng xác định thời hạn,Đại học,Công nghệ thông tin,Marketing,Trưởng nhóm marketing,4,Không công tác,Không,29300000,12,9,5,5,2,3,4,4,4,2,13,8,5,5,4,Không
NV20260224,35,Nam,Ly hôn,Hà Nội,Hợp đồng xác định thời hạn,THPT,Công nghệ thông tin,Marketing,Chuyên viên marketing,3,Không công tác,Không,26800000,9,13,4,5,4,2,4,4,5,3,14,4,3,2,2,Không
NV20260225,22,Nữ,Độc thân,Hà Nội,Toàn thời gian,Đại học,Nhân sự,Tài chính - Kế toán,Trưởng nhóm tài chính,1,Ít,Có,11300000,10,30,3,5,1,4,3,3,0,2,0,0,0,0,0,Có
NV20260226,24,Nữ,Đã kết hôn,TP. Hồ Chí Minh,Toàn thời gian,Đại học,Công nghệ thông tin,Nhân sự,Chuyên viên nhân sự,1,Ít,Không,12300000,9,10,3,5,5,3,5,4,3,6,0,0,0,0,0,Có
NV20260227,33,Nữ,Đã kết hôn,Bình Dương,Toàn thời gian,Cao đẳng,Kinh tế,Marketing,Chuyên viên nội dung,4,Ít,Không,29100000,6,7,5,4,2,3,3,2,4,2,10,10,4,2,8,Không
NV20260228,20,Nam,Đã kết hôn,Bình Dương,Hợp đồng xác định thời hạn,Đại học,Kinh tế,Công nghệ thông tin,Lập trình viên,1,Ít,Không,14600000,12,4,3,3,4,4,2,3,2,1,1,0,0,0,0,Không
NV20260229,30,Nữ,Đã kết hôn,Hà Nội,Toàn thời gian,Đại học,Tài chính,Kinh doanh,Quản lý kinh doanh,1,Ít,Không,13100000,13,16,3,4,4,5,5,3,3,1,0,0,0,0,0,Có
NV20260230,32,Nữ,Đã kết hôn,Hải Phòng,Toàn thời gian,Đại học,Kinh tế,Tài chính - Kế toán,Kế toán viên,3,Không công tác,Có,25600000,5,14,4,1,2,4,4,3,2,3,12,5,4,2,4,Không
NV20260231,27,Nữ,Độc thân,TP. Hồ Chí Minh,Toàn thời gian,Cao đẳng,Marketing,Nhân sự,Trưởng nhóm nhân sự,3,Ít,Không,22800000,9,6,1,3,2,1,5,2,2,2,7,7,4,2,4,Không
NV20260232,31,Nam,Độc thân,Hà Nội,Toàn thời gian,Đại học,Công nghệ thông tin,Vận hành,Nhân viên vận hành,3,Ít,Có,23300000,10,15,2,1,3,2,3,5,2,1,10,5,2,3,3,Có
NV20260233,42,Nữ,Đã kết hôn,TP. Hồ Chí Minh,Toàn thời gian,Đại học,Tài chính,Công nghệ thông tin,Kỹ sư kiểm thử,1,Không công tác,Không,20200000,7,12,3,4,4,4,4,1,3,5,16,1,1,1,1,Không
NV20260234,26,Nữ,Độc thân,TP. Hồ Chí Minh,Thử việc,Đại học,Kỹ thuật,Vận hành,Nhân viên vận hành,3,Không công tác,Có,21000000,12,11,4,5,5,2,3,3,2,2,4,4,3,2,2,Có
NV20260235,31,Nam,Đã kết hôn,TP. Hồ Chí Minh,Thử việc,Thạc sĩ,Kinh tế,Công nghệ thông tin,Trưởng nhóm kỹ thuật,1,Ít,Không,16000000,9,11,3,5,5,4,2,4,1,3,7,1,1,1,1,Không
NV20260236,31,Nam,Độc thân,Bình Dương,Toàn thời gian,Cao đẳng,Công nghệ thông tin,Chăm sóc khách hàng,Trưởng nhóm chăm sóc khách hàng,3,Không công tác,Có,22100000,10,15,3,3,3,3,4,3,4,1,8,4,2,2,3,Không
NV20260237,32,Nam,Đã kết hôn,Hà Nội,Toàn thời gian,Đại học,Kinh tế,Nhân sự,Trưởng nhóm nhân sự,1,Không công tác,Không,11500000,7,3,4,5,4,4,5,4,1,1,1,1,1,1,1,Không
NV20260238,29,Nam,Đã kết hôn,TP. Hồ Chí Minh,Toàn thời gian,Đại học,Tài chính,Chăm sóc khách hàng,Nhân viên chăm sóc khách hàng,3,Không công tác,Không,21100000,14,9,4,2,3,4,4,3,5,2,5,5,2,3,3,Không
NV20260239,32,Nữ,Độc thân,Hà Nội,Toàn thời gian,THPT,Khác,Tài chính - Kế toán,Trưởng nhóm tài chính,3,Ít,Không,25500000,13,4,1,4,4,3,4,5,5,1,14,6,3,4,3,Không
NV20260240,26,Nữ,Độc thân,TP. Hồ Chí Minh,Toàn thời gian,Đại học,Công nghệ thông tin,Vận hành,Điều phối viên,2,Ít,Không,16300000,13,3,3,3,4,2,2,4,4,2,6,3,2,1,2,Không
NV20260241,28,Nữ,Độc thân,Hà Nội,Toàn thời gian,Đại học,Công nghệ thông tin,Marketing,Chuyên viên marketing,2,Ít,Không,20400000,14,4,3,4,4,3,5,3,1,1,10,3,2,2,2,Có
NV20260242,28,Nam,Đã kết hôn,Hà Nội,Toàn thời gian,Thạc sĩ,Khác,Marketing,Chuyên viên nội dung,3,Không công tác,Không,24000000,6,5,5,3,3,3,3,3,5,2,8,4,3,2,3,Không
NV20260243,24,Nam,Độc thân,Bình Dương,Toàn thời gian,Thạc sĩ,Công nghệ thông tin,Tài chính - Kế toán,Kế toán viên,2,Không công tác,Có,17600000,6,26,3,5,5,3,2,3,3,1,3,3,2,2,2,Không
NV20260244,21,Nam,Đã kết hôn,TP. Hồ Chí Minh,Toàn thời gian,Đại học,Tài chính,Vận hành,Điều phối viên,1,Không công tác,Không,12300000,6,3,3,2,3,3,4,3,1,3,0,0,0,0,0,Không
NV20260245,28,Nữ,Đã kết hôn,Bình Dương,Hợp đồng xác định thời hạn,THPT,Tài chính,Nghiên cứu và Phát triển,Chuyên viên R&D,1,Không công tác,Không,12100000,8,6,2,3,4,2,3,3,5,2,4,0,0,0,0,Có
NV20260246,37,Nam,Ly hôn,Đà Nẵng,Toàn thời gian,Đại học,Marketing,Marketing,Trưởng nhóm marketing,3,Không công tác,Không,23100000,7,6,4,2,4,3,2,5,2,6,9,4,3,2,3,Không
NV20260247,39,Nam,Đã kết hôn,Cần Thơ,Hợp đồng xác định thời hạn,Đại học,Tài chính,Công nghệ thông tin,Kỹ sư kiểm thử,3,Không công tác,Không,28600000,9,3,3,4,3,3,3,2,1,1,18,5,3,3,2,Không
NV20260248,25,Nữ,Độc thân,Cần Thơ,Toàn thời gian,Đại học,Tài chính,Marketing,Chuyên viên marketing,1,Không công tác,Không,12100000,11,11,5,5,4,4,3,5,2,2,0,0,0,0,0,Không
NV20260249,35,Nam,Đã kết hôn,Hà Nội,Toàn thời gian,Đại học,Công nghệ thông tin,Marketing,Chuyên viên nội dung,3,Ít,Không,27900000,12,25,4,3,2,3,3,3,2,1,14,6,3,4,4,Không
NV20260250,37,Nam,Độc thân,TP. Hồ Chí Minh,Hợp đồng xác định thời hạn,Đại học,Công nghệ thông tin,Nghiên cứu và Phát triển,Kỹ sư R&D,3,Không công tác,Không,24200000,10,5,5,5,3,3,2,4,3,3,9,4,2,2,4,Không
NV20260251,33,Nam,Đã kết hôn,TP. Hồ Chí Minh,Toàn thời gian,Đại học,Công nghệ thông tin,Kinh doanh,Trưởng nhóm kinh doanh,4,Không công tác,Không,29100000,18,9,3,3,5,3,2,4,1,1,12,11,7,6,4,Không
NV20260252,24,Nữ,Đã kết hôn,TP. Hồ Chí Minh,Toàn thời gian,Đại học,Kinh tế,Tài chính - Kế toán,Kế toán viên,1,Ít,Có,15300000,9,10,4,3,3,2,3,4,3,1,5,1,1,0,1,Không
NV20260253,34,Nữ,Độc thân,TP. Hồ Chí Minh,Toàn thời gian,Đại học,Kinh tế,Nhân sự,Trưởng nhóm nhân sự,4,Ít,Không,28000000,7,30,3,5,4,5,4,3,5,5,13,9,5,7,6,Có
NV20260254,33,Nam,Độc thân,Hải Phòng,Thử việc,Thạc sĩ,Nhân sự,Công nghệ thông tin,Kỹ sư kiểm thử,4,Không công tác,Không,27300000,7,5,4,4,2,2,2,3,5,1,8,8,3,6,6,Không
NV20260255,20,Nam,Đã kết hôn,Hà Nội,Toàn thời gian,Đại học,Công nghệ thông tin,Công nghệ thông tin,Trưởng nhóm kỹ thuật,1,Không công tác,Không,16800000,10,11,3,4,4,3,4,3,4,3,0,0,0,0,0,Có
NV20260256,34,Nữ,Độc thân,TP. Hồ Chí Minh,Toàn thời gian,Đại học,Kinh tế,Kinh doanh,Quản lý kinh doanh,4,Ít,Không,29300000,6,9,3,5,4,3,4,4,4,2,11,8,4,6,6,Không
NV20260257,28,Nữ,Đã kết hôn,TP. Hồ Chí Minh,Toàn thời gian,THPT,Marketing,Nhân sự,Trưởng nhóm nhân sự,3,Không công tác,Có,22100000,9,14,5,5,3,3,2,4,2,3,4,4,2,3,1,Có
NV20260258,20,Nam,Đã kết hôn,Hà Nội,Toàn thời gian,Đại học,Khác,Tài chính - Kế toán,Chuyên viên tài chính,1,Ít,Không,12600000,8,1,5,1,2,5,4,4,4,2,0,0,0,0,0,Có
NV20260259,25,Nam,Ly hôn,Hà Nội,Thử việc,Thạc sĩ,Kỹ thuật,Tài chính - Kế toán,Trưởng nhóm tài chính,2,Không công tác,Không,17200000,12,4,3,5,2,3,4,5,5,1,7,2,2,1,1,Có
NV20260260,34,Nữ,Đã kết hôn,Đà Nẵng,Toàn thời gian,Cao đẳng,Marketing,Kinh doanh,Trưởng nhóm kinh doanh,1,Không công tác,Không,14300000,7,11,4,3,3,4,4,4,5,1,9,0,0,0,0,Không
NV20260261,27,Nữ,Độc thân,Đà Nẵng,Thử việc,THPT,Kinh tế,Marketing,Chuyên viên nội dung,2,Không công tác,Không,17800000,13,6,2,3,1,4,5,3,2,4,2,2,1,1,1,Không
NV20260262,30,Nữ,Độc thân,TP. Hồ Chí Minh,Hợp đồng xác định thời hạn,Đại học,Công nghệ thông tin,Công nghệ thông tin,Trưởng nhóm kỹ thuật,4,Ít,Không,27500000,6,7,5,2,3,5,5,3,4,2,9,9,7,5,4,Không
NV20260263,35,Nam,Độc thân,Hà Nội,Toàn thời gian,Đại học,Công nghệ thông tin,Công nghệ thông tin,Kỹ sư dữ liệu,3,Ít,Không,24900000,9,7,3,4,4,4,1,2,2,2,10,6,5,1,2,Không
NV20260264,32,Nữ,Đã kết hôn,TP. Hồ Chí Minh,Toàn thời gian,Đại học,Tài chính,Marketing,Chuyên viên marketing,1,Ít,Có,18200000,8,11,2,3,3,4,4,2,4,3,14,1,1,0,1,Có
NV20260265,44,Nam,Đã kết hôn,Đà Nẵng,Toàn thời gian,Cao đẳng,Công nghệ thông tin,Công nghệ thông tin,Kỹ sư kiểm thử,5,Ít,Có,35800000,12,4,1,3,4,5,4,3,4,3,19,15,11,11,5,Không
NV20260266,25,Nam,Đã kết hôn,TP. Hồ Chí Minh,Toàn thời gian,Đại học,Công nghệ thông tin,Nhân sự,Trưởng nhóm nhân sự,2,Ít,Không,18900000,15,13,2,5,3,2,3,3,5,3,4,3,2,1,2,Không
NV20260267,20,Nam,Đã kết hôn,Hà Nội,Toàn thời gian,Cao đẳng,Nhân sự,Công nghệ thông tin,Kỹ sư dữ liệu,1,Ít,Không,10600000,8,7,3,1,2,1,4,3,2,3,0,0,0,0,0,Có
NV20260268,35,Nữ,Đã kết hôn,TP. Hồ Chí Minh,Toàn thời gian,Đại học,Tài chính,Chăm sóc khách hàng,Trưởng nhóm chăm sóc khách hàng,4,Không công tác,Không,28900000,4,14,3,5,5,3,3,4,3,3,16,9,5,2,6,Không
NV20260269,34,Nữ,Độc thân,Cần Thơ,Toàn thời gian,Thạc sĩ,Kỹ thuật,Marketing,Trưởng nhóm marketing,3,Ít,Không,25700000,15,12,2,4,4,2,3,4,6,2,13,4,3,2,2,Không
NV20260270,31,Nam,Độc thân,TP. Hồ Chí Minh,Thử việc,Đại học,Tài chính,Marketing,Trưởng nhóm marketing,3,Không công tác,Không,21600000,8,12,3,5,2,4,4,2,4,1,6,6,4,1,5,Có
NV20260271,31,Nữ,Đã kết hôn,TP. Hồ Chí Minh,Toàn thời gian,Đại học,Nhân sự,Kinh doanh,Nhân viên kinh doanh,2,Thường xuyên,Không,17600000,9,10,3,5,3,5,2,3,4,1,6,3,1,1,2,Không
NV20260272,34,Nữ,Độc thân,Hải Phòng,Toàn thời gian,Cao đẳng,Công nghệ thông tin,Công nghệ thông tin,Kỹ sư kiểm thử,2,Ít,Không,16900000,7,14,3,3,4,4,4,3,4,3,7,2,1,2,2,Không
NV20260273,29,Nam,Độc thân,TP. Hồ Chí Minh,Hợp đồng xác định thời hạn,Thạc sĩ,Tài chính,Công nghệ thông tin,Kỹ sư dữ liệu,1,Ít,Không,14400000,11,5,1,2,4,5,2,3,4,1,1,1,1,1,1,Không
NV20260274,34,Nam,Độc thân,TP. Hồ Chí Minh,Toàn thời gian,THPT,Marketing,Công nghệ thông tin,Trưởng nhóm kỹ thuật,1,Ít,Không,14700000,15,2,1,3,1,2,2,2,4,4,5,1,1,1,1,Không
NV20260275,36,Nữ,Đã kết hôn,Hà Nội,Toàn thời gian,Đại học,Công nghệ thông tin,Marketing,Trưởng nhóm marketing,3,Ít,Không,26700000,8,7,3,5,2,3,2,2,3,2,13,7,5,3,6,Không
NV20260276,20,Nam,Đã kết hôn,Cần Thơ,Toàn thời gian,Đại học,Khác,Công nghệ thông tin,Trưởng nhóm kỹ thuật,1,Không công tác,Không,14400000,7,21,2,1,2,4,4,3,3,0,2,0,0,0,0,Có
NV20260277,24,Nam,Độc thân,TP. Hồ Chí Minh,Thử việc,Thạc sĩ,Công nghệ thông tin,Nhân sự,Trưởng nhóm nhân sự,3,Không công tác,Không,23100000,12,18,4,4,2,4,3,2,4,2,6,4,3,2,2,Không
NV20260278,27,Nữ,Ly hôn,Hà Nội,Toàn thời gian,THPT,Kỹ thuật,Vận hành,Điều phối viên,2,Ít,Không,14300000,7,16,2,5,2,5,3,3,1,1,3,2,1,1,1,Không
NV20260279,33,Nam,Độc thân,Hà Nội,Toàn thời gian,Tiến sĩ,Kỹ thuật,Công nghệ thông tin,Trưởng nhóm kỹ thuật,4,Thường xuyên,Có,29700000,8,19,4,3,3,4,4,4,4,4,12,12,9,7,4,Không
NV20260280,32,Nam,Đã kết hôn,Hà Nội,Toàn thời gian,Cao đẳng,Công nghệ thông tin,Công nghệ thông tin,Lập trình viên,3,Ít,Không,25500000,14,10,3,2,5,3,5,4,3,0,14,6,3,2,3,Không
NV20260281,32,Nữ,Độc thân,Đà Nẵng,Thử việc,THPT,Công nghệ thông tin,Marketing,Chuyên viên nội dung,3,Không công tác,Không,23100000,10,3,3,1,4,3,5,3,3,6,9,4,2,3,2,Không
NV20260282,36,Nam,Độc thân,TP. Hồ Chí Minh,Toàn thời gian,Đại học,Tài chính,Công nghệ thông tin,Trưởng nhóm kỹ thuật,4,Thường xuyên,Có,29200000,13,10,4,5,2,5,2,4,2,1,10,8,3,2,5,Không
NV20260283,24,Nữ,Đã kết hôn,Hà Nội,Toàn thời gian,Cao đẳng,Kỹ thuật,Kinh doanh,Trưởng nhóm kinh doanh,1,Không công tác,Không,12700000,5,13,3,2,5,3,2,4,1,4,0,0,0,0,0,Không
NV20260284,30,Nữ,Đã kết hôn,Cần Thơ,Hợp đồng xác định thời hạn,Đại học,Khác,Marketing,Trưởng nhóm marketing,3,Ít,Không,25000000,8,8,3,4,5,4,3,3,2,2,12,7,4,5,6,Không
NV20260285,35,Nam,Độc thân,Đà Nẵng,Toàn thời gian,Đại học,Kỹ thuật,Công nghệ thông tin,Kỹ sư kiểm thử,3,Ít,Không,25600000,10,7,1,4,3,2,5,3,0,1,11,5,2,4,3,Có
NV20260286,23,Nam,Ly hôn,TP. Hồ Chí Minh,Toàn thời gian,Cao đẳng,Khác,Kinh doanh,Nhân viên kinh doanh,2,Ít,Không,17800000,12,16,3,4,5,4,4,3,3,1,5,3,1,1,2,Không
NV20260287,32,Nam,Độc thân,Hà Nội,Toàn thời gian,Đại học,Kinh tế,Marketing,Trưởng nhóm marketing,3,Không công tác,Không,23100000,12,9,3,1,4,3,4,2,4,3,9,5,3,4,4,Không
NV20260288,24,Nữ,Độc thân,Hà Nội,Hợp đồng xác định thời hạn,Đại học,Tài chính,Tài chính - Kế toán,Trưởng nhóm tài chính,3,Ít,Có,22000000,11,14,5,4,3,5,1,3,5,3,6,4,2,1,2,Không
NV20260289,20,Nam,Đã kết hôn,TP. Hồ Chí Minh,Toàn thời gian,Thạc sĩ,Kỹ thuật,Nhân sự,Chuyên viên nhân sự,1,Không công tác,Không,10900000,7,4,2,3,3,1,1,3,3,2,0,0,0,0,0,Không
NV20260290,37,Nữ,Độc thân,TP. Hồ Chí Minh,Hợp đồng xác định thời hạn,Cao đẳng,Khác,Công nghệ thông tin,Kỹ sư dữ liệu,2,Ít,Không,24000000,13,6,4,3,2,4,3,3,0,1,18,3,1,2,3,Không
NV20260291,46,Nữ,Độc thân,Hà Nội,Toàn thời gian,Thạc sĩ,Công nghệ thông tin,Tài chính - Kế toán,Kế toán viên,1,Không công tác,Không,21400000,11,22,2,4,4,4,5,2,2,2,22,1,1,0,1,Không
NV20260292,30,Nam,Độc thân,Hà Nội,Toàn thời gian,Đại học,Công nghệ thông tin,Marketing,Chuyên viên nội dung,2,Ít,Có,19700000,8,11,4,1,5,3,2,2,2,3,6,3,2,1,1,Có
NV20260293,24,Nữ,Đã kết hôn,Hà Nội,Toàn thời gian,Đại học,Kỹ thuật,Công nghệ thông tin,Lập trình viên,1,Không công tác,Có,13700000,12,9,5,2,3,3,5,3,5,2,0,0,0,0,0,Không
NV20260294,20,Nữ,Đã kết hôn,Hà Nội,Toàn thời gian,Cao đẳng,Tài chính,Marketing,Chuyên viên nội dung,1,Không công tác,Không,13300000,9,5,3,4,3,2,3,4,4,2,1,0,0,0,0,Không
NV20260295,35,Nam,Độc thân,Hà Nội,Thử việc,Đại học,Khác,Chăm sóc khách hàng,Trưởng nhóm chăm sóc khách hàng,2,Ít,Có,19600000,7,5,4,5,5,3,2,4,3,1,7,3,2,1,2,Có
NV20260296,27,Nam,Đã kết hôn,TP. Hồ Chí Minh,Toàn thời gian,Đại học,Kỹ thuật,Nhân sự,Trưởng nhóm nhân sự,1,Thường xuyên,Có,11100000,12,6,5,4,3,2,4,3,0,2,0,0,0,0,0,Không
NV20260297,34,Nam,Độc thân,Bình Dương,Toàn thời gian,THPT,Marketing,Công nghệ thông tin,Kỹ sư dữ liệu,3,Ít,Có,21000000,11,7,2,4,3,3,4,1,2,2,5,5,3,2,3,Không
NV20260298,26,Nữ,Độc thân,Hà Nội,Toàn thời gian,Đại học,Kỹ thuật,Kinh doanh,Trưởng nhóm kinh doanh,2,Không công tác,Có,19200000,6,3,2,3,4,2,4,3,3,2,8,2,1,1,1,Có
NV20260299,37,Nữ,Độc thân,Hải Phòng,Thử việc,Cao đẳng,Kinh tế,Nhân sự,Chuyên viên tuyển dụng,4,Thường xuyên,Không,30400000,7,15,2,4,4,4,3,3,4,2,14,11,7,8,9,Không
NV20260300,20,Nam,Độc thân,Hà Nội,Toàn thời gian,Đại học,Marketing,Marketing,Trưởng nhóm marketing,1,Không công tác,Không,13500000,15,2,4,4,2,3,5,2,4,4,0,0,0,0,0,Không
NV20260301,35,Nam,Độc thân,Hà Nội,Hợp đồng xác định thời hạn,Thạc sĩ,Nhân sự,Tài chính - Kế toán,Chuyên viên tài chính,1,Ít,Không,21000000,17,2,2,3,1,4,2,4,4,2,16,1,0,0,1,Không
NV20260302,35,Nữ,Độc thân,TP. Hồ Chí Minh,Hợp đồng xác định thời hạn,Đại học,Kinh tế,Nhân sự,Chuyên viên tuyển dụng,2,Không công tác,Không,19200000,7,11,5,3,4,5,5,2,4,0,11,2,1,1,1,Không
NV20260303,37,Nữ,Đã kết hôn,Cần Thơ,Toàn thời gian,Thạc sĩ,Công nghệ thông tin,Kinh doanh,Trưởng nhóm kinh doanh,3,Không công tác,Không,26500000,13,2,2,4,2,3,3,4,3,1,13,7,5,5,5,Không
NV20260304,39,Nam,Độc thân,Đà Nẵng,Toàn thời gian,Đại học,Công nghệ thông tin,Chăm sóc khách hàng,Trưởng nhóm chăm sóc khách hàng,3,Không công tác,Có,28200000,10,8,4,5,4,3,3,4,2,7,21,4,2,2,3,Không
NV20260305,20,Nam,Đã kết hôn,Đà Nẵng,Toàn thời gian,Cao đẳng,Tài chính,Kinh doanh,Trưởng nhóm kinh doanh,1,Không công tác,Không,11400000,15,9,1,5,4,2,4,2,2,1,0,0,0,0,0,Không
NV20260306,30,Nữ,Đã kết hôn,Hà Nội,Toàn thời gian,THPT,Khác,Công nghệ thông tin,Trưởng nhóm kỹ thuật,2,Ít,Không,20200000,7,10,3,2,2,3,4,3,4,5,8,2,1,2,2,Không
NV20260307,21,Nữ,Đã kết hôn,TP. Hồ Chí Minh,Toàn thời gian,Cao đẳng,Tài chính,Công nghệ thông tin,Kỹ sư kiểm thử,1,Ít,Không,14000000,14,12,2,3,4,2,3,2,4,1,3,1,1,0,0,Không
NV20260308,32,Nữ,Đã kết hôn,Hà Nội,Toàn thời gian,Cao đẳng,Khác,Kinh doanh,Trưởng nhóm kinh doanh,2,Không công tác,Có,20900000,6,3,4,1,4,2,4,3,2,5,14,3,2,2,2,Có
NV20260309,36,Nam,Độc thân,TP. Hồ Chí Minh,Toàn thời gian,Thạc sĩ,Công nghệ thông tin,Kinh doanh,Trưởng nhóm kinh doanh,3,Ít,Có,29200000,10,10,4,1,2,2,4,4,5,1,18,5,3,2,4,Có
NV20260310,32,Nam,Độc thân,Hà Nội,Toàn thời gian,Cao đẳng,Tài chính,Kinh doanh,Nhân viên kinh doanh,2,Ít,Không,19500000,5,13,4,3,3,2,4,3,3,0,14,2,1,1,1,Không
NV20260311,33,Nữ,Đã kết hôn,TP. Hồ Chí Minh,Toàn thời gian,Tiến sĩ,Kỹ thuật,Tài chính - Kế toán,Chuyên viên tài chính,3,Ít,Có,21300000,12,2,3,3,4,3,4,1,4,1,5,5,3,4,4,Không
NV20260312,33,Nam,Đã kết hôn,Hải Phòng,Toàn thời gian,Đại học,Công nghệ thông tin,Kinh doanh,Nhân viên kinh doanh,3,Ít,Không,25900000,11,9,3,5,1,3,3,3,4,4,14,4,2,2,3,Không
NV20260313,20,Nam,Đã kết hôn,TP. Hồ Chí Minh,Toàn thời gian,Đại học,Công nghệ thông tin,Chăm sóc khách hàng,Nhân viên chăm sóc khách hàng,1,Thường xuyên,Không,13300000,8,3,3,1,4,3,3,4,4,1,2,0,0,0,0,Không
NV20260314,29,Nữ,Ly hôn,Hải Phòng,Toàn thời gian,Đại học,Công nghệ thông tin,Kinh doanh,Trưởng nhóm kinh doanh,2,Ít,Không,19000000,14,7,2,3,5,1,3,4,4,0,7,3,1,1,1,Không
NV20260315,28,Nam,Đã kết hôn,Hà Nội,Toàn thời gian,Đại học,Kinh tế,Marketing,Trưởng nhóm marketing,2,Ít,Không,16200000,6,9,3,5,3,1,4,3,4,1,2,2,2,1,1,Không
NV20260316,32,Nữ,Độc thân,Đà Nẵng,Hợp đồng xác định thời hạn,Đại học,Công nghệ thông tin,Vận hành,Điều phối viên,2,Không công tác,Không,17700000,8,6,4,2,3,4,2,2,4,2,10,3,2,2,2,Không
NV20260317,23,Nam,Đã kết hôn,Hà Nội,Toàn thời gian,THPT,Khác,Vận hành,Trưởng nhóm vận hành,1,Không công tác,Không,11300000,12,8,1,3,2,4,4,3,1,3,0,0,0,0,0,Không
NV20260318,24,Nam,Đã kết hôn,Đà Nẵng,Hợp đồng xác định thời hạn,Đại học,Nhân sự,Kinh doanh,Quản lý kinh doanh,1,Ít,Không,14400000,3,7,2,4,3,5,3,2,1,0,0,0,0,0,0,Không
NV20260319,33,Nam,Độc thân,Hải Phòng,Toàn thời gian,Đại học,Công nghệ thông tin,Vận hành,Trưởng nhóm vận hành,1,Thường xuyên,Không,14900000,9,15,3,4,2,1,2,4,4,1,5,1,0,1,1,Có
NV20260320,30,Nam,Độc thân,TP. Hồ Chí Minh,Hợp đồng xác định thời hạn,Thạc sĩ,Kinh tế,Vận hành,Trưởng nhóm vận hành,2,Không công tác,Có,19700000,11,4,4,4,4,5,4,3,3,2,11,2,1,1,1,Không
NV20260321,36,Nam,Độc thân,TP. Hồ Chí Minh,Hợp đồng xác định thời hạn,Thạc sĩ,Marketing,Marketing,Trưởng nhóm marketing,3,Không công tác,Không,23800000,7,13,5,4,4,1,4,4,1,2,14,6,3,5,4,Không
NV20260322,23,Nam,Độc thân,Hải Phòng,Hợp đồng xác định thời hạn,Đại học,Công nghệ thông tin,Tài chính - Kế toán,Chuyên viên tài chính,1,Ít,Có,11400000,12,13,5,2,4,4,4,2,2,3,0,0,0,0,0,Không
NV20260323,36,Nữ,Độc thân,Hà Nội,Toàn thời gian,Đại học,Khác,Công nghệ thông tin,Lập trình viên,3,Không công tác,Không,24100000,6,4,4,4,4,4,5,2,1,4,14,5,2,3,2,Không
NV20260324,35,Nữ,Độc thân,TP. Hồ Chí Minh,Toàn thời gian,Cao đẳng,Kỹ thuật,Công nghệ thông tin,Lập trình viên,4,Ít,Có,26000000,8,1,5,3,4,3,4,2,3,2,8,8,6,4,3,Không
NV20260325,30,Nữ,Đã kết hôn,TP. Hồ Chí Minh,Toàn thời gian,Đại học,Công nghệ thông tin,Tài chính - Kế toán,Kế toán viên,3,Không công tác,Không,20400000,3,14,3,3,2,3,4,3,4,1,7,4,2,2,2,Không
NV20260326,30,Nữ,Độc thân,Cần Thơ,Toàn thời gian,Đại học,Nhân sự,Tài chính - Kế toán,Kế toán viên,4,Không công tác,Có,28000000,15,6,5,4,1,2,5,4,3,2,12,9,6,4,3,Không
NV20260327,23,Nữ,Đã kết hôn,Hà Nội,Toàn thời gian,Đại học,Công nghệ thông tin,Tài chính - Kế toán,Trưởng nhóm tài chính,1,Ít,Không,10600000,8,4,1,3,4,4,2,5,5,2,0,0,0,0,0,Không
NV20260328,29,Nữ,Đã kết hôn,TP. Hồ Chí Minh,Toàn thời gian,Đại học,Công nghệ thông tin,Tài chính - Kế toán,Kế toán viên,4,Thường xuyên,Không,26900000,6,10,3,2,4,4,3,4,5,1,11,9,4,3,4,Không
NV20260329,31,Nam,Ly hôn,TP. Hồ Chí Minh,Toàn thời gian,Thạc sĩ,Tài chính,Vận hành,Nhân viên vận hành,1,Không công tác,Không,14300000,13,13,4,3,2,3,3,3,3,3,4,1,1,1,1,Có
NV20260330,41,Nam,Độc thân,TP. Hồ Chí Minh,Toàn thời gian,Đại học,Công nghệ thông tin,Nhân sự,Chuyên viên nhân sự,2,Thường xuyên,Không,20200000,6,11,2,1,5,3,1,2,3,3,7,2,1,1,2,Không
NV20260331,36,Nam,Đã kết hôn,TP. Hồ Chí Minh,Thử việc,Cao đẳng,Tài chính,Kinh doanh,Trưởng nhóm kinh doanh,2,Không công tác,Không,18300000,13,1,4,4,3,2,3,3,3,3,8,3,2,1,1,Có
NV20260332,30,Nữ,Độc thân,Bình Dương,Hợp đồng xác định thời hạn,Cao đẳng,Tài chính,Marketing,Chuyên viên marketing,2,Ít,Không,15400000,7,18,5,2,3,5,3,4,1,2,2,2,2,2,2,Có
NV20260333,28,Nam,Độc thân,TP. Hồ Chí Minh,Toàn thời gian,Đại học,Kỹ thuật,Nhân sự,Chuyên viên tuyển dụng,2,Ít,Không,19100000,11,17,2,5,4,4,4,3,2,0,3,3,2,2,3,Không
NV20260334,40,Nam,Đã kết hôn,Hà Nội,Toàn thời gian,Cao đẳng,Công nghệ thông tin,Kinh doanh,Quản lý kinh doanh,4,Không công tác,Có,30500000,9,12,3,3,4,4,5,4,4,3,15,8,4,4,3,Không
NV20260335,44,Nữ,Đã kết hôn,Hà Nội,Toàn thời gian,Đại học,Kinh tế,Tài chính - Kế toán,Chuyên viên tài chính,1,Thường xuyên,Có,20700000,12,3,3,2,5,2,3,4,4,0,22,1,1,1,1,Có
NV20260336,29,Nam,Độc thân,Hà Nội,Toàn thời gian,Đại học,Marketing,Kinh doanh,Nhân viên kinh doanh,2,Ít,Có,19300000,11,6,3,1,4,4,5,4,3,4,3,3,2,1,2,Không
NV20260337,41,Nam,Đã kết hôn,Hà Nội,Toàn thời gian,Đại học,Tài chính,Nhân sự,Chuyên viên nhân sự,1,Không công tác,Không,21700000,10,7,3,3,3,5,3,2,2,0,18,1,1,1,1,Có
NV20260338,33,Nữ,Đã kết hôn,Đà Nẵng,Hợp đồng xác định thời hạn,Đại học,Kỹ thuật,Công nghệ thông tin,Kỹ sư kiểm thử,3,Ít,Không,27200000,13,11,2,4,4,4,2,2,5,2,15,5,3,1,2,Không
NV20260339,32,Nữ,Ly hôn,Đà Nẵng,Toàn thời gian,Đại học,Công nghệ thông tin,Công nghệ thông tin,Trưởng nhóm kỹ thuật,1,Không công tác,Không,9700000,8,10,4,3,2,3,4,3,2,2,0,0,0,0,0,Không
NV20260340,20,Nam,Đã kết hôn,Đà Nẵng,Toàn thời gian,Thạc sĩ,Công nghệ thông tin,Tài chính - Kế toán,Chuyên viên tài chính,1,Không công tác,Không,13500000,11,1,2,2,3,5,3,3,1,3,2,0,0,0,0,Không
NV20260341,44,Nam,Độc thân,Đà Nẵng,Toàn thời gian,Thạc sĩ,Kỹ thuật,Vận hành,Trưởng nhóm vận hành,4,Không công tác,Không,32500000,5,9,4,5,3,3,2,3,5,4,18,10,4,4,7,Không
NV20260342,27,Nam,Độc thân,Hà Nội,Hợp đồng xác định thời hạn,Đại học,Tài chính,Chăm sóc khách hàng,Trưởng nhóm chăm sóc khách hàng,2,Không công tác,Có,19700000,13,2,3,5,4,2,4,3,4,1,9,3,1,2,3,Không
NV20260343,20,Nam,Độc thân,Hà Nội,Hợp đồng xác định thời hạn,THPT,Nhân sự,Công nghệ thông tin,Kỹ sư dữ liệu,1,Thường xuyên,Có,9800000,10,6,5,2,5,3,4,3,2,3,0,0,0,0,0,Có
NV20260344,40,Nam,Đã kết hôn,TP. Hồ Chí Minh,Hợp đồng xác định thời hạn,Đại học,Khác,Chăm sóc khách hàng,Nhân viên chăm sóc khách hàng,3,Thường xuyên,Không,29200000,9,5,4,3,3,4,1,2,2,5,22,6,3,1,2,Không
NV20260345,46,Nữ,Độc thân,TP. Hồ Chí Minh,Toàn thời gian,Đại học,Công nghệ thông tin,Marketing,Chuyên viên nội dung,3,Ít,Không,27200000,14,10,4,4,3,5,4,3,2,1,25,4,2,3,2,Không
NV20260346,37,Nam,Đã kết hôn,Hải Phòng,Toàn thời gian,Đại học,Khác,Chăm sóc khách hàng,Trưởng nhóm chăm sóc khách hàng,3,Ít,Không,24000000,12,11,2,3,2,4,3,4,1,1,12,7,3,2,4,Không
NV20260347,36,Nữ,Ly hôn,TP. Hồ Chí Minh,Hợp đồng xác định thời hạn,THPT,Kỹ thuật,Vận hành,Nhân viên vận hành,3,Ít,Có,24100000,11,2,4,5,5,4,4,3,4,0,14,5,2,4,3,Không
NV20260348,29,Nam,Độc thân,Hà Nội,Hợp đồng xác định thời hạn,Đại học,Khác,Kinh doanh,Nhân viên kinh doanh,3,Ít,Không,23700000,12,12,4,5,4,4,3,4,3,0,6,6,4,3,3,Không
NV20260349,41,Nam,Đã kết hôn,Hà Nội,Hợp đồng xác định thời hạn,Cao đẳng,Tài chính,Kinh doanh,Quản lý kinh doanh,4,Không công tác,Có,33800000,10,7,3,2,3,3,4,3,3,3,17,8,5,3,4,Có
NV20260350,34,Nam,Độc thân,TP. Hồ Chí Minh,Hợp đồng xác định thời hạn,Đại học,Marketing,Tài chính - Kế toán,Kế toán viên,1,Không công tác,Không,18200000,11,15,2,4,3,4,1,3,5,2,12,1,1,1,0,Không
NV20260351,20,Nữ,Ly hôn,Hà Nội,Toàn thời gian,Đại học,Nhân sự,Kinh doanh,Trưởng nhóm kinh doanh,1,Không công tác,Không,11900000,15,7,3,3,4,3,4,4,4,1,0,0,0,0,0,Không
NV20260352,22,Nữ,Đã kết hôn,Bình Dương,Hợp đồng xác định thời hạn,Cao đẳng,Kinh tế,Chăm sóc khách hàng,Nhân viên chăm sóc khách hàng,1,Ít,Không,13300000,11,10,4,3,4,3,4,5,5,4,1,1,1,0,1,Không
NV20260353,25,Nữ,Độc thân,TP. Hồ Chí Minh,Toàn thời gian,Đại học,Công nghệ thông tin,Kinh doanh,Nhân viên kinh doanh,1,Ít,Có,8300000,14,9,5,4,3,1,3,2,1,1,0,0,0,0,0,Không
NV20260354,31,Nữ,Đã kết hôn,Hà Nội,Toàn thời gian,Đại học,Marketing,Tài chính - Kế toán,Trưởng nhóm tài chính,4,Không công tác,Không,30900000,16,15,5,5,5,3,3,2,2,1,13,10,4,5,6,Không
NV20260355,24,Nam,Đã kết hôn,Đà Nẵng,Toàn thời gian,Thạc sĩ,Khác,Công nghệ thông tin,Kỹ sư kiểm thử,3,Thường xuyên,Có,24400000,8,9,3,2,3,3,1,5,1,0,6,4,2,1,2,Không
NV20260356,37,Nam,Đã kết hôn,Hải Phòng,Toàn thời gian,Đại học,Nhân sự,Marketing,Chuyên viên nội dung,1,Thường xuyên,Có,16800000,10,2,4,3,4,5,4,4,3,1,7,1,0,1,1,Không
NV20260357,27,Nữ,Đã kết hôn,TP. Hồ Chí Minh,Toàn thời gian,Tiến sĩ,Công nghệ thông tin,Công nghệ thông tin,Lập trình viên,3,Không công tác,Không,22300000,6,4,4,2,2,3,4,3,4,1,9,6,4,5,3,Không
NV20260358,42,Nữ,Đã kết hôn,Bình Dương,Hợp đồng xác định thời hạn,Thạc sĩ,Kinh tế,Kinh doanh,Trưởng nhóm kinh doanh,3,Không công tác,Có,29100000,9,16,4,2,1,3,3,3,1,7,19,5,4,2,4,Không
NV20260359,20,Nữ,Độc thân,Hà Nội,Hợp đồng xác định thời hạn,THPT,Công nghệ thông tin,Marketing,Trưởng nhóm marketing,1,Không công tác,Không,11600000,9,3,3,2,3,3,4,3,2,2,0,0,0,0,0,Không
NV20260360,36,Nam,Đã kết hôn,TP. Hồ Chí Minh,Hợp đồng xác định thời hạn,Thạc sĩ,Kinh tế,Tài chính - Kế toán,Chuyên viên tài chính,2,Ít,Không,19900000,13,8,3,5,3,5,5,2,3,1,12,3,2,1,2,Không
NV20260361,20,Nam,Đã kết hôn,Bình Dương,Toàn thời gian,Thạc sĩ,Kỹ thuật,Công nghệ thông tin,Kỹ sư dữ liệu,1,Thường xuyên,Có,11100000,12,6,3,2,3,5,3,4,5,5,0,0,0,0,0,Không
NV20260362,34,Nữ,Độc thân,Hà Nội,Toàn thời gian,Đại học,Công nghệ thông tin,Marketing,Chuyên viên marketing,3,Ít,Có,24100000,12,8,5,1,3,5,5,3,3,4,10,4,2,1,2,Có
NV20260363,34,Nam,Đã kết hôn,Đà Nẵng,Toàn thời gian,Đại học,Kỹ thuật,Công nghệ thông tin,Kỹ sư kiểm thử,3,Ít,Có,27600000,13,16,1,4,4,5,4,3,4,2,14,7,5,3,6,Không
NV20260364,20,Nam,Đã kết hôn,Bình Dương,Hợp đồng xác định thời hạn,Thạc sĩ,Công nghệ thông tin,Công nghệ thông tin,Kỹ sư dữ liệu,1,Không công tác,Có,13600000,9,1,2,5,3,2,3,3,5,3,0,0,0,0,0,Có
NV20260365,28,Nam,Đã kết hôn,Bình Dương,Toàn thời gian,Đại học,Khác,Tài chính - Kế toán,Chuyên viên tài chính,2,Không công tác,Không,22400000,12,9,2,5,5,4,3,3,4,1,10,3,1,2,1,Có
NV20260366,24,Nữ,Độc thân,TP. Hồ Chí Minh,Hợp đồng xác định thời hạn,Đại học,Nhân sự,Công nghệ thông tin,Kỹ sư kiểm thử,2,Ít,Không,17400000,9,7,3,2,3,3,2,4,3,1,3,3,2,2,1,Có
NV20260367,30,Nữ,Đã kết hôn,Hà Nội,Hợp đồng xác định thời hạn,Đại học,Khác,Chăm sóc khách hàng,Nhân viên chăm sóc khách hàng,4,Không công tác,Không,31400000,4,29,4,4,4,5,4,4,3,3,10,10,4,5,7,Không
NV20260368,26,Nam,Độc thân,Hà Nội,Hợp đồng xác định thời hạn,Đại học,Công nghệ thông tin,Tài chính - Kế toán,Trưởng nhóm tài chính,2,Không công tác,Không,17400000,6,6,3,3,4,3,4,3,4,0,2,2,1,1,1,Không
NV20260369,24,Nam,Đã kết hôn,TP. Hồ Chí Minh,Toàn thời gian,Cao đẳng,Marketing,Nhân sự,Trưởng nhóm nhân sự,1,Thường xuyên,Không,9800000,10,1,4,5,3,3,5,1,0,6,0,0,0,0,0,Không
NV20260370,26,Nam,Đã kết hôn,TP. Hồ Chí Minh,Hợp đồng xác định thời hạn,Đại học,Tài chính,Nghiên cứu và Phát triển,Trưởng nhóm R&D,2,Không công tác,Có,16900000,3,16,3,3,1,4,1,3,4,3,8,3,1,2,1,Không
NV20260371,35,Nữ,Ly hôn,Cần Thơ,Toàn thời gian,Thạc sĩ,Khác,Marketing,Trưởng nhóm marketing,3,Ít,Không,27400000,9,6,4,4,1,3,4,3,6,3,17,5,3,4,3,Có
NV20260372,20,Nam,Ly hôn,TP. Hồ Chí Minh,Toàn thời gian,Thạc sĩ,Kinh tế,Nghiên cứu và Phát triển,Kỹ sư R&D,1,Ít,Không,14300000,7,9,4,4,3,5,3,3,5,1,0,0,0,0,0,Không
NV20260373,28,Nam,Đã kết hôn,Hà Nội,Toàn thời gian,Thạc sĩ,Công nghệ thông tin,Công nghệ thông tin,Kỹ sư dữ liệu,1,Ít,Không,14600000,8,7,5,3,3,4,5,5,1,0,8,1,1,1,0,Không
NV20260374,28,Nữ,Độc thân,Hà Nội,Toàn thời gian,Đại học,Kỹ thuật,Kinh doanh,Nhân viên kinh doanh,1,Không công tác,Không,13300000,11,8,4,3,2,3,3,4,5,1,4,1,0,0,0,Không
NV20260375,33,Nữ,Độc thân,TP. Hồ Chí Minh,Toàn thời gian,Thạc sĩ,Công nghệ thông tin,Kinh doanh,Nhân viên kinh doanh,2,Không công tác,Không,15800000,4,16,3,2,2,4,4,3,3,1,3,3,1,2,2,Không
NV20260376,20,Nữ,Đã kết hôn,Hà Nội,Toàn thời gian,Cao đẳng,Tài chính,Nhân sự,Chuyên viên nhân sự,1,Ít,Không,11200000,12,2,1,4,4,4,1,2,2,2,0,0,0,0,0,Không
NV20260377,31,Nữ,Đã kết hôn,TP. Hồ Chí Minh,Toàn thời gian,Thạc sĩ,Marketing,Kinh doanh,Nhân viên kinh doanh,3,Không công tác,Không,25300000,4,9,5,5,3,3,4,4,1,5,11,7,5,4,5,Có
NV20260378,41,Nam,Ly hôn,Hải Phòng,Toàn thời gian,Cao đẳng,Công nghệ thông tin,Nhân sự,Chuyên viên nhân sự,3,Ít,Không,26300000,12,15,3,4,2,4,5,3,3,3,19,5,2,2,2,Không
NV20260379,36,Nam,Đã kết hôn,TP. Hồ Chí Minh,Toàn thời gian,Đại học,Công nghệ thông tin,Marketing,Chuyên viên nội dung,3,Thường xuyên,Có,23800000,9,17,4,2,5,4,1,2,5,2,12,7,4,2,3,Không
NV20260380,38,Nam,Đã kết hôn,Bình Dương,Thử việc,Đại học,Công nghệ thông tin,Công nghệ thông tin,Lập trình viên,3,Ít,Không,25500000,9,15,4,4,4,5,4,4,2,4,11,5,4,4,3,Không
NV20260381,28,Nữ,Độc thân,TP. Hồ Chí Minh,Hợp đồng xác định thời hạn,Đại học,Kỹ thuật,Nghiên cứu và Phát triển,Kỹ sư R&D,1,Ít,Không,13200000,7,4,3,4,4,4,4,2,2,2,0,0,0,0,0,Không
NV20260382,28,Nam,Đã kết hôn,Đà Nẵng,Toàn thời gian,Thạc sĩ,Kỹ thuật,Chăm sóc khách hàng,Trưởng nhóm chăm sóc khách hàng,2,Không công tác,Không,20600000,14,6,1,2,3,2,3,3,2,2,5,2,1,1,1,Không
NV20260383,36,Nữ,Độc thân,Hải Phòng,Toàn thời gian,Đại học,Khác,Kinh doanh,Quản lý kinh doanh,2,Không công tác,Có,20300000,12,5,3,1,3,5,5,2,3,1,5,3,2,1,2,Không
NV20260384,32,Nữ,Đã kết hôn,TP. Hồ Chí Minh,Thử việc,Đại học,Kinh tế,Kinh doanh,Nhân viên kinh doanh,2,Ít,Không,21700000,12,10,4,3,5,5,4,2,2,1,14,2,2,1,1,Không
NV20260385,32,Nam,Độc thân,Hà Nội,Toàn thời gian,Cao đẳng,Công nghệ thông tin,Marketing,Chuyên viên marketing,3,Thường xuyên,Không,24100000,9,4,2,3,2,5,2,3,3,1,11,4,2,3,3,Có
NV20260386,36,Nữ,Độc thân,Hà Nội,Toàn thời gian,Đại học,Kỹ thuật,Công nghệ thông tin,Kỹ sư kiểm thử,3,Ít,Không,25100000,9,6,2,2,4,4,1,3,2,1,12,5,3,3,2,Không
NV20260387,26,Nam,Đã kết hôn,TP. Hồ Chí Minh,Toàn thời gian,Đại học,Tài chính,Tài chính - Kế toán,Kế toán viên,3,Không công tác,Không,19500000,13,6,2,1,4,3,3,3,3,4,5,5,3,3,4,Không
NV20260388,45,Nam,Độc thân,Hà Nội,Toàn thời gian,THPT,Marketing,Vận hành,Trưởng nhóm vận hành,3,Không công tác,Không,28500000,12,18,4,4,1,5,4,2,4,0,18,7,4,2,4,Không
NV20260389,22,Nam,Đã kết hôn,Bình Dương,Hợp đồng xác định thời hạn,THPT,Công nghệ thông tin,Vận hành,Điều phối viên,2,Ít,Không,17300000,14,14,4,3,5,4,5,2,4,2,4,2,1,1,2,Có
NV20260390,29,Nữ,Độc thân,TP. Hồ Chí Minh,Toàn thời gian,Đại học,Công nghệ thông tin,Nghiên cứu và Phát triển,Kỹ sư R&D,3,Thường xuyên,Có,22700000,9,14,5,2,3,2,3,3,5,0,11,5,4,4,4,Có
NV20260391,27,Nam,Đã kết hôn,Hà Nội,Toàn thời gian,Đại học,Công nghệ thông tin,Vận hành,Điều phối viên,3,Ít,Có,18400000,16,1,4,2,4,4,1,4,2,1,4,4,2,2,1,Không
NV20260392,32,Nữ,Độc thân,Hà Nội,Hợp đồng xác định thời hạn,Thạc sĩ,Công nghệ thông tin,Vận hành,Trưởng nhóm vận hành,3,Ít,Không,25400000,12,6,4,5,3,4,2,4,3,1,12,5,3,2,2,Không
NV20260393,22,Nữ,Độc thân,Hải Phòng,Thử việc,Đại học,Công nghệ thông tin,Kinh doanh,Trưởng nhóm kinh doanh,2,Ít,Có,18200000,13,12,5,2,2,1,5,3,4,1,3,2,2,1,2,Có
NV20260394,33,Nam,Độc thân,Hà Nội,Toàn thời gian,Cao đẳng,Công nghệ thông tin,Kinh doanh,Quản lý kinh doanh,3,Không công tác,Không,23100000,8,1,5,5,4,3,3,4,2,1,10,7,3,4,6,Không
NV20260395,44,Nữ,Đã kết hôn,Hà Nội,Hợp đồng xác định thời hạn,Thạc sĩ,Công nghệ thông tin,Công nghệ thông tin,Trưởng nhóm kỹ thuật,4,Không công tác,Không,35300000,7,1,3,4,4,1,4,2,4,4,26,10,6,3,4,Không
NV20260396,36,Nữ,Độc thân,TP. Hồ Chí Minh,Toàn thời gian,Cao đẳng,Tài chính,Chăm sóc khách hàng,Trưởng nhóm chăm sóc khách hàng,1,Không công tác,Có,15100000,3,5,3,3,3,3,4,1,2,1,8,1,1,1,1,Có
NV20260397,20,Nam,Độc thân,Hà Nội,Toàn thời gian,Đại học,Tài chính,Công nghệ thông tin,Kỹ sư dữ liệu,1,Ít,Không,11300000,11,15,5,3,2,4,3,3,3,2,0,0,0,0,0,Không
NV20260398,20,Nam,Đã kết hôn,TP. Hồ Chí Minh,Toàn thời gian,Cao đẳng,Marketing,Công nghệ thông tin,Kỹ sư kiểm thử,1,Ít,Không,9800000,10,4,3,4,5,5,2,3,0,0,0,0,0,0,0,Không
NV20260399,30,Nam,Đã kết hôn,TP. Hồ Chí Minh,Toàn thời gian,Đại học,Marketing,Vận hành,Nhân viên vận hành,2,Không công tác,Không,15400000,8,10,2,4,5,2,5,3,4,2,6,3,1,2,3,Có
NV20260400,24,Nữ,Độc thân,TP. Hồ Chí Minh,Hợp đồng xác định thời hạn,Đại học,Kinh tế,Chăm sóc khách hàng,Trưởng nhóm chăm sóc khách hàng,1,Không công tác,Không,14600000,7,8,4,4,3,3,3,3,3,1,0,0,0,0,0,Không
NV20260401,23,Nữ,Độc thân,Hải Phòng,Hợp đồng xác định thời hạn,Cao đẳng,Kinh tế,Marketing,Chuyên viên nội dung,1,Không công tác,Không,13300000,9,8,3,2,2,3,1,4,1,2,0,0,0,0,0,Có
NV20260402,34,Nam,Độc thân,Hà Nội,Toàn thời gian,Đại học,Công nghệ thông tin,Vận hành,Nhân viên vận hành,3,Không công tác,Không,22200000,7,3,4,4,1,3,2,3,3,1,6,4,2,2,2,Không
NV20260403,32,Nữ,Độc thân,Cần Thơ,Toàn thời gian,Thạc sĩ,Kỹ thuật,Marketing,Chuyên viên marketing,3,Ít,Không,18900000,5,2,1,5,3,3,2,2,4,1,5,5,4,4,2,Không
NV20260404,43,Nữ,Độc thân,TP. Hồ Chí Minh,Hợp đồng xác định thời hạn,Thạc sĩ,Công nghệ thông tin,Công nghệ thông tin,Trưởng nhóm kỹ thuật,4,Thường xuyên,Có,30200000,15,14,4,4,4,1,4,3,4,4,13,10,7,3,5,Không
NV20260405,30,Nam,Đã kết hôn,Hải Phòng,Toàn thời gian,Đại học,Công nghệ thông tin,Công nghệ thông tin,Lập trình viên,1,Không công tác,Không,13000000,14,5,3,4,4,4,3,3,3,1,0,0,0,0,0,Không
NV20260406,20,Nữ,Đã kết hôn,Hà Nội,Toàn thời gian,Thạc sĩ,Công nghệ thông tin,Tài chính - Kế toán,Chuyên viên tài chính,1,Ít,Không,14600000,9,8,3,5,4,4,4,4,1,2,0,0,0,0,0,Không
NV20260407,25,Nam,Đã kết hôn,Hà Nội,Toàn thời gian,Cao đẳng,Kinh tế,Công nghệ thông tin,Kỹ sư kiểm thử,1,Không công tác,Không,11800000,5,6,3,2,5,5,3,2,4,2,0,0,0,0,0,Không
NV20260408,30,Nam,Đã kết hôn,Hà Nội,Toàn thời gian,Đại học,Công nghệ thông tin,Chăm sóc khách hàng,Nhân viên chăm sóc khách hàng,2,Không công tác,Có,18400000,13,3,2,4,2,1,4,2,2,2,8,2,1,1,1,Có
NV20260409,33,Nữ,Đã kết hôn,Hải Phòng,Toàn thời gian,Đại học,Tài chính,Công nghệ thông tin,Kỹ sư dữ liệu,2,Thường xuyên,Không,17500000,8,37,2,5,2,5,3,2,0,1,3,3,2,2,2,Không
NV20260410,20,Nam,Độc thân,Cần Thơ,Toàn thời gian,Cao đẳng,Khác,Nhân sự,Trưởng nhóm nhân sự,1,Thường xuyên,Không,12300000,13,14,3,4,3,2,3,2,5,1,1,0,0,0,0,Không
NV20260411,35,Nữ,Đã kết hôn,Hà Nội,Toàn thời gian,Đại học,Nhân sự,Vận hành,Trưởng nhóm vận hành,2,Không công tác,Có,18000000,5,7,2,3,3,4,3,2,3,4,10,2,1,1,1,Có
NV20260412,33,Nam,Độc thân,Đà Nẵng,Toàn thời gian,Cao đẳng,Nhân sự,Marketing,Chuyên viên nội dung,3,Ít,Có,19700000,13,3,4,5,5,4,5,1,1,2,5,5,4,4,4,Có
NV20260413,28,Nữ,Đã kết hôn,Hà Nội,Toàn thời gian,Đại học,Nhân sự,Nghiên cứu và Phát triển,Trưởng nhóm R&D,1,Không công tác,Không,12800000,9,7,4,5,4,4,2,4,3,0,3,1,1,1,1,Không
NV20260414,27,Nam,Độc thân,TP. Hồ Chí Minh,Toàn thời gian,Đại học,Kỹ thuật,Nhân sự,Chuyên viên tuyển dụng,1,Không công tác,Có,14800000,5,2,5,3,5,4,3,2,4,2,0,0,0,0,0,Có
NV20260415,31,Nữ,Độc thân,TP. Hồ Chí Minh,Toàn thời gian,Thạc sĩ,Tài chính,Kinh doanh,Quản lý kinh doanh,3,Không công tác,Không,21700000,8,1,4,1,2,2,5,2,1,1,4,4,3,3,3,Không
NV20260416,42,Nữ,Độc thân,Hà Nội,Hợp đồng xác định thời hạn,Đại học,Kinh tế,Vận hành,Điều phối viên,2,Không công tác,Không,22300000,6,4,1,3,1,5,3,2,4,0,14,2,1,1,1,Không
NV20260417,24,Nữ,Đã kết hôn,Hà Nội,Hợp đồng xác định thời hạn,Đại học,Kỹ thuật,Công nghệ thông tin,Kỹ sư dữ liệu,1,Ít,Không,12500000,5,12,3,4,4,5,4,3,5,2,0,0,0,0,0,Có
NV20260418,28,Nam,Độc thân,Hải Phòng,Toàn thời gian,Thạc sĩ,Công nghệ thông tin,Công nghệ thông tin,Kỹ sư dữ liệu,2,Không công tác,Không,21200000,9,9,4,2,2,3,3,2,4,2,10,3,2,1,1,Không
NV20260419,32,Nam,Độc thân,TP. Hồ Chí Minh,Toàn thời gian,Thạc sĩ,Kinh tế,Marketing,Chuyên viên marketing,3,Ít,Có,26800000,11,6,4,3,5,1,3,4,4,4,11,4,2,2,1,Không
NV20260420,36,Nữ,Độc thân,Cần Thơ,Toàn thời gian,Đại học,Khác,Công nghệ thông tin,Trưởng nhóm kỹ thuật,4,Không công tác,Không,31200000,4,7,4,2,5,3,2,4,2,6,9,9,7,4,5,Không
NV20260421,39,Nam,Đã kết hôn,Đà Nẵng,Toàn thời gian,Đại học,Nhân sự,Công nghệ thông tin,Kỹ sư dữ liệu,3,Không công tác,Không,23000000,10,3,2,4,5,4,4,4,2,1,10,4,3,1,2,Không
NV20260422,32,Nữ,Độc thân,Hà Nội,Thử việc,Đại học,Tài chính,Kinh doanh,Nhân viên kinh doanh,2,Ít,Không,20900000,10,3,1,4,4,4,3,4,4,2,10,3,2,2,2,Không
NV20260423,28,Nam,Đã kết hôn,Đà Nẵng,Toàn thời gian,Đại học,Khác,Nhân sự,Chuyên viên nhân sự,1,Thường xuyên,Không,9700000,11,11,4,4,3,3,3,4,4,2,0,0,0,0,0,Không
NV20260424,35,Nam,Đã kết hôn,Bình Dương,Toàn thời gian,Đại học,Công nghệ thông tin,Chăm sóc khách hàng,Nhân viên chăm sóc khách hàng,4,Không công tác,Không,26600000,12,20,1,3,3,2,3,2,3,3,9,9,7,6,4,Không
NV20260425,32,Nữ,Độc thân,Bình Dương,Hợp đồng xác định thời hạn,Cao đẳng,Nhân sự,Công nghệ thông tin,Lập trình viên,1,Không công tác,Có,18500000,10,17,3,4,5,4,3,2,2,2,11,1,1,0,1,Không
NV20260426,32,Nam,Độc thân,TP. Hồ Chí Minh,Toàn thời gian,Cao đẳng,Marketing,Vận hành,Điều phối viên,2,Ít,Có,16500000,11,7,3,5,3,3,4,2,2,1,6,2,1,1,2,Không
NV20260427,36,Nữ,Đã kết hôn,Bình Dương,Toàn thời gian,Cao đẳng,Nhân sự,Công nghệ thông tin,Lập trình viên,3,Ít,Có,23500000,9,6,4,3,5,4,3,4,3,3,11,4,2,2,1,Không
NV20260428,28,Nữ,Độc thân,Hà Nội,Toàn thời gian,Cao đẳng,Công nghệ thông tin,Kinh doanh,Quản lý kinh doanh,1,Ít,Có,10500000,9,7,3,2,2,2,3,4,4,1,0,0,0,0,0,Có
NV20260429,34,Nữ,Đã kết hôn,Đà Nẵng,Hợp đồng xác định thời hạn,Đại học,Công nghệ thông tin,Nhân sự,Chuyên viên nhân sự,4,Ít,Có,31200000,8,7,5,3,3,2,5,3,2,5,16,9,7,6,4,Không
NV20260430,34,Nữ,Độc thân,Đà Nẵng,Toàn thời gian,Cao đẳng,Khác,Kinh doanh,Trưởng nhóm kinh doanh,4,Không công tác,Không,28900000,10,7,4,1,2,4,1,3,3,1,14,11,6,4,9,Không
NV20260431,25,Nam,Đã kết hôn,Hà Nội,Toàn thời gian,THPT,Công nghệ thông tin,Nghiên cứu và Phát triển,Kỹ sư R&D,3,Không công tác,Có,20600000,11,7,3,2,4,4,3,3,4,2,5,5,4,4,4,Có
NV20260432,26,Nữ,Đã kết hôn,Hà Nội,Toàn thời gian,Cao đẳng,Công nghệ thông tin,Chăm sóc khách hàng,Nhân viên chăm sóc khách hàng,1,Ít,Không,11700000,8,5,4,4,2,5,4,4,1,3,0,0,0,0,0,Không
NV20260433,28,Nam,Đã kết hôn,Bình Dương,Toàn thời gian,Đại học,Kỹ thuật,Marketing,Chuyên viên marketing,2,Không công tác,Không,20500000,4,21,4,4,3,3,3,4,1,0,2,2,1,1,1,Không
NV20260434,28,Nữ,Đã kết hôn,Hà Nội,Toàn thời gian,Đại học,Kỹ thuật,Công nghệ thông tin,Trưởng nhóm kỹ thuật,2,Không công tác,Có,16000000,11,3,2,4,3,5,3,5,1,0,4,2,1,0,1,Có
NV20260435,33,Nữ,Đã kết hôn,TP. Hồ Chí Minh,Toàn thời gian,THPT,Marketing,Chăm sóc khách hàng,Nhân viên chăm sóc khách hàng,2,Không công tác,Không,21100000,7,2,4,4,5,4,4,3,3,3,12,2,1,2,2,Không
NV20260436,31,Nam,Độc thân,Cần Thơ,Toàn thời gian,Đại học,Kỹ thuật,Tài chính - Kế toán,Chuyên viên tài chính,2,Không công tác,Có,18200000,13,9,4,3,4,5,5,4,1,2,9,2,1,1,1,Không
NV20260437,32,Nữ,Độc thân,TP. Hồ Chí Minh,Hợp đồng xác định thời hạn,THPT,Kinh tế,Tài chính - Kế toán,Kế toán viên,4,Ít,Có,31300000,12,5,5,1,4,2,2,3,2,1,14,12,6,3,6,Không
NV20260438,24,Nữ,Đã kết hôn,Hà Nội,Toàn thời gian,Đại học,Tài chính,Nhân sự,Chuyên viên nhân sự,1,Không công tác,Không,10700000,11,9,4,4,3,3,3,3,3,2,0,0,0,0,0,Có
NV20260439,27,Nữ,Độc thân,Cần Thơ,Toàn thời gian,Đại học,Kinh tế,Nghiên cứu và Phát triển,Kỹ sư R&D,2,Không công tác,Không,18500000,12,10,2,2,2,5,4,1,2,2,5,3,1,1,3,Có
NV20260440,22,Nam,Độc thân,Cần Thơ,Toàn thời gian,Cao đẳng,Kỹ thuật,Marketing,Trưởng nhóm marketing,2,Không công tác,Có,15200000,14,8,1,4,5,2,2,3,3,4,2,2,1,1,1,Không
NV20260441,27,Nam,Đã kết hôn,Cần Thơ,Toàn thời gian,Thạc sĩ,Tài chính,Kinh doanh,Quản lý kinh doanh,3,Thường xuyên,Không,21400000,5,18,4,5,4,4,3,2,4,2,5,5,2,3,4,Có
NV20260442,32,Nam,Đã kết hôn,Bình Dương,Toàn thời gian,Đại học,Kinh tế,Chăm sóc khách hàng,Trưởng nhóm chăm sóc khách hàng,1,Không công tác,Không,13100000,14,9,4,5,3,2,3,3,3,1,1,1,1,0,1,Không
NV20260443,38,Nam,Độc thân,Hải Phòng,Toàn thời gian,Đại học,Nhân sự,Nhân sự,Chuyên viên tuyển dụng,3,Không công tác,Không,23400000,9,2,5,2,4,3,1,1,4,1,9,7,5,4,6,Không
NV20260444,37,Nữ,Đã kết hôn,Bình Dương,Hợp đồng xác định thời hạn,Đại học,Nhân sự,Kinh doanh,Trưởng nhóm kinh doanh,4,Ít,Có,28400000,16,6,2,1,3,4,4,3,5,1,13,9,6,7,6,Có
NV20260445,29,Nam,Đã kết hôn,TP. Hồ Chí Minh,Toàn thời gian,Cao đẳng,Công nghệ thông tin,Vận hành,Trưởng nhóm vận hành,3,Ít,Không,19200000,13,4,3,2,4,2,2,3,4,1,6,5,3,2,3,Không
NV20260446,34,Nam,Ly hôn,TP. Hồ Chí Minh,Hợp đồng xác định thời hạn,Đại học,Công nghệ thông tin,Kinh doanh,Trưởng nhóm kinh doanh,2,Ít,Không,18000000,9,6,1,3,3,2,3,3,5,1,3,3,2,1,2,Không
NV20260447,31,Nữ,Độc thân,Đà Nẵng,Toàn thời gian,Đại học,Kỹ thuật,Nhân sự,Chuyên viên nhân sự,3,Không công tác,Có,24900000,4,5,2,4,3,3,4,5,1,3,13,4,3,3,2,Không
NV20260448,31,Nam,Đã kết hôn,Hà Nội,Hợp đồng xác định thời hạn,Đại học,Tài chính,Tài chính - Kế toán,Trưởng nhóm tài chính,4,Không công tác,Không,28700000,11,7,3,1,3,3,3,2,2,4,13,11,7,8,5,Không
NV20260449,27,Nữ,Độc thân,TP. Hồ Chí Minh,Thử việc,Cao đẳng,Kỹ thuật,Nhân sự,Chuyên viên nhân sự,1,Ít,Không,16700000,8,3,4,1,2,3,4,3,4,0,9,1,1,1,1,Không
NV20260450,32,Nữ,Độc thân,Đà Nẵng,Toàn thời gian,Đại học,Khác,Nhân sự,Trưởng nhóm nhân sự,2,Thường xuyên,Không,20200000,13,5,3,4,4,2,3,4,4,2,9,3,2,2,2,Có
NV20260451,33,Nam,Ly hôn,Đà Nẵng,Toàn thời gian,Thạc sĩ,Công nghệ thông tin,Kinh doanh,Trưởng nhóm kinh doanh,3,Không công tác,Không,26400000,14,7,4,4,3,4,4,2,3,2,14,6,5,3,5,Không
NV20260452,35,Nữ,Đã kết hôn,Hà Nội,Hợp đồng xác định thời hạn,Đại học,Kỹ thuật,Marketing,Chuyên viên nội dung,3,Không công tác,Không,25900000,12,10,1,3,3,4,4,1,5,2,13,6,3,1,3,Không
NV20260453,32,Nữ,Đã kết hôn,TP. Hồ Chí Minh,Thử việc,Thạc sĩ,Công nghệ thông tin,Kinh doanh,Trưởng nhóm kinh doanh,3,Ít,Không,21700000,10,3,5,5,2,2,2,4,3,2,10,5,3,1,3,Không
NV20260454,38,Nữ,Độc thân,TP. Hồ Chí Minh,Thử việc,Đại học,Nhân sự,Nhân sự,Chuyên viên tuyển dụng,3,Ít,Có,24700000,13,8,4,4,4,3,3,4,3,2,13,5,2,4,2,Có
NV20260455,41,Nam,Độc thân,Bình Dương,Toàn thời gian,THPT,Khác,Marketing,Chuyên viên nội dung,2,Không công tác,Không,20900000,13,2,3,4,3,3,2,4,3,1,14,2,1,1,2,Không
NV20260456,28,Nam,Ly hôn,Hà Nội,Toàn thời gian,Đại học,Kỹ thuật,Công nghệ thông tin,Trưởng nhóm kỹ thuật,3,Ít,Không,24100000,5,11,3,4,3,2,2,2,4,3,5,5,3,1,2,Không
NV20260457,31,Nữ,Đã kết hôn,Bình Dương,Toàn thời gian,Thạc sĩ,Công nghệ thông tin,Nhân sự,Trưởng nhóm nhân sự,4,Ít,Không,25800000,8,6,1,3,3,4,3,2,3,1,11,9,4,2,7,Không
NV20260458,33,Nữ,Độc thân,Hà Nội,Toàn thời gian,Cao đẳng,Tài chính,Marketing,Trưởng nhóm marketing,1,Không công tác,Không,15600000,8,3,4,4,4,4,4,4,1,3,9,1,1,1,1,Không
NV20260459,27,Nam,Đã kết hôn,Hà Nội,Hợp đồng xác định thời hạn,Đại học,Công nghệ thông tin,Kinh doanh,Quản lý kinh doanh,1,Ít,Có,11000000,7,3,3,4,2,4,4,4,5,2,1,1,1,1,1,Có
NV20260460,31,Nam,Đã kết hôn,TP. Hồ Chí Minh,Hợp đồng xác định thời hạn,Đại học,Nhân sự,Chăm sóc khách hàng,Nhân viên chăm sóc khách hàng,2,Không công tác,Không,16200000,13,14,4,5,4,4,3,4,3,3,2,2,1,1,2,Không
NV20260461,40,Nam,Đã kết hôn,TP. Hồ Chí Minh,Hợp đồng xác định thời hạn,Đại học,Công nghệ thông tin,Nghiên cứu và Phát triển,Chuyên viên R&D,3,Không công tác,Không,28400000,9,1,3,4,4,5,5,3,3,3,22,5,2,2,4,Không
NV20260462,30,Nam,Đã kết hôn,Hà Nội,Toàn thời gian,Thạc sĩ,Tài chính,Nghiên cứu và Phát triển,Kỹ sư R&D,4,Ít,Có,29200000,14,22,5,3,2,3,4,3,2,0,11,10,6,4,4,Không
NV20260463,21,Nam,Độc thân,Hà Nội,Toàn thời gian,Đại học,Nhân sự,Tài chính - Kế toán,Chuyên viên tài chính,1,Ít,Có,13100000,10,4,4,5,4,3,3,3,3,1,0,0,0,0,0,Không
NV20260464,39,Nữ,Độc thân,Cần Thơ,Toàn thời gian,Đại học,Công nghệ thông tin,Nghiên cứu và Phát triển,Chuyên viên R&D,2,Ít,Không,22300000,9,18,3,3,2,3,3,2,3,1,14,3,2,1,3,Không
NV20260465,28,Nam,Độc thân,TP. Hồ Chí Minh,Toàn thời gian,Thạc sĩ,Kinh tế,Kinh doanh,Trưởng nhóm kinh doanh,2,Ít,Có,17000000,17,8,3,3,4,4,2,3,1,0,2,2,1,1,2,Có
NV20260466,25,Nam,Đã kết hôn,Hải Phòng,Toàn thời gian,THPT,Kỹ thuật,Vận hành,Nhân viên vận hành,2,Không công tác,Không,17100000,9,7,3,3,2,1,3,3,2,3,2,2,1,1,1,Không
NV20260467,20,Nam,Đã kết hôn,Hà Nội,Hợp đồng xác định thời hạn,Đại học,Marketing,Công nghệ thông tin,Lập trình viên,1,Ít,Không,15400000,11,10,3,3,3,4,2,1,3,2,0,0,0,0,0,Có
NV20260468,32,Nữ,Độc thân,Bình Dương,Toàn thời gian,Đại học,Công nghệ thông tin,Tài chính - Kế toán,Trưởng nhóm tài chính,4,Ít,Không,25200000,10,9,3,3,3,5,2,3,2,3,10,10,5,8,9,Không
NV20260469,37,Nữ,Độc thân,Hà Nội,Hợp đồng xác định thời hạn,Thạc sĩ,Kinh tế,Nghiên cứu và Phát triển,Chuyên viên R&D,4,Ít,Không,26700000,9,10,3,4,3,3,3,2,3,2,12,9,4,4,5,Không
NV20260470,29,Nữ,Đã kết hôn,Bình Dương,Toàn thời gian,THPT,Tài chính,Tài chính - Kế toán,Chuyên viên tài chính,3,Ít,Không,23600000,16,8,1,5,2,1,4,4,3,2,5,5,3,2,2,Không
NV20260471,40,Nữ,Đã kết hôn,TP. Hồ Chí Minh,Toàn thời gian,Đại học,Kinh tế,Công nghệ thông tin,Kỹ sư dữ liệu,1,Không công tác,Không,25300000,8,5,3,5,1,4,3,4,4,1,22,0,0,0,0,Có
NV20260472,23,Nam,Độc thân,Cần Thơ,Hợp đồng xác định thời hạn,Đại học,Khác,Kinh doanh,Nhân viên kinh doanh,1,Không công tác,Không,11500000,8,12,5,5,4,5,4,2,5,3,0,0,0,0,0,Không
NV20260473,32,Nam,Độc thân,Hà Nội,Toàn thời gian,Đại học,Nhân sự,Kinh doanh,Quản lý kinh doanh,3,Ít,Không,21400000,5,29,3,2,4,3,4,4,3,0,8,5,3,3,2,Không
NV20260474,28,Nữ,Đã kết hôn,Đà Nẵng,Toàn thời gian,Thạc sĩ,Kỹ thuật,Vận hành,Nhân viên vận hành,3,Không công tác,Không,22400000,17,17,4,3,3,5,5,3,2,2,5,5,2,3,4,Không
NV20260475,38,Nam,Độc thân,TP. Hồ Chí Minh,Thử việc,Đại học,Marketing,Tài chính - Kế toán,Trưởng nhóm tài chính,3,Không công tác,Không,28500000,8,38,3,5,4,2,3,3,3,1,20,6,3,2,3,Không
NV20260476,33,Nam,Đã kết hôn,TP. Hồ Chí Minh,Hợp đồng xác định thời hạn,Cao đẳng,Kỹ thuật,Vận hành,Trưởng nhóm vận hành,3,Ít,Không,18800000,7,6,4,2,4,2,3,4,4,1,5,5,4,2,4,Không
NV20260477,31,Nam,Đã kết hôn,TP. Hồ Chí Minh,Toàn thời gian,Tiến sĩ,Marketing,Công nghệ thông tin,Trưởng nhóm kỹ thuật,3,Ít,Không,26400000,6,9,2,3,5,1,3,2,3,1,13,4,2,3,2,Có
NV20260478,27,Nữ,Đã kết hôn,TP. Hồ Chí Minh,Toàn thời gian,Thạc sĩ,Marketing,Nhân sự,Trưởng nhóm nhân sự,3,Ít,Không,25700000,9,5,5,1,4,5,4,1,4,1,8,7,6,5,4,Không
NV20260479,38,Nam,Đã kết hôn,TP. Hồ Chí Minh,Thử việc,Cao đẳng,Marketing,Kinh doanh,Nhân viên kinh doanh,2,Không công tác,Không,22500000,8,3,4,2,2,5,3,4,4,6,15,2,2,1,1,Không
NV20260480,41,Nữ,Ly hôn,TP. Hồ Chí Minh,Toàn thời gian,Đại học,Kinh tế,Nghiên cứu và Phát triển,Chuyên viên R&D,3,Ít,Có,26700000,12,4,4,2,3,2,3,4,3,1,18,6,4,4,5,Không
NV20260481,32,Nữ,Độc thân,Hà Nội,Toàn thời gian,Đại học,Kinh tế,Marketing,Chuyên viên nội dung,1,Không công tác,Không,14400000,11,3,2,4,1,4,3,4,5,3,6,1,1,1,0,Không
NV20260482,21,Nữ,Đã kết hôn,Hà Nội,Thử việc,Thạc sĩ,Kỹ thuật,Tài chính - Kế toán,Kế toán viên,1,Ít,Có,12000000,8,16,1,3,4,2,4,4,2,3,0,0,0,0,0,Không
NV20260483,32,Nam,Độc thân,TP. Hồ Chí Minh,Toàn thời gian,Đại học,Kỹ thuật,Kinh doanh,Quản lý kinh doanh,3,Thường xuyên,Không,21100000,20,15,4,4,3,3,5,3,2,1,6,4,2,1,2,Không
NV20260484,36,Nữ,Độc thân,Bình Dương,Toàn thời gian,Đại học,Công nghệ thông tin,Vận hành,Trưởng nhóm vận hành,4,Ít,Không,28800000,10,8,4,3,2,4,3,4,3,2,12,9,5,2,3,Không
NV20260485,32,Nữ,Độc thân,Đà Nẵng,Toàn thời gian,Thạc sĩ,Tài chính,Tài chính - Kế toán,Kế toán viên,3,Thường xuyên,Không,26700000,11,4,3,4,2,5,3,3,4,1,11,4,3,2,1,Không
NV20260486,29,Nam,Đã kết hôn,TP. Hồ Chí Minh,Hợp đồng xác định thời hạn,THPT,Công nghệ thông tin,Marketing,Trưởng nhóm marketing,2,Ít,Không,19000000,12,11,3,4,2,5,4,1,3,1,3,3,2,2,2,Có
NV20260487,22,Nam,Đã kết hôn,Hà Nội,Toàn thời gian,Đại học,Kinh tế,Công nghệ thông tin,Trưởng nhóm kỹ thuật,1,Không công tác,Không,13200000,3,18,3,5,4,4,4,2,2,1,0,0,0,0,0,Không
NV20260488,32,Nam,Đã kết hôn,Hà Nội,Toàn thời gian,Thạc sĩ,Kinh tế,Công nghệ thông tin,Kỹ sư kiểm thử,3,Ít,Có,22400000,13,9,4,5,1,5,5,3,3,3,6,6,3,4,3,Có
NV20260489,40,Nam,Đã kết hôn,Bình Dương,Hợp đồng xác định thời hạn,Cao đẳng,Kỹ thuật,Nghiên cứu và Phát triển,Chuyên viên R&D,4,Ít,Có,32200000,8,25,4,3,1,2,4,1,5,2,17,8,4,3,7,Không
NV20260490,40,Nam,Độc thân,Hà Nội,Toàn thời gian,Cao đẳng,Marketing,Vận hành,Nhân viên vận hành,3,Không công tác,Có,29100000,13,18,4,5,3,1,4,3,4,0,21,4,3,1,3,Có
NV20260491,20,Nam,Độc thân,Hải Phòng,Toàn thời gian,Cao đẳng,Nhân sự,Tài chính - Kế toán,Trưởng nhóm tài chính,1,Thường xuyên,Không,11500000,11,12,3,5,4,5,2,3,2,1,0,0,0,0,0,Có
NV20260492,29,Nam,Độc thân,Đà Nẵng,Toàn thời gian,Đại học,Kinh tế,Nhân sự,Chuyên viên tuyển dụng,3,Không công tác,Không,24000000,3,2,2,3,3,3,4,3,2,1,8,7,3,2,5,Không
NV20260493,37,Nam,Đã kết hôn,TP. Hồ Chí Minh,Toàn thời gian,Cao đẳng,Nhân sự,Marketing,Chuyên viên nội dung,2,Ít,Không,23800000,11,10,4,4,4,1,4,4,5,2,16,3,2,1,2,Không
NV20260494,24,Nữ,Đã kết hôn,TP. Hồ Chí Minh,Toàn thời gian,Cao đẳng,Nhân sự,Nhân sự,Trưởng nhóm nhân sự,1,Không công tác,Có,10100000,4,20,1,1,4,3,4,3,5,1,0,0,0,0,0,Có
NV20260495,23,Nam,Độc thân,Cần Thơ,Thử việc,Đại học,Công nghệ thông tin,Chăm sóc khách hàng,Trưởng nhóm chăm sóc khách hàng,1,Không công tác,Không,15400000,6,13,3,3,4,5,3,4,2,2,5,1,1,1,0,Không
NV20260496,30,Nam,Đã kết hôn,Hà Nội,Toàn thời gian,Đại học,Công nghệ thông tin,Tài chính - Kế toán,Trưởng nhóm tài chính,1,Thường xuyên,Có,15700000,9,8,4,5,4,4,4,3,4,1,10,1,1,1,0,Có
NV20260497,45,Nữ,Độc thân,Hải Phòng,Toàn thời gian,Đại học,Kinh tế,Nhân sự,Trưởng nhóm nhân sự,3,Không công tác,Không,29400000,7,15,2,3,4,5,5,2,3,3,22,7,4,2,4,Không
NV20260498,32,Nam,Đã kết hôn,Hải Phòng,Thử việc,Cao đẳng,Khác,Công nghệ thông tin,Kỹ sư dữ liệu,2,Ít,Không,21200000,8,4,5,3,5,2,3,3,2,2,9,3,2,2,1,Không
NV20260499,43,Nữ,Độc thân,Hải Phòng,Thử việc,Cao đẳng,Nhân sự,Tài chính - Kế toán,Kế toán viên,1,Không công tác,Không,19900000,6,4,3,1,4,1,3,5,2,1,21,1,1,1,1,Có
NV20260500,34,Nam,Đã kết hôn,TP. Hồ Chí Minh,Toàn thời gian,Cao đẳng,Tài chính,Chăm sóc khách hàng,Trưởng nhóm chăm sóc khách hàng,4,Không công tác,Không,32500000,12,8,4,5,4,3,2,2,3,1,16,10,5,7,3,Không
NV20260501,27,Nam,Độc thân,TP. Hồ Chí Minh,Toàn thời gian,Cao đẳng,Marketing,Công nghệ thông tin,Trưởng nhóm kỹ thuật,2,Không công tác,Không,18600000,12,7,3,4,5,4,3,2,4,1,5,2,2,1,2,Không
NV20260502,21,Nữ,Ly hôn,Hà Nội,Thử việc,Đại học,Công nghệ thông tin,Chăm sóc khách hàng,Trưởng nhóm chăm sóc khách hàng,1,Thường xuyên,Không,12300000,11,7,1,4,4,1,4,1,6,2,2,1,1,0,0,Có
NV20260503,30,Nữ,Độc thân,Đà Nẵng,Hợp đồng xác định thời hạn,Đại học,Khác,Chăm sóc khách hàng,Trưởng nhóm chăm sóc khách hàng,3,Ít,Có,20200000,11,1,3,3,4,2,4,4,6,0,7,5,2,3,3,Không
NV20260504,27,Nam,Độc thân,TP. Hồ Chí Minh,Toàn thời gian,Đại học,Kỹ thuật,Kinh doanh,Quản lý kinh doanh,2,Ít,Không,19500000,6,7,3,4,3,4,1,3,2,1,4,3,2,2,2,Không
NV20260505,35,Nữ,Đã kết hôn,TP. Hồ Chí Minh,Toàn thời gian,Đại học,Kỹ thuật,Công nghệ thông tin,Trưởng nhóm kỹ thuật,3,Ít,Không,22100000,4,6,4,3,2,4,2,4,2,2,7,7,3,4,6,Không
NV20260506,33,Nữ,Độc thân,Hải Phòng,Toàn thời gian,Thạc sĩ,Khác,Công nghệ thông tin,Trưởng nhóm kỹ thuật,3,Thường xuyên,Không,23900000,8,18,3,2,3,5,4,3,3,3,5,5,2,2,4,Không
NV20260507,23,Nam,Đã kết hôn,Cần Thơ,Toàn thời gian,Đại học,Marketing,Nhân sự,Trưởng nhóm nhân sự,1,Ít,Có,11100000,8,12,2,5,2,5,3,4,6,1,0,0,0,0,0,Có
NV20260508,36,Nữ,Đã kết hôn,Hà Nội,Toàn thời gian,Đại học,Công nghệ thông tin,Marketing,Chuyên viên marketing,3,Ít,Không,23800000,8,12,3,4,2,1,2,5,3,2,9,4,2,2,1,Có
NV20260509,35,Nữ,Đã kết hôn,Bình Dương,Toàn thời gian,Thạc sĩ,Kinh tế,Chăm sóc khách hàng,Nhân viên chăm sóc khách hàng,2,Không công tác,Không,22500000,10,15,3,4,3,3,4,3,3,2,17,3,1,2,2,Không
NV20260510,31,Nữ,Độc thân,Hà Nội,Toàn thời gian,Đại học,Khác,Kinh doanh,Quản lý kinh doanh,1,Ít,Không,13400000,10,12,5,3,3,2,2,4,2,2,0,0,0,0,0,Không
NV20260511,33,Nữ,Độc thân,TP. Hồ Chí Minh,Hợp đồng xác định thời hạn,Cao đẳng,Kỹ thuật,Kinh doanh,Quản lý kinh doanh,1,Ít,Có,16700000,13,3,4,4,4,4,2,3,7,6,9,0,0,0,0,Không
NV20260512,20,Nam,Độc thân,Bình Dương,Toàn thời gian,Thạc sĩ,Tài chính,Vận hành,Trưởng nhóm vận hành,1,Ít,Không,9900000,11,1,1,2,5,2,1,2,5,1,0,0,0,0,0,Không
NV20260513,36,Nữ,Đã kết hôn,TP. Hồ Chí Minh,Toàn thời gian,Thạc sĩ,Nhân sự,Công nghệ thông tin,Trưởng nhóm kỹ thuật,2,Không công tác,Có,25000000,14,9,3,4,4,3,3,3,3,2,16,3,2,1,2,Không
NV20260514,32,Nam,Đã kết hôn,TP. Hồ Chí Minh,Hợp đồng xác định thời hạn,Đại học,Tài chính,Kinh doanh,Quản lý kinh doanh,2,Không công tác,Có,20900000,4,11,3,3,4,4,2,4,4,3,7,2,1,1,1,Có
NV20260515,24,Nữ,Đã kết hôn,TP. Hồ Chí Minh,Hợp đồng xác định thời hạn,Tiến sĩ,Công nghệ thông tin,Chăm sóc khách hàng,Trưởng nhóm chăm sóc khách hàng,2,Ít,Không,17700000,12,2,3,5,2,4,4,4,4,1,6,3,3,1,1,Có
NV20260516,31,Nữ,Đã kết hôn,TP. Hồ Chí Minh,Toàn thời gian,Đại học,Công nghệ thông tin,Kinh doanh,Nhân viên kinh doanh,1,Không công tác,Không,14700000,11,6,3,3,2,3,3,2,4,1,4,1,1,1,1,Không
NV20260517,32,Nam,Độc thân,Hải Phòng,Toàn thời gian,Đại học,Kinh tế,Kinh doanh,Trưởng nhóm kinh doanh,2,Thường xuyên,Không,18500000,8,13,2,3,1,4,3,4,2,1,3,3,2,2,2,Có
NV20260518,30,Nữ,Độc thân,Hà Nội,Toàn thời gian,Cao đẳng,Marketing,Nhân sự,Chuyên viên tuyển dụng,1,Không công tác,Không,11700000,8,11,3,5,3,2,2,2,4,0,4,1,1,1,0,Không
NV20260519,29,Nam,Đã kết hôn,TP. Hồ Chí Minh,Toàn thời gian,THPT,Tài chính,Tài chính - Kế toán,Kế toán viên,3,Không công tác,Không,25800000,11,20,1,3,3,4,4,3,4,3,11,4,2,2,3,Không
NV20260520,30,Nam,Đã kết hôn,TP. Hồ Chí Minh,Toàn thời gian,Đại học,Kỹ thuật,Kinh doanh,Nhân viên kinh doanh,2,Không công tác,Có,21200000,10,8,3,4,4,2,2,3,5,1,12,3,2,1,2,Có
NV20260521,21,Nữ,Đã kết hôn,Đà Nẵng,Thử việc,Đại học,Công nghệ thông tin,Công nghệ thông tin,Kỹ sư dữ liệu,1,Ít,Không,12700000,10,4,2,3,3,4,4,4,0,2,0,0,0,0,0,Có
NV20260522,37,Nữ,Đã kết hôn,Đà Nẵng,Toàn thời gian,Thạc sĩ,Khác,Chăm sóc khách hàng,Nhân viên chăm sóc khách hàng,3,Không công tác,Có,20400000,8,7,2,4,3,2,4,2,3,0,9,6,3,4,5,Có
NV20260523,38,Nữ,Độc thân,TP. Hồ Chí Minh,Hợp đồng xác định thời hạn,Thạc sĩ,Marketing,Vận hành,Điều phối viên,5,Không công tác,Không,35100000,8,6,3,3,3,3,3,4,3,2,14,13,7,10,8,Không
NV20260524,35,Nữ,Độc thân,TP. Hồ Chí Minh,Toàn thời gian,Đại học,Marketing,Kinh doanh,Quản lý kinh doanh,3,Không công tác,Không,28000000,5,4,5,3,1,4,5,2,5,2,17,6,4,3,4,Không
NV20260525,31,Nam,Độc thân,TP. Hồ Chí Minh,Hợp đồng xác định thời hạn,Đại học,Kỹ thuật,Nhân sự,Chuyên viên tuyển dụng,2,Không công tác,Không,18700000,3,2,5,4,2,4,5,2,4,2,7,3,1,2,1,Không
NV20260526,40,Nam,Đã kết hôn,Hà Nội,Toàn thời gian,Đại học,Khác,Marketing,Chuyên viên marketing,2,Ít,Không,23800000,8,11,3,5,5,4,5,3,4,3,18,3,2,1,2,Không
NV20260527,29,Nữ,Độc thân,TP. Hồ Chí Minh,Toàn thời gian,Đại học,Tài chính,Chăm sóc khách hàng,Trưởng nhóm chăm sóc khách hàng,2,Thường xuyên,Có,20300000,9,8,3,4,4,4,2,3,3,4,11,3,1,2,2,Không
NV20260528,32,Nữ,Đã kết hôn,Hà Nội,Hợp đồng xác định thời hạn,Cao đẳng,Nhân sự,Công nghệ thông tin,Kỹ sư dữ liệu,2,Thường xuyên,Không,22400000,9,12,1,5,3,3,4,2,4,2,12,2,1,1,1,Có
NV20260529,25,Nam,Đã kết hôn,Hải Phòng,Thử việc,Đại học,Khác,Chăm sóc khách hàng,Trưởng nhóm chăm sóc khách hàng,1,Thường xuyên,Không,11300000,9,4,4,5,5,2,4,2,2,0,0,0,0,0,0,Có
NV20260530,36,Nam,Đã kết hôn,Hà Nội,Toàn thời gian,Đại học,Khác,Nhân sự,Chuyên viên nhân sự,3,Ít,Không,26100000,3,14,3,1,5,5,3,4,1,3,18,5,4,2,4,Không
NV20260531,23,Nam,Độc thân,Hà Nội,Toàn thời gian,Thạc sĩ,Kinh tế,Chăm sóc khách hàng,Trưởng nhóm chăm sóc khách hàng,2,Không công tác,Không,18500000,14,7,4,3,4,3,5,3,1,1,5,3,1,1,2,Không
NV20260532,42,Nữ,Đã kết hôn,TP. Hồ Chí Minh,Hợp đồng xác định thời hạn,Đại học,Marketing,Chăm sóc khách hàng,Nhân viên chăm sóc khách hàng,3,Thường xuyên,Không,24900000,8,3,4,4,4,3,1,4,4,2,14,4,2,3,3,Không
NV20260533,36,Nữ,Độc thân,TP. Hồ Chí Minh,Thử việc,Thạc sĩ,Công nghệ thông tin,Marketing,Chuyên viên nội dung,1,Ít,Có,17200000,11,10,2,5,4,3,3,4,2,3,15,1,1,0,0,Có
NV20260534,26,Nam,Đã kết hôn,Hà Nội,Hợp đồng xác định thời hạn,Đại học,Tài chính,Vận hành,Điều phối viên,3,Không công tác,Không,19000000,7,8,4,5,5,4,2,3,1,6,5,5,3,3,4,Không
NV20260535,25,Nam,Độc thân,Hà Nội,Toàn thời gian,THPT,Công nghệ thông tin,Tài chính - Kế toán,Kế toán viên,1,Ít,Không,13100000,4,5,3,4,4,4,5,3,4,1,0,0,0,0,0,Không
NV20260536,21,Nữ,Độc thân,Hà Nội,Hợp đồng xác định thời hạn,Đại học,Công nghệ thông tin,Nghiên cứu và Phát triển,Chuyên viên R&D,1,Ít,Có,11700000,3,14,4,2,2,4,4,5,5,3,0,0,0,0,0,Có
NV20260537,34,Nữ,Độc thân,TP. Hồ Chí Minh,Hợp đồng xác định thời hạn,Đại học,Kinh tế,Kinh doanh,Trưởng nhóm kinh doanh,3,Không công tác,Không,25500000,9,13,5,2,4,4,4,3,2,2,11,5,3,4,3,Không
NV20260538,22,Nữ,Đã kết hôn,Hà Nội,Toàn thời gian,Đại học,Công nghệ thông tin,Vận hành,Điều phối viên,1,Ít,Có,14000000,9,4,4,5,3,4,3,2,6,5,0,0,0,0,0,Có
NV20260539,33,Nam,Đã kết hôn,Đà Nẵng,Hợp đồng xác định thời hạn,Thạc sĩ,Công nghệ thông tin,Vận hành,Nhân viên vận hành,2,Không công tác,Không,18800000,8,6,5,2,4,5,3,3,3,1,11,2,1,1,1,Không
NV20260540,31,Nam,Đã kết hôn,Hà Nội,Toàn thời gian,Đại học,Công nghệ thông tin,Vận hành,Nhân viên vận hành,2,Không công tác,Không,21200000,4,5,3,4,4,4,3,2,2,1,6,2,1,1,2,Không
NV20260541,28,Nữ,Đã kết hôn,Hà Nội,Toàn thời gian,THPT,Nhân sự,Kinh doanh,Quản lý kinh doanh,4,Ít,Không,28600000,9,15,3,4,2,3,3,5,0,2,10,8,5,5,7,Không
NV20260542,33,Nữ,Đã kết hôn,Hà Nội,Toàn thời gian,Đại học,Công nghệ thông tin,Kinh doanh,Quản lý kinh doanh,3,Ít,Không,23200000,8,3,2,4,4,4,5,4,3,1,9,5,3,3,3,Không
NV20260543,29,Nam,Độc thân,TP. Hồ Chí Minh,Toàn thời gian,Đại học,Kinh tế,Nhân sự,Trưởng nhóm nhân sự,1,Ít,Không,16700000,10,4,4,4,2,3,3,5,3,2,10,1,1,1,1,Không
NV20260544,33,Nữ,Đã kết hôn,TP. Hồ Chí Minh,Toàn thời gian,Đại học,Tài chính,Marketing,Chuyên viên nội dung,3,Không công tác,Không,25300000,12,12,1,4,4,2,4,4,1,2,15,6,4,4,2,Có
NV20260545,32,Nữ,Độc thân,TP. Hồ Chí Minh,Hợp đồng xác định thời hạn,Đại học,Marketing,Công nghệ thông tin,Lập trình viên,1,Thường xuyên,Có,16600000,12,10,3,3,3,3,2,2,3,5,11,0,0,0,0,Không
NV20260546,26,Nam,Độc thân,Hà Nội,Toàn thời gian,Đại học,Kỹ thuật,Vận hành,Điều phối viên,2,Ít,Không,19500000,16,31,5,3,5,2,5,2,3,1,3,3,1,2,2,Không
NV20260547,20,Nữ,Đã kết hôn,TP. Hồ Chí Minh,Toàn thời gian,THPT,Marketing,Chăm sóc khách hàng,Nhân viên chăm sóc khách hàng,1,Thường xuyên,Không,10000000,10,29,3,3,1,2,4,2,3,3,0,0,0,0,0,Có
NV20260548,32,Nam,Độc thân,TP. Hồ Chí Minh,Toàn thời gian,Thạc sĩ,Kinh tế,Chăm sóc khách hàng,Nhân viên chăm sóc khách hàng,3,Ít,Không,25600000,5,7,4,4,2,2,3,5,0,3,14,4,2,2,3,Không
NV20260549,37,Nam,Đã kết hôn,TP. Hồ Chí Minh,Hợp đồng xác định thời hạn,Đại học,Marketing,Nhân sự,Trưởng nhóm nhân sự,3,Ít,Không,26100000,13,8,3,5,5,5,5,4,1,4,11,6,3,3,3,Không
NV20260550,28,Nữ,Độc thân,Hà Nội,Toàn thời gian,Đại học,Khác,Vận hành,Điều phối viên,4,Không công tác,Có,27200000,11,7,4,4,2,5,4,4,3,1,10,8,4,4,5,Không
NV20260551,23,Nữ,Độc thân,TP. Hồ Chí Minh,Toàn thời gian,Đại học,Tài chính,Kinh doanh,Trưởng nhóm kinh doanh,1,Không công tác,Không,10500000,11,3,5,3,3,5,2,5,3,6,0,0,0,0,0,Có
NV20260552,33,Nữ,Độc thân,Đà Nẵng,Toàn thời gian,Đại học,Kinh tế,Marketing,Chuyên viên marketing,4,Ít,Có,27800000,13,11,3,4,3,3,4,2,4,1,13,8,4,2,3,Không
NV20260553,40,Nữ,Đã kết hôn,Hà Nội,Toàn thời gian,Đại học,Tài chính,Chăm sóc khách hàng,Trưởng nhóm chăm sóc khách hàng,3,Không công tác,Không,21600000,12,6,3,5,3,2,3,4,4,1,11,5,4,3,3,Không
NV20260554,33,Nam,Độc thân,Đà Nẵng,Toàn thời gian,Thạc sĩ,Kinh tế,Kinh doanh,Quản lý kinh doanh,4,Không công tác,Có,26800000,11,9,2,4,4,4,3,4,2,2,9,9,3,5,6,Có
NV20260555,29,Nữ,Ly hôn,Hà Nội,Toàn thời gian,Đại học,Khác,Nhân sự,Chuyên viên tuyển dụng,1,Ít,Có,10300000,9,2,2,1,3,4,2,3,2,0,0,0,0,0,0,Không
NV20260556,20,Nữ,Độc thân,TP. Hồ Chí Minh,Toàn thời gian,Đại học,Kinh tế,Công nghệ thông tin,Lập trình viên,1,Ít,Không,10300000,5,5,2,2,3,3,3,3,2,0,0,0,0,0,0,Không
NV20260557,30,Nam,Đã kết hôn,Đà Nẵng,Hợp đồng xác định thời hạn,Đại học,Công nghệ thông tin,Kinh doanh,Quản lý kinh doanh,2,Không công tác,Không,19500000,5,11,3,2,3,3,2,3,2,1,9,2,1,0,1,Không
NV20260558,31,Nam,Đã kết hôn,Hà Nội,Toàn thời gian,Đại học,Khác,Vận hành,Điều phối viên,3,Không công tác,Có,24200000,13,25,3,3,3,3,5,4,2,1,13,4,3,3,3,Có
NV20260559,32,Nữ,Đã kết hôn,TP. Hồ Chí Minh,Toàn thời gian,Thạc sĩ,Công nghệ thông tin,Tài chính - Kế toán,Chuyên viên tài chính,1,Ít,Không,13900000,11,9,2,3,1,5,1,3,3,1,0,0,0,0,0,Có
NV20260560,24,Nữ,Độc thân,Hà Nội,Toàn thời gian,Đại học,Công nghệ thông tin,Kinh doanh,Trưởng nhóm kinh doanh,1,Không công tác,Không,12000000,18,11,3,4,5,3,4,3,3,1,0,0,0,0,0,Không
NV20260561,27,Nữ,Đã kết hôn,TP. Hồ Chí Minh,Toàn thời gian,Đại học,Công nghệ thông tin,Kinh doanh,Nhân viên kinh doanh,1,Ít,Có,13200000,17,4,4,4,5,2,2,5,3,1,0,0,0,0,0,Không
NV20260562,34,Nam,Đã kết hôn,TP. Hồ Chí Minh,Toàn thời gian,Cao đẳng,Tài chính,Kinh doanh,Trưởng nhóm kinh doanh,2,Không công tác,Không,17800000,5,10,2,4,3,4,3,4,2,4,3,3,2,1,1,Không
NV20260563,37,Nam,Độc thân,TP. Hồ Chí Minh,Toàn thời gian,Cao đẳng,Kỹ thuật,Công nghệ thông tin,Kỹ sư kiểm thử,2,Không công tác,Không,23800000,13,7,3,3,3,3,3,3,4,1,18,3,1,1,1,Không
NV20260564,40,Nam,Đã kết hôn,Hà Nội,Toàn thời gian,Đại học,Kỹ thuật,Tài chính - Kế toán,Chuyên viên tài chính,3,Thường xuyên,Không,26400000,10,5,4,5,2,4,5,2,2,3,15,7,4,2,5,Không
NV20260565,32,Nam,Độc thân,Hà Nội,Toàn thời gian,Đại học,Kinh tế,Tài chính - Kế toán,Trưởng nhóm tài chính,4,Không công tác,Có,29000000,9,10,4,3,3,3,4,4,3,3,14,10,6,4,8,Không
NV20260566,39,Nữ,Độc thân,Hải Phòng,Toàn thời gian,Thạc sĩ,Nhân sự,Tài chính - Kế toán,Trưởng nhóm tài chính,5,Ít,Không,34200000,5,3,4,2,4,3,3,1,2,1,14,13,8,5,10,Không
NV20260567,29,Nam,Độc thân,TP. Hồ Chí Minh,Toàn thời gian,Cao đẳng,Khác,Tài chính - Kế toán,Kế toán viên,3,Ít,Không,25100000,11,4,2,4,5,3,4,2,3,0,11,4,2,3,3,Không
NV20260568,31,Nam,Đã kết hôn,Đà Nẵng,Toàn thời gian,Cao đẳng,Nhân sự,Tài chính - Kế toán,Trưởng nhóm tài chính,3,Không công tác,Không,24500000,8,3,5,3,3,3,2,3,4,1,13,7,5,2,4,Không
NV20260569,38,Nam,Độc thân,TP. Hồ Chí Minh,Hợp đồng xác định thời hạn,Đại học,Công nghệ thông tin,Công nghệ thông tin,Lập trình viên,2,Không công tác,Có,20900000,7,8,3,3,3,4,5,4,5,1,10,2,2,1,1,Có
NV20260570,26,Nam,Độc thân,Hà Nội,Toàn thời gian,Cao đẳng,Khác,Kinh doanh,Trưởng nhóm kinh doanh,3,Ít,Không,21600000,16,4,5,4,2,3,4,3,3,0,8,5,4,3,4,Không
NV20260571,32,Nữ,Đã kết hôn,Đà Nẵng,Thử việc,Đại học,Kinh tế,Vận hành,Điều phối viên,3,Không công tác,Không,27500000,6,12,4,1,1,4,5,4,4,5,14,4,2,2,2,Không
NV20260572,24,Nam,Độc thân,Hà Nội,Toàn thời gian,Đại học,Kinh tế,Nhân sự,Chuyên viên tuyển dụng,3,Ít,Không,21000000,6,2,1,4,1,4,4,4,5,2,6,4,2,1,2,Có
NV20260573,39,Nam,Đã kết hôn,TP. Hồ Chí Minh,Toàn thời gian,Đại học,Marketing,Công nghệ thông tin,Kỹ sư dữ liệu,1,Không công tác,Có,22700000,7,2,3,4,3,2,4,5,4,2,18,1,1,0,1,Có
NV20260574,38,Nam,Đã kết hôn,TP. Hồ Chí Minh,Toàn thời gian,Đại học,Nhân sự,Chăm sóc khách hàng,Trưởng nhóm chăm sóc khách hàng,5,Không công tác,Có,33400000,8,5,5,2,3,3,4,4,3,4,17,17,11,6,9,Không
NV20260575,33,Nữ,Ly hôn,TP. Hồ Chí Minh,Toàn thời gian,Cao đẳng,Kỹ thuật,Kinh doanh,Quản lý kinh doanh,2,Không công tác,Có,17200000,8,1,2,4,3,4,4,3,1,2,2,2,2,1,1,Không
NV20260576,35,Nữ,Đã kết hôn,TP. Hồ Chí Minh,Toàn thời gian,Đại học,Kỹ thuật,Công nghệ thông tin,Kỹ sư dữ liệu,2,Thường xuyên,Không,20600000,8,12,3,3,3,3,4,4,3,6,12,3,2,2,1,Không
NV20260577,30,Nữ,Ly hôn,TP. Hồ Chí Minh,Hợp đồng xác định thời hạn,Đại học,Tài chính,Nghiên cứu và Phát triển,Kỹ sư R&D,2,Không công tác,Không,19600000,11,3,4,2,3,4,4,2,5,1,7,2,1,2,1,Không
NV20260578,25,Nam,Đã kết hôn,TP. Hồ Chí Minh,Toàn thời gian,Đại học,Công nghệ thông tin,Công nghệ thông tin,Trưởng nhóm kỹ thuật,2,Thường xuyên,Có,19100000,8,7,2,4,5,2,3,4,3,2,7,3,2,2,2,Có
NV20260579,26,Nữ,Đã kết hôn,TP. Hồ Chí Minh,Toàn thời gian,Đại học,Công nghệ thông tin,Kinh doanh,Nhân viên kinh doanh,2,Ít,Không,13800000,16,8,4,4,5,3,4,4,3,1,3,3,2,2,2,Không
NV20260580,33,Nữ,Độc thân,TP. Hồ Chí Minh,Toàn thời gian,Tiến sĩ,Công nghệ thông tin,Chăm sóc khách hàng,Trưởng nhóm chăm sóc khách hàng,3,Không công tác,Không,23300000,9,14,5,2,2,3,4,3,5,0,9,5,3,3,2,Không
NV20260581,38,Nữ,Đã kết hôn,Hà Nội,Toàn thời gian,Đại học,Khác,Marketing,Chuyên viên marketing,3,Không công tác,Không,27900000,10,12,3,4,3,5,5,2,4,3,18,7,5,4,6,Không
NV20260582,37,Nữ,Đã kết hôn,TP. Hồ Chí Minh,Toàn thời gian,Đại học,Công nghệ thông tin,Công nghệ thông tin,Trưởng nhóm kỹ thuật,4,Thường xuyên,Không,31100000,3,28,3,5,5,3,5,3,4,3,19,8,5,2,5,Không
NV20260583,34,Nam,Độc thân,TP. Hồ Chí Minh,Thử việc,Đại học,Nhân sự,Kinh doanh,Nhân viên kinh doanh,4,Không công tác,Có,27500000,5,3,5,4,4,5,5,3,2,2,10,10,6,3,3,Không
NV20260584,32,Nữ,Độc thân,TP. Hồ Chí Minh,Toàn thời gian,Cao đẳng,Kinh tế,Công nghệ thông tin,Kỹ sư kiểm thử,3,Ít,Không,25500000,14,6,4,4,5,5,1,4,3,1,14,6,2,3,5,Không
NV20260585,24,Nữ,Đã kết hôn,Bình Dương,Toàn thời gian,THPT,Công nghệ thông tin,Vận hành,Trưởng nhóm vận hành,2,Thường xuyên,Không,17400000,8,7,3,5,3,4,5,4,3,2,4,2,1,2,2,Không
NV20260586,33,Nữ,Đã kết hôn,Bình Dương,Toàn thời gian,Đại học,Công nghệ thông tin,Chăm sóc khách hàng,Trưởng nhóm chăm sóc khách hàng,1,Không công tác,Không,19000000,7,11,4,4,3,3,4,3,3,4,15,1,1,0,0,Không
NV20260587,34,Nam,Độc thân,Bình Dương,Toàn thời gian,Đại học,Marketing,Chăm sóc khách hàng,Nhân viên chăm sóc khách hàng,2,Ít,Có,17900000,12,11,5,5,3,2,4,5,3,0,9,3,2,1,1,Không
NV20260588,20,Nam,Độc thân,TP. Hồ Chí Minh,Toàn thời gian,Đại học,Công nghệ thông tin,Công nghệ thông tin,Kỹ sư dữ liệu,1,Ít,Không,11400000,7,5,2,2,4,2,5,4,4,2,0,0,0,0,0,Có
NV20260589,25,Nam,Độc thân,Hà Nội,Toàn thời gian,Đại học,Kinh tế,Kinh doanh,Nhân viên kinh doanh,1,Thường xuyên,Không,14200000,7,12,4,2,5,4,5,3,3,1,0,0,0,0,0,Không
NV20260590,26,Nam,Độc thân,Hà Nội,Toàn thời gian,Cao đẳng,Công nghệ thông tin,Marketing,Chuyên viên marketing,3,Ít,Có,21200000,16,9,2,4,3,4,4,4,3,2,4,4,2,2,2,Không
NV20260591,33,Nữ,Đã kết hôn,Hà Nội,Toàn thời gian,Đại học,Marketing,Tài chính - Kế toán,Chuyên viên tài chính,1,Thường xuyên,Có,20400000,11,18,3,4,4,4,4,1,2,1,15,1,1,0,0,Không
NV20260592,40,Nam,Độc thân,TP. Hồ Chí Minh,Toàn thời gian,THPT,Tài chính,Kinh doanh,Nhân viên kinh doanh,3,Không công tác,Không,29600000,13,4,3,4,5,4,3,4,4,1,18,5,3,2,2,Không
NV20260593,44,Nữ,Đã kết hôn,Đà Nẵng,Toàn thời gian,Đại học,Kinh tế,Tài chính - Kế toán,Trưởng nhóm tài chính,3,Không công tác,Không,24200000,16,10,4,4,5,4,2,3,1,2,16,6,3,4,3,Không
NV20260594,30,Nam,Độc thân,Hà Nội,Toàn thời gian,Thạc sĩ,Nhân sự,Công nghệ thông tin,Lập trình viên,1,Ít,Có,16800000,16,4,4,1,3,4,2,3,2,2,0,0,0,0,0,Có
NV20260595,36,Nam,Đã kết hôn,TP. Hồ Chí Minh,Toàn thời gian,Cao đẳng,Công nghệ thông tin,Nhân sự,Chuyên viên tuyển dụng,3,Không công tác,Không,20100000,11,1,2,4,2,5,4,3,4,4,8,5,2,2,3,Không
NV20260596,32,Nữ,Đã kết hôn,Bình Dương,Toàn thời gian,Thạc sĩ,Khác,Marketing,Chuyên viên marketing,3,Ít,Có,21500000,11,20,4,3,5,4,5,3,0,1,4,4,2,2,2,Không
NV20260597,35,Nữ,Độc thân,Hà Nội,Toàn thời gian,Thạc sĩ,Khác,Chăm sóc khách hàng,Nhân viên chăm sóc khách hàng,3,Không công tác,Không,23100000,12,1,4,5,2,3,4,4,1,1,7,5,4,3,2,Không
NV20260598,41,Nam,Đã kết hôn,TP. Hồ Chí Minh,Toàn thời gian,Thạc sĩ,Khác,Vận hành,Trưởng nhóm vận hành,2,Không công tác,Không,23900000,9,12,4,5,4,5,5,3,4,0,20,3,2,1,2,Không
NV20260599,32,Nữ,Độc thân,Đà Nẵng,Toàn thời gian,Cao đẳng,Nhân sự,Marketing,Chuyên viên nội dung,3,Ít,Không,24300000,7,10,4,3,4,4,3,3,4,2,11,6,4,1,3,Không
NV20260600,34,Nam,Độc thân,TP. Hồ Chí Minh,Toàn thời gian,Đại học,Tài chính,Kinh doanh,Trưởng nhóm kinh doanh,3,Không công tác,Không,24500000,8,20,4,3,4,1,3,5,3,1,14,5,4,2,3,Có
NV20260601,31,Nam,Đã kết hôn,Đà Nẵng,Thử việc,Đại học,Kinh tế,Công nghệ thông tin,Kỹ sư kiểm thử,3,Không công tác,Không,23000000,17,13,4,4,3,3,3,2,3,4,6,6,3,4,4,Không
NV20260602,32,Nữ,Độc thân,TP. Hồ Chí Minh,Toàn thời gian,Đại học,Tài chính,Kinh doanh,Trưởng nhóm kinh doanh,2,Không công tác,Có,18500000,7,8,4,4,5,3,4,2,4,1,8,3,1,1,3,Không
NV20260603,42,Nam,Độc thân,Hà Nội,Hợp đồng xác định thời hạn,Đại học,Khác,Vận hành,Trưởng nhóm vận hành,4,Ít,Có,30800000,12,9,1,2,4,4,2,2,3,3,19,12,10,4,9,Không
NV20260604,39,Nữ,Đã kết hôn,Hà Nội,Thử việc,Đại học,Tài chính,Chăm sóc khách hàng,Nhân viên chăm sóc khách hàng,2,Ít,Có,24000000,12,11,3,3,3,3,3,3,4,1,19,3,2,1,1,Có
NV20260605,28,Nam,Đã kết hôn,Hà Nội,Toàn thời gian,THPT,Khác,Marketing,Chuyên viên marketing,2,Không công tác,Không,16800000,6,13,3,3,5,3,5,3,5,1,2,2,1,1,2,Không
NV20260606,31,Nam,Đã kết hôn,TP. Hồ Chí Minh,Hợp đồng xác định thời hạn,THPT,Công nghệ thông tin,Tài chính - Kế toán,Chuyên viên tài chính,3,Ít,Không,20300000,12,4,4,4,4,3,2,5,5,1,10,4,3,3,3,Có
NV20260607,30,Nam,Độc thân,Hà Nội,Toàn thời gian,Đại học,Công nghệ thông tin,Tài chính - Kế toán,Kế toán viên,2,Thường xuyên,Có,18100000,7,21,1,5,4,2,2,2,3,1,7,3,2,1,2,Có
NV20260608,34,Nam,Độc thân,TP. Hồ Chí Minh,Toàn thời gian,Cao đẳng,Công nghệ thông tin,Kinh doanh,Nhân viên kinh doanh,2,Không công tác,Có,15100000,11,8,3,3,4,3,1,3,2,3,2,2,1,1,1,Không
NV20260609,35,Nam,Độc thân,Hải Phòng,Thử việc,Đại học,Công nghệ thông tin,Marketing,Chuyên viên nội dung,4,Ít,Không,31100000,8,3,2,4,3,2,1,4,0,3,17,8,6,5,3,Không
NV20260610,39,Nam,Độc thân,Cần Thơ,Toàn thời gian,Thạc sĩ,Công nghệ thông tin,Công nghệ thông tin,Kỹ sư kiểm thử,4,Ít,Có,30700000,8,2,5,3,3,3,3,3,2,1,16,10,5,8,8,Không
NV20260611,26,Nữ,Đã kết hôn,Hà Nội,Thử việc,Thạc sĩ,Công nghệ thông tin,Kinh doanh,Nhân viên kinh doanh,1,Thường xuyên,Có,13000000,12,10,2,4,2,3,3,2,3,3,1,1,0,1,1,Có
NV20260612,20,Nữ,Ly hôn,Hà Nội,Toàn thời gian,Cao đẳng,Tài chính,Kinh doanh,Nhân viên kinh doanh,1,Thường xuyên,Không,14100000,14,12,4,3,1,4,4,4,3,1,0,0,0,0,0,Có
NV20260613,31,Nam,Đã kết hôn,TP. Hồ Chí Minh,Toàn thời gian,Đại học,Công nghệ thông tin,Chăm sóc khách hàng,Nhân viên chăm sóc khách hàng,2,Không công tác,Có,18000000,5,1,2,4,3,3,3,3,4,1,7,3,2,2,2,Không
NV20260614,32,Nam,Đã kết hôn,TP. Hồ Chí Minh,Toàn thời gian,Cao đẳng,Tài chính,Kinh doanh,Trưởng nhóm kinh doanh,2,Không công tác,Không,21800000,11,12,1,4,4,3,2,3,5,4,14,3,3,1,2,Không
NV20260615,23,Nam,Đã kết hôn,Đà Nẵng,Toàn thời gian,Đại học,Kỹ thuật,Vận hành,Trưởng nhóm vận hành,2,Không công tác,Có,17800000,9,10,2,3,3,2,2,4,1,1,5,3,1,2,1,Có
NV20260616,29,Nữ,Độc thân,Bình Dương,Toàn thời gian,Đại học,Kinh tế,Kinh doanh,Trưởng nhóm kinh doanh,3,Thường xuyên,Có,25600000,12,6,2,4,3,3,5,3,2,3,11,4,2,2,2,Có
NV20260617,48,Nữ,Đã kết hôn,Đà Nẵng,Toàn thời gian,Đại học,Công nghệ thông tin,Công nghệ thông tin,Kỹ sư kiểm thử,4,Không công tác,Không,36600000,9,3,1,5,2,4,3,4,2,3,28,8,4,6,5,Không
NV20260618,23,Nam,Độc thân,Hải Phòng,Toàn thời gian,Đại học,Khác,Vận hành,Trưởng nhóm vận hành,2,Ít,Không,16200000,10,6,3,1,3,4,3,4,2,1,5,3,2,1,2,Không
NV20260619,27,Nữ,Độc thân,TP. Hồ Chí Minh,Toàn thời gian,Đại học,Kinh tế,Marketing,Chuyên viên marketing,1,Không công tác,Không,12300000,9,23,4,4,2,2,1,4,1,1,1,1,1,1,1,Có
NV20260620,24,Nam,Độc thân,TP. Hồ Chí Minh,Toàn thời gian,Cao đẳng,Tài chính,Kinh doanh,Nhân viên kinh doanh,2,Không công tác,Không,18600000,9,12,5,3,2,4,4,2,2,2,5,3,2,1,2,Không
NV20260621,23,Nam,Độc thân,Đà Nẵng,Hợp đồng xác định thời hạn,Thạc sĩ,Khác,Công nghệ thông tin,Kỹ sư dữ liệu,2,Không công tác,Không,17000000,11,10,2,3,4,4,3,2,4,1,4,2,1,1,2,Không
NV20260622,20,Nam,Đã kết hôn,TP. Hồ Chí Minh,Thử việc,Đại học,Nhân sự,Kinh doanh,Nhân viên kinh doanh,1,Ít,Không,9100000,5,11,3,3,3,5,4,2,2,2,0,0,0,0,0,Không
NV20260623,27,Nam,Độc thân,Bình Dương,Thử việc,Tiến sĩ,Tài chính,Kinh doanh,Nhân viên kinh doanh,1,Ít,Không,11900000,6,6,5,5,2,5,2,3,3,2,0,0,0,0,0,Không
NV20260624,37,Nữ,Ly hôn,Cần Thơ,Toàn thời gian,Đại học,Công nghệ thông tin,Nghiên cứu và Phát triển,Chuyên viên R&D,2,Ít,Có,17800000,10,6,3,3,5,3,4,3,4,1,7,2,1,1,1,Có
NV20260625,36,Nữ,Độc thân,TP. Hồ Chí Minh,Thử việc,Đại học,Công nghệ thông tin,Marketing,Trưởng nhóm marketing,5,Không công tác,Không,33400000,11,10,5,4,5,3,3,3,1,1,16,16,12,11,8,Không
NV20260626,28,Nam,Đã kết hôn,TP. Hồ Chí Minh,Toàn thời gian,Cao đẳng,Khác,Kinh doanh,Quản lý kinh doanh,1,Không công tác,Không,12900000,13,18,4,1,4,3,4,3,5,1,0,0,0,0,0,Có
NV20260627,35,Nữ,Đã kết hôn,TP. Hồ Chí Minh,Toàn thời gian,Đại học,Marketing,Nhân sự,Chuyên viên tuyển dụng,4,Không công tác,Không,29000000,10,15,3,1,5,4,4,5,6,3,11,11,8,4,7,Không
NV20260628,28,Nam,Độc thân,TP. Hồ Chí Minh,Toàn thời gian,Đại học,Công nghệ thông tin,Vận hành,Trưởng nhóm vận hành,1,Ít,Có,13600000,12,6,3,3,5,5,4,3,4,6,0,0,0,0,0,Không
NV20260629,35,Nam,Đã kết hôn,Hà Nội,Hợp đồng xác định thời hạn,Thạc sĩ,Kinh tế,Kinh doanh,Trưởng nhóm kinh doanh,3,Không công tác,Có,26400000,12,4,2,2,5,2,2,2,4,1,13,7,6,2,6,Có
NV20260630,27,Nữ,Đã kết hôn,Hà Nội,Toàn thời gian,Đại học,Công nghệ thông tin,Nghiên cứu và Phát triển,Kỹ sư R&D,3,Không công tác,Không,24300000,11,8,3,1,4,3,4,4,3,1,6,6,4,3,4,Không
NV20260631,32,Nữ,Đã kết hôn,Hà Nội,Toàn thời gian,Thạc sĩ,Công nghệ thông tin,Kinh doanh,Nhân viên kinh doanh,2,Ít,Không,18400000,14,18,1,3,4,3,3,4,3,2,9,3,2,1,2,Có
NV20260632,35,Nam,Đã kết hôn,TP. Hồ Chí Minh,Toàn thời gian,Đại học,Tài chính,Chăm sóc khách hàng,Trưởng nhóm chăm sóc khách hàng,3,Không công tác,Có,23800000,15,5,4,4,5,3,1,3,3,1,5,5,3,2,3,Có
NV20260633,34,Nam,Độc thân,Hải Phòng,Toàn thời gian,Thạc sĩ,Công nghệ thông tin,Nghiên cứu và Phát triển,Trưởng nhóm R&D,2,Ít,Không,20600000,8,14,2,2,4,5,3,3,4,2,11,3,2,2,2,Có
NV20260634,39,Nữ,Độc thân,TP. Hồ Chí Minh,Toàn thời gian,Đại học,Khác,Nghiên cứu và Phát triển,Chuyên viên R&D,4,Ít,Không,30200000,7,12,5,5,3,3,4,4,3,1,15,8,6,4,4,Không
NV20260635,34,Nữ,Đã kết hôn,TP. Hồ Chí Minh,Toàn thời gian,THPT,Khác,Công nghệ thông tin,Kỹ sư dữ liệu,2,Ít,Có,18700000,12,1,1,4,2,2,4,4,2,1,14,2,1,0,1,Có
NV20260636,27,Nam,Độc thân,Hải Phòng,Toàn thời gian,Cao đẳng,Kỹ thuật,Marketing,Chuyên viên nội dung,3,Ít,Không,25700000,15,10,3,2,4,3,2,4,4,3,8,6,5,4,5,Không
NV20260637,43,Nam,Độc thân,TP. Hồ Chí Minh,Hợp đồng xác định thời hạn,Cao đẳng,Công nghệ thông tin,Marketing,Chuyên viên marketing,3,Không công tác,Không,24700000,11,17,5,5,4,4,3,4,3,0,18,7,3,2,4,Không
NV20260638,35,Nam,Đã kết hôn,Cần Thơ,Toàn thời gian,Đại học,Kinh tế,Marketing,Chuyên viên nội dung,2,Ít,Có,22500000,6,8,4,2,4,3,3,2,4,4,12,2,1,1,1,Có
NV20260639,41,Nam,Độc thân,Cần Thơ,Toàn thời gian,Đại học,Kinh tế,Kinh doanh,Nhân viên kinh doanh,1,Ít,Không,15500000,5,3,1,4,4,5,3,3,3,1,10,1,0,0,0,Không
NV20260640,38,Nam,Độc thân,Hà Nội,Toàn thời gian,Đại học,Nhân sự,Kinh doanh,Nhân viên kinh doanh,3,Thường xuyên,Có,30300000,10,12,4,3,5,3,2,4,5,1,20,6,5,5,5,Có
NV20260641,34,Nam,Đã kết hôn,TP. Hồ Chí Minh,Toàn thời gian,Thạc sĩ,Công nghệ thông tin,Công nghệ thông tin,Kỹ sư kiểm thử,4,Ít,Không,28700000,12,14,3,3,2,5,4,4,5,1,14,8,5,3,5,Không
NV20260642,35,Nam,Độc thân,TP. Hồ Chí Minh,Toàn thời gian,Đại học,Khác,Vận hành,Điều phối viên,2,Ít,Có,16000000,13,9,1,2,2,3,3,3,3,1,4,2,1,1,1,Có
NV20260643,33,Nam,Đã kết hôn,TP. Hồ Chí Minh,Toàn thời gian,Đại học,Kỹ thuật,Vận hành,Trưởng nhóm vận hành,2,Ít,Không,18500000,11,10,4,3,3,4,3,3,0,2,7,2,1,1,1,Không
NV20260644,38,Nam,Độc thân,Hà Nội,Toàn thời gian,Đại học,Công nghệ thông tin,Nhân sự,Chuyên viên nhân sự,3,Không công tác,Không,26500000,9,7,3,5,5,5,4,2,3,1,15,7,4,5,2,Không
NV20260645,37,Nữ,Độc thân,Bình Dương,Toàn thời gian,Đại học,Kỹ thuật,Tài chính - Kế toán,Trưởng nhóm tài chính,1,Không công tác,Không,17500000,5,17,4,2,5,3,5,3,2,1,14,1,1,0,0,Không
NV20260646,30,Nữ,Độc thân,Đà Nẵng,Toàn thời gian,Đại học,Công nghệ thông tin,Nghiên cứu và Phát triển,Trưởng nhóm R&D,2,Ít,Có,18700000,5,1,3,4,3,3,2,3,5,1,3,2,1,1,2,Không
NV20260647,30,Nam,Ly hôn,Hà Nội,Toàn thời gian,Đại học,Kỹ thuật,Tài chính - Kế toán,Kế toán viên,3,Không công tác,Không,25700000,14,6,5,3,5,3,5,2,2,3,11,5,2,2,4,Không
NV20260648,37,Nữ,Độc thân,Cần Thơ,Toàn thời gian,Thạc sĩ,Nhân sự,Nhân sự,Chuyên viên tuyển dụng,3,Không công tác,Không,21500000,7,6,3,2,1,4,5,1,4,3,6,6,5,2,5,Không
NV20260649,45,Nam,Độc thân,TP. Hồ Chí Minh,Toàn thời gian,THPT,Nhân sự,Vận hành,Nhân viên vận hành,3,Không công tác,Có,25500000,7,2,4,4,3,5,2,4,4,2,14,5,2,3,4,Không
NV20260650,44,Nam,Đã kết hôn,TP. Hồ Chí Minh,Toàn thời gian,Đại học,Công nghệ thông tin,Vận hành,Nhân viên vận hành,3,Ít,Có,27300000,16,18,3,5,4,4,4,2,4,1,22,4,2,2,2,Không
NV20260651,29,Nữ,Độc thân,Bình Dương,Toàn thời gian,Đại học,Kinh tế,Nghiên cứu và Phát triển,Chuyên viên R&D,3,Không công tác,Không,25000000,6,20,4,2,4,4,2,4,2,3,9,7,3,5,2,Có
NV20260652,22,Nam,Đã kết hôn,TP. Hồ Chí Minh,Toàn thời gian,Đại học,Kinh tế,Marketing,Chuyên viên nội dung,1,Ít,Không,11000000,11,17,3,5,3,4,2,3,4,3,0,0,0,0,0,Không
NV20260653,26,Nam,Đã kết hôn,Hà Nội,Thử việc,Đại học,Công nghệ thông tin,Nhân sự,Chuyên viên tuyển dụng,1,Không công tác,Có,11300000,12,11,4,3,2,2,5,4,4,2,0,0,0,0,0,Không
NV20260654,20,Nam,Độc thân,Hải Phòng,Toàn thời gian,Đại học,Công nghệ thông tin,Công nghệ thông tin,Kỹ sư dữ liệu,1,Không công tác,Có,12700000,10,7,3,5,3,4,5,3,3,3,0,0,0,0,0,Không
NV20260655,32,Nam,Đã kết hôn,Bình Dương,Thử việc,Đại học,Kỹ thuật,Vận hành,Trưởng nhóm vận hành,3,Ít,Không,23500000,13,5,5,1,5,2,3,4,6,1,12,4,3,2,3,Không
NV20260656,23,Nữ,Độc thân,Đà Nẵng,Toàn thời gian,Đại học,Công nghệ thông tin,Tài chính - Kế toán,Chuyên viên tài chính,1,Thường xuyên,Không,13400000,9,6,1,1,1,3,2,4,6,1,0,0,0,0,0,Có
NV20260657,20,Nữ,Đã kết hôn,Hải Phòng,Toàn thời gian,Cao đẳng,Công nghệ thông tin,Nghiên cứu và Phát triển,Trưởng nhóm R&D,1,Ít,Không,12200000,3,5,5,2,3,4,5,3,1,1,1,0,0,0,0,Có
NV20260658,24,Nữ,Độc thân,Hà Nội,Toàn thời gian,Cao đẳng,Tài chính,Tài chính - Kế toán,Kế toán viên,1,Ít,Không,12100000,8,16,5,5,4,4,5,3,5,1,0,0,0,0,0,Có
NV20260659,21,Nữ,Độc thân,Bình Dương,Toàn thời gian,Cao đẳng,Kỹ thuật,Tài chính - Kế toán,Chuyên viên tài chính,1,Ít,Có,11900000,8,15,3,3,5,3,4,3,3,5,0,0,0,0,0,Có
NV20260660,38,Nữ,Độc thân,Hà Nội,Toàn thời gian,Đại học,Tài chính,Marketing,Chuyên viên nội dung,4,Không công tác,Không,27500000,12,20,5,2,5,4,5,3,1,3,9,9,4,3,4,Không
NV20260661,37,Nam,Đã kết hôn,Hà Nội,Toàn thời gian,Đại học,Khác,Kinh doanh,Trưởng nhóm kinh doanh,2,Ít,Không,22000000,10,11,3,2,1,2,5,5,2,2,17,2,1,1,1,Có
NV20260662,26,Nữ,Ly hôn,Đà Nẵng,Toàn thời gian,Đại học,Kỹ thuật,Công nghệ thông tin,Lập trình viên,3,Ít,Không,21300000,10,2,3,4,3,5,3,3,4,4,8,6,5,1,4,Không
NV20260663,39,Nữ,Ly hôn,Hà Nội,Toàn thời gian,Thạc sĩ,Kỹ thuật,Tài chính - Kế toán,Trưởng nhóm tài chính,3,Thường xuyên,Không,31300000,11,4,4,4,3,3,5,3,3,4,21,4,2,2,2,Không
NV20260664,36,Nam,Độc thân,Hà Nội,Toàn thời gian,Đại học,Tài chính,Chăm sóc khách hàng,Nhân viên chăm sóc khách hàng,3,Ít,Không,20700000,10,23,1,1,3,3,2,4,4,2,7,7,3,2,4,Không
NV20260665,31,Nam,Đã kết hôn,Hà Nội,Toàn thời gian,Thạc sĩ,Công nghệ thông tin,Chăm sóc khách hàng,Trưởng nhóm chăm sóc khách hàng,1,Ít,Không,13600000,8,3,3,3,2,4,4,2,5,0,5,1,1,0,0,Không
NV20260666,29,Nữ,Đã kết hôn,TP. Hồ Chí Minh,Toàn thời gian,Đại học,Tài chính,Công nghệ thông tin,Kỹ sư dữ liệu,3,Không công tác,Có,24900000,7,19,3,1,5,2,4,2,4,0,7,4,3,3,2,Không
NV20260667,40,Nữ,Độc thân,Hải Phòng,Hợp đồng xác định thời hạn,Thạc sĩ,Kinh tế,Công nghệ thông tin,Kỹ sư dữ liệu,1,Không công tác,Không,17500000,6,10,1,3,1,3,2,3,2,0,14,1,1,0,1,Không
NV20260668,29,Nữ,Đã kết hôn,Hà Nội,Toàn thời gian,Đại học,Kỹ thuật,Kinh doanh,Nhân viên kinh doanh,3,Thường xuyên,Có,23700000,10,5,3,3,5,5,3,5,2,2,8,7,4,3,3,Không
NV20260669,44,Nữ,Đã kết hôn,TP. Hồ Chí Minh,Toàn thời gian,Đại học,Công nghệ thông tin,Kinh doanh,Quản lý kinh doanh,3,Ít,Không,29800000,7,7,4,3,3,3,4,1,2,2,22,4,3,3,2,Không
NV20260670,34,Nam,Độc thân,Hải Phòng,Toàn thời gian,Đại học,Công nghệ thông tin,Kinh doanh,Trưởng nhóm kinh doanh,1,Không công tác,Không,20800000,11,11,4,2,3,3,3,4,2,5,16,1,1,0,1,Không
NV20260671,20,Nữ,Đã kết hôn,Hà Nội,Toàn thời gian,Thạc sĩ,Công nghệ thông tin,Công nghệ thông tin,Lập trình viên,1,Ít,Có,10500000,13,9,4,3,3,4,4,4,2,2,0,0,0,0,0,Không
NV20260672,30,Nữ,Đã kết hôn,TP. Hồ Chí Minh,Thử việc,Tiến sĩ,Kỹ thuật,Vận hành,Điều phối viên,2,Không công tác,Không,19400000,11,2,5,4,4,5,4,3,3,5,6,2,1,2,1,Không
NV20260673,40,Nam,Đã kết hôn,Bình Dương,Toàn thời gian,Cao đẳng,Tài chính,Chăm sóc khách hàng,Trưởng nhóm chăm sóc khách hàng,4,Ít,Không,29000000,7,8,3,3,2,3,3,4,3,4,17,11,6,2,9,Không
NV20260674,43,Nam,Đã kết hôn,Đà Nẵng,Hợp đồng xác định thời hạn,Thạc sĩ,Khác,Vận hành,Trưởng nhóm vận hành,4,Ít,Không,33400000,3,31,2,2,4,3,4,3,4,6,22,9,6,7,4,Không
NV20260675,37,Nam,Đã kết hôn,TP. Hồ Chí Minh,Thử việc,Cao đẳng,Công nghệ thông tin,Marketing,Chuyên viên nội dung,3,Không công tác,Không,27800000,15,5,2,3,4,2,3,4,2,0,19,4,2,2,2,Không
NV20260676,23,Nữ,Đã kết hôn,TP. Hồ Chí Minh,Toàn thời gian,Tiến sĩ,Kinh tế,Nhân sự,Chuyên viên nhân sự,1,Không công tác,Có,12400000,10,11,4,2,3,4,4,4,5,1,0,0,0,0,0,Không
NV20260677,33,Nam,Đã kết hôn,Hải Phòng,Toàn thời gian,Đại học,Nhân sự,Marketing,Chuyên viên nội dung,2,Không công tác,Có,19900000,9,13,3,1,2,3,2,3,4,1,9,3,1,2,2,Không
NV20260678,30,Nam,Độc thân,Hà Nội,Toàn thời gian,Cao đẳng,Kỹ thuật,Công nghệ thông tin,Lập trình viên,2,Thường xuyên,Có,18400000,7,1,1,2,3,2,1,5,5,3,10,2,1,2,1,Có
NV20260679,40,Nữ,Đã kết hôn,TP. Hồ Chí Minh,Thử việc,THPT,Tài chính,Nhân sự,Chuyên viên tuyển dụng,3,Không công tác,Có,24200000,9,2,3,3,3,4,3,2,2,2,12,5,3,1,2,Không
NV20260680,21,Nữ,Độc thân,Hải Phòng,Toàn thời gian,Thạc sĩ,Kinh tế,Marketing,Chuyên viên marketing,1,Ít,Không,11700000,13,15,2,5,3,3,4,3,6,2,2,1,0,1,0,Không
NV20260681,24,Nữ,Độc thân,Bình Dương,Toàn thời gian,THPT,Nhân sự,Kinh doanh,Trưởng nhóm kinh doanh,2,Thường xuyên,Không,15700000,11,11,2,4,2,3,4,4,5,1,6,2,2,1,1,Không
NV20260682,32,Nam,Đã kết hôn,Đà Nẵng,Toàn thời gian,Đại học,Công nghệ thông tin,Vận hành,Trưởng nhóm vận hành,1,Không công tác,Không,14000000,10,6,3,2,2,4,2,3,3,0,1,1,0,0,0,Không
NV20260683,22,Nam,Độc thân,Hà Nội,Toàn thời gian,Đại học,Nhân sự,Chăm sóc khách hàng,Nhân viên chăm sóc khách hàng,1,Không công tác,Không,12500000,9,4,5,4,4,3,5,4,3,4,0,0,0,0,0,Có
NV20260684,33,Nữ,Ly hôn,Hà Nội,Toàn thời gian,Đại học,Marketing,Nghiên cứu và Phát triển,Chuyên viên R&D,3,Không công tác,Không,26700000,5,5,2,1,3,3,4,4,4,1,15,4,3,1,2,Không
NV20260685,30,Nam,Độc thân,TP. Hồ Chí Minh,Toàn thời gian,Cao đẳng,Kỹ thuật,Công nghệ thông tin,Kỹ sư dữ liệu,3,Ít,Có,24000000,13,5,2,4,4,4,2,2,2,0,12,7,4,3,6,Không
NV20260686,31,Nữ,Đã kết hôn,Hà Nội,Toàn thời gian,Đại học,Kỹ thuật,Kinh doanh,Trưởng nhóm kinh doanh,1,Ít,Có,18800000,12,24,2,3,3,4,2,4,3,3,9,0,0,0,0,Không
NV20260687,24,Nữ,Đã kết hôn,Hà Nội,Hợp đồng xác định thời hạn,Cao đẳng,Tài chính,Kinh doanh,Quản lý kinh doanh,1,Ít,Có,12400000,11,10,1,5,4,1,4,3,4,1,0,0,0,0,0,Không
NV20260688,21,Nữ,Đã kết hôn,Hà Nội,Toàn thời gian,Cao đẳng,Khác,Nhân sự,Chuyên viên nhân sự,1,Không công tác,Không,13400000,8,16,3,3,5,3,2,4,0,2,0,0,0,0,0,Không
NV20260689,28,Nam,Độc thân,Hải Phòng,Toàn thời gian,Đại học,Kỹ thuật,Vận hành,Nhân viên vận hành,1,Ít,Không,12800000,9,21,3,4,3,3,1,3,3,6,0,0,0,0,0,Có
NV20260690,39,Nữ,Ly hôn,TP. Hồ Chí Minh,Thử việc,Thạc sĩ,Tài chính,Marketing,Chuyên viên marketing,3,Không công tác,Không,27300000,6,5,4,3,4,4,5,2,4,1,20,5,3,4,3,Không
NV20260691,33,Nữ,Đã kết hôn,TP. Hồ Chí Minh,Toàn thời gian,Đại học,Kỹ thuật,Kinh doanh,Quản lý kinh doanh,1,Không công tác,Có,9800000,11,4,4,2,3,3,2,2,3,2,0,0,0,0,0,Có
NV20260692,22,Nữ,Đã kết hôn,Hà Nội,Toàn thời gian,Thạc sĩ,Tài chính,Marketing,Chuyên viên nội dung,1,Ít,Không,12800000,6,5,3,3,2,3,2,2,2,5,0,0,0,0,0,Không
NV20260693,32,Nữ,Đã kết hôn,Cần Thơ,Toàn thời gian,Thạc sĩ,Marketing,Kinh doanh,Quản lý kinh doanh,3,Không công tác,Có,26100000,8,26,2,2,3,2,5,3,3,2,12,7,5,5,3,Không
NV20260694,31,Nữ,Độc thân,Cần Thơ,Toàn thời gian,Thạc sĩ,Khác,Marketing,Chuyên viên marketing,3,Thường xuyên,Không,21300000,15,11,4,5,4,4,3,4,5,1,6,5,3,1,4,Không
NV20260695,34,Nam,Đã kết hôn,Đà Nẵng,Toàn thời gian,THPT,Kỹ thuật,Vận hành,Điều phối viên,2,Không công tác,Có,20800000,14,5,4,3,5,4,4,3,0,2,12,3,2,1,1,Không
NV20260696,29,Nữ,Độc thân,Đà Nẵng,Toàn thời gian,Thạc sĩ,Công nghệ thông tin,Vận hành,Nhân viên vận hành,2,Ít,Có,18100000,12,4,4,4,4,4,4,4,2,1,11,2,2,1,1,Không
NV20260697,32,Nam,Độc thân,Đà Nẵng,Hợp đồng xác định thời hạn,THPT,Nhân sự,Tài chính - Kế toán,Kế toán viên,1,Không công tác,Không,19300000,12,3,3,3,2,4,4,3,2,0,11,1,0,0,1,Không
NV20260698,24,Nam,Đã kết hôn,Bình Dương,Toàn thời gian,Thạc sĩ,Kinh tế,Kinh doanh,Nhân viên kinh doanh,3,Ít,Có,21200000,7,6,4,5,1,3,4,4,3,4,6,4,3,2,3,Có
NV20260699,44,Nữ,Độc thân,TP. Hồ Chí Minh,Toàn thời gian,Đại học,Kỹ thuật,Nghiên cứu và Phát triển,Kỹ sư R&D,4,Ít,Không,33300000,10,5,1,5,1,4,5,3,2,1,22,9,4,6,5,Không
NV20260700,38,Nữ,Độc thân,Đà Nẵng,Toàn thời gian,Đại học,Công nghệ thông tin,Vận hành,Điều phối viên,3,Ít,Không,19500000,11,15,3,3,3,5,2,4,4,1,5,5,2,1,4,Không
NV20260701,30,Nữ,Đã kết hôn,TP. Hồ Chí Minh,Thử việc,Cao đẳng,Khác,Tài chính - Kế toán,Trưởng nhóm tài chính,2,Ít,Có,21400000,8,5,4,5,5,3,3,3,2,0,12,3,2,1,2,Không
NV20260702,24,Nam,Đã kết hôn,Hải Phòng,Toàn thời gian,Đại học,Tài chính,Kinh doanh,Nhân viên kinh doanh,3,Ít,Có,19000000,10,10,5,2,3,3,3,5,2,4,6,4,2,2,3,Có
NV20260703,28,Nữ,Độc thân,TP. Hồ Chí Minh,Toàn thời gian,Đại học,Công nghệ thông tin,Vận hành,Trưởng nhóm vận hành,1,Không công tác,Không,12800000,12,11,2,5,4,2,5,3,3,1,0,0,0,0,0,Có
NV20260704,38,Nam,Đã kết hôn,Bình Dương,Toàn thời gian,Thạc sĩ,Kỹ thuật,Kinh doanh,Quản lý kinh doanh,4,Không công tác,Có,30900000,4,2,3,5,2,2,3,1,2,3,20,8,4,4,3,Không
NV20260705,20,Nam,Độc thân,Hà Nội,Toàn thời gian,Đại học,Nhân sự,Chăm sóc khách hàng,Nhân viên chăm sóc khách hàng,1,Không công tác,Không,12200000,10,3,3,5,2,4,3,4,3,2,0,0,0,0,0,Không
NV20260706,31,Nam,Đã kết hôn,TP. Hồ Chí Minh,Toàn thời gian,Cao đẳng,Kỹ thuật,Tài chính - Kế toán,Chuyên viên tài chính,1,Ít,Có,11300000,8,6,4,3,3,2,3,3,4,3,1,1,1,1,1,Không
NV20260707,30,Nữ,Độc thân,Hà Nội,Hợp đồng xác định thời hạn,Đại học,Kinh tế,Nhân sự,Trưởng nhóm nhân sự,3,Ít,Không,20900000,11,12,4,4,4,5,3,3,3,3,4,4,3,2,2,Không
NV20260708,39,Nữ,Độc thân,Bình Dương,Toàn thời gian,Đại học,Tài chính,Nhân sự,Chuyên viên nhân sự,3,Không công tác,Không,26600000,9,6,2,4,5,3,3,4,1,1,15,4,2,2,3,Không
NV20260709,42,Nam,Đã kết hôn,Hải Phòng,Toàn thời gian,Cao đẳng,Kỹ thuật,Công nghệ thông tin,Lập trình viên,2,Không công tác,Không,24600000,14,11,5,1,2,4,2,5,2,1,24,3,1,1,3,Không
NV20260710,20,Nam,Độc thân,Đà Nẵng,Toàn thời gian,Đại học,Công nghệ thông tin,Marketing,Chuyên viên nội dung,1,Ít,Có,14000000,13,5,3,3,3,2,3,4,1,3,0,0,0,0,0,Không
NV20260711,42,Nữ,Đã kết hôn,Đà Nẵng,Toàn thời gian,Thạc sĩ,Khác,Tài chính - Kế toán,Kế toán viên,4,Ít,Không,32700000,6,3,2,4,3,4,3,4,2,2,18,9,6,5,7,Không
NV20260712,43,Nam,Ly hôn,Cần Thơ,Toàn thời gian,Đại học,Công nghệ thông tin,Nhân sự,Chuyên viên tuyển dụng,3,Không công tác,Không,31200000,11,2,4,1,4,2,3,4,5,4,25,6,3,2,5,Không
NV20260713,33,Nam,Độc thân,Hà Nội,Hợp đồng xác định thời hạn,Cao đẳng,Kỹ thuật,Kinh doanh,Trưởng nhóm kinh doanh,3,Ít,Có,23600000,11,1,3,4,4,2,4,5,2,4,4,4,2,2,3,Có
NV20260714,28,Nữ,Đã kết hôn,Bình Dương,Toàn thời gian,Đại học,Công nghệ thông tin,Công nghệ thông tin,Lập trình viên,2,Ít,Có,16800000,12,2,5,4,3,3,4,4,4,1,3,3,2,2,2,Không
NV20260715,30,Nam,Đã kết hôn,Hà Nội,Toàn thời gian,Tiến sĩ,Công nghệ thông tin,Vận hành,Điều phối viên,3,Thường xuyên,Không,21600000,8,6,2,5,2,4,4,3,3,0,4,4,2,1,2,Không
NV20260716,25,Nữ,Độc thân,Đà Nẵng,Toàn thời gian,Thạc sĩ,Công nghệ thông tin,Tài chính - Kế toán,Trưởng nhóm tài chính,1,Ít,Không,12900000,14,6,3,4,4,2,4,5,6,0,0,0,0,0,0,Không
NV20260717,32,Nữ,Độc thân,Hà Nội,Hợp đồng xác định thời hạn,Đại học,Khác,Kinh doanh,Nhân viên kinh doanh,1,Thường xuyên,Có,12600000,3,3,2,2,5,1,2,1,4,3,7,1,1,1,1,Không
NV20260718,45,Nam,Đã kết hôn,Cần Thơ,Thử việc,Thạc sĩ,Công nghệ thông tin,Tài chính - Kế toán,Kế toán viên,3,Không công tác,Có,29700000,7,10,5,5,5,3,3,3,4,0,24,7,3,2,3,Không
NV20260719,33,Nam,Đã kết hôn,Cần Thơ,Toàn thời gian,Đại học,Khác,Công nghệ thông tin,Lập trình viên,2,Không công tác,Không,17400000,9,7,5,4,3,4,3,3,5,1,5,3,2,1,2,Không
NV20260720,37,Nam,Đã kết hôn,Bình Dương,Toàn thời gian,Đại học,Marketing,Tài chính - Kế toán,Kế toán viên,2,Ít,Không,23000000,10,4,2,5,4,3,4,4,1,3,18,2,1,1,1,Có
NV20260721,27,Nam,Đã kết hôn,Hà Nội,Toàn thời gian,Đại học,Kinh tế,Kinh doanh,Nhân viên kinh doanh,1,Ít,Có,11400000,11,15,4,4,3,3,3,4,5,2,0,0,0,0,0,Không
NV20260722,39,Nam,Đã kết hôn,Hải Phòng,Toàn thời gian,Đại học,Công nghệ thông tin,Công nghệ thông tin,Kỹ sư dữ liệu,2,Ít,Không,19600000,4,8,3,3,2,4,3,4,2,2,15,2,1,1,1,Không
NV20260723,37,Nam,Đã kết hôn,Hà Nội,Toàn thời gian,Cao đẳng,Công nghệ thông tin,Marketing,Chuyên viên marketing,3,Không công tác,Có,27400000,10,9,4,2,4,4,2,2,4,2,15,5,2,3,4,Không
NV20260724,24,Nam,Ly hôn,TP. Hồ Chí Minh,Toàn thời gian,Thạc sĩ,Kỹ thuật,Chăm sóc khách hàng,Trưởng nhóm chăm sóc khách hàng,3,Ít,Không,18100000,13,3,4,3,4,3,3,2,4,7,4,4,2,1,1,Không
NV20260725,20,Nữ,Đã kết hôn,TP. Hồ Chí Minh,Toàn thời gian,Đại học,Công nghệ thông tin,Vận hành,Trưởng nhóm vận hành,1,Ít,Không,10900000,7,1,3,4,4,5,1,5,5,1,0,0,0,0,0,Có
NV20260726,37,Nữ,Độc thân,Hà Nội,Thử việc,Đại học,Kinh tế,Vận hành,Trưởng nhóm vận hành,3,Ít,Có,25300000,17,1,1,3,1,3,3,4,4,3,19,4,3,2,3,Có
NV20260727,42,Nam,Độc thân,TP. Hồ Chí Minh,Toàn thời gian,Thạc sĩ,Kinh tế,Marketing,Chuyên viên nội dung,1,Thường xuyên,Không,21100000,3,23,4,4,4,5,4,5,3,1,22,1,1,1,1,Không
NV20260728,27,Nữ,Đã kết hôn,TP. Hồ Chí Minh,Hợp đồng xác định thời hạn,Cao đẳng,Công nghệ thông tin,Công nghệ thông tin,Lập trình viên,1,Không công tác,Không,16500000,10,10,4,2,4,3,4,2,1,3,4,1,0,0,0,Không
NV20260729,41,Nữ,Độc thân,TP. Hồ Chí Minh,Toàn thời gian,Cao đẳng,Kinh tế,Marketing,Chuyên viên nội dung,2,Thường xuyên,Không,25200000,16,5,1,4,3,3,3,3,2,3,23,2,1,0,1,Có
NV20260730,24,Nữ,Độc thân,Cần Thơ,Toàn thời gian,Cao đẳng,Kinh tế,Kinh doanh,Trưởng nhóm kinh doanh,1,Không công tác,Không,12200000,11,4,3,2,3,4,5,4,0,1,1,1,0,1,1,Có
NV20260731,37,Nữ,Đã kết hôn,Hà Nội,Toàn thời gian,Đại học,Công nghệ thông tin,Công nghệ thông tin,Lập trình viên,2,Ít,Có,25700000,4,7,3,5,2,3,2,4,1,8,16,2,1,1,2,Có
NV20260732,37,Nữ,Độc thân,TP. Hồ Chí Minh,Toàn thời gian,Đại học,Công nghệ thông tin,Vận hành,Nhân viên vận hành,2,Không công tác,Không,21200000,14,2,4,3,4,3,3,2,4,4,13,2,1,1,1,Có
NV20260733,32,Nam,Độc thân,Hải Phòng,Toàn thời gian,Đại học,Công nghệ thông tin,Vận hành,Điều phối viên,1,Ít,Không,16500000,11,2,4,2,3,3,4,3,2,1,8,1,1,0,1,Có
NV20260734,36,Nữ,Độc thân,Hà Nội,Hợp đồng xác định thời hạn,Đại học,Marketing,Kinh doanh,Trưởng nhóm kinh doanh,3,Không công tác,Có,19900000,12,14,3,4,3,3,3,3,4,1,11,5,2,3,2,Không
NV20260735,30,Nam,Độc thân,TP. Hồ Chí Minh,Hợp đồng xác định thời hạn,Cao đẳng,Nhân sự,Kinh doanh,Trưởng nhóm kinh doanh,4,Không công tác,Có,29800000,7,5,5,2,5,1,4,3,2,1,10,10,7,7,6,Không
NV20260736,20,Nữ,Đã kết hôn,TP. Hồ Chí Minh,Toàn thời gian,Cao đẳng,Marketing,Kinh doanh,Quản lý kinh doanh,1,Không công tác,Có,13700000,13,10,3,2,4,2,3,2,5,6,0,0,0,0,0,Không
NV20260737,35,Nam,Độc thân,Đà Nẵng,Toàn thời gian,Đại học,Marketing,Công nghệ thông tin,Kỹ sư dữ liệu,3,Không công tác,Không,24800000,7,23,5,2,4,3,3,3,6,3,9,5,3,2,3,Có
NV20260738,45,Nữ,Độc thân,Hà Nội,Toàn thời gian,Đại học,Công nghệ thông tin,Công nghệ thông tin,Kỹ sư dữ liệu,4,Ít,Có,30900000,11,13,3,4,3,2,2,3,3,0,26,8,3,2,4,Không
NV20260739,39,Nam,Độc thân,Bình Dương,Toàn thời gian,Thạc sĩ,Khác,Vận hành,Nhân viên vận hành,2,Không công tác,Có,19800000,5,3,4,5,3,1,5,2,3,1,5,3,1,2,2,Không
NV20260740,23,Nữ,Đã kết hôn,Hải Phòng,Toàn thời gian,Đại học,Công nghệ thông tin,Kinh doanh,Quản lý kinh doanh,1,Ít,Có,11500000,11,1,1,5,5,2,4,3,3,1,0,0,0,0,0,Có
NV20260741,37,Nam,Đã kết hôn,Cần Thơ,Hợp đồng xác định thời hạn,Đại học,Kinh tế,Vận hành,Trưởng nhóm vận hành,2,Ít,Không,18800000,10,14,5,4,3,2,4,4,3,1,11,3,2,2,2,Không
NV20260742,22,Nữ,Độc thân,TP. Hồ Chí Minh,Toàn thời gian,Đại học,Khác,Tài chính - Kế toán,Kế toán viên,2,Không công tác,Không,15700000,12,5,2,5,3,3,4,4,5,1,4,2,1,2,1,Không
NV20260743,27,Nam,Độc thân,TP. Hồ Chí Minh,Toàn thời gian,Đại học,Kinh tế,Nhân sự,Trưởng nhóm nhân sự,3,Không công tác,Không,24700000,20,6,5,3,4,2,5,3,4,2,9,5,2,2,3,Không
NV20260744,28,Nữ,Độc thân,Cần Thơ,Toàn thời gian,Cao đẳng,Công nghệ thông tin,Chăm sóc khách hàng,Trưởng nhóm chăm sóc khách hàng,3,Ít,Không,22600000,12,4,3,4,3,4,4,5,4,1,8,7,6,5,4,Không
NV20260745,35,Nữ,Độc thân,Hà Nội,Toàn thời gian,Tiến sĩ,Kinh tế,Công nghệ thông tin,Kỹ sư kiểm thử,1,Thường xuyên,Không,21000000,8,13,4,3,2,4,4,3,2,1,17,1,1,0,0,Có
NV20260746,33,Nam,Độc thân,Hải Phòng,Toàn thời gian,Đại học,Tài chính,Kinh doanh,Quản lý kinh doanh,2,Ít,Có,17300000,10,1,4,4,1,5,5,4,4,4,11,2,1,1,1,Không
NV20260747,22,Nam,Đã kết hôn,TP. Hồ Chí Minh,Thử việc,Thạc sĩ,Công nghệ thông tin,Nghiên cứu và Phát triển,Kỹ sư R&D,2,Ít,Có,17500000,4,14,1,4,4,2,4,3,1,2,4,2,1,2,1,Có
NV20260748,34,Nữ,Đã kết hôn,Bình Dương,Toàn thời gian,Đại học,Nhân sự,Kinh doanh,Quản lý kinh doanh,3,Ít,Không,21900000,16,6,3,5,4,3,4,3,3,3,12,4,3,2,2,Không
NV20260749,27,Nam,Độc thân,Hà Nội,Toàn thời gian,Đại học,Công nghệ thông tin,Vận hành,Trưởng nhóm vận hành,1,Không công tác,Không,15200000,10,16,1,4,4,4,5,2,4,0,6,1,1,1,0,Không
NV20260750,22,Nữ,Độc thân,Bình Dương,Toàn thời gian,Đại học,Kỹ thuật,Công nghệ thông tin,Kỹ sư dữ liệu,1,Ít,Có,11900000,13,4,4,1,5,3,4,3,4,0,0,0,0,0,0,Có
NV20260751,32,Nữ,Độc thân,TP. Hồ Chí Minh,Hợp đồng xác định thời hạn,Đại học,Nhân sự,Kinh doanh,Nhân viên kinh doanh,3,Không công tác,Có,20500000,10,10,3,3,4,2,4,3,4,1,6,4,3,3,2,Không
NV20260752,43,Nữ,Đã kết hôn,Hà Nội,Toàn thời gian,Thạc sĩ,Tài chính,Chăm sóc khách hàng,Nhân viên chăm sóc khách hàng,2,Thường xuyên,Không,26500000,9,12,3,4,3,4,5,2,4,1,18,3,2,2,1,Có
NV20260753,24,Nam,Độc thân,Đà Nẵng,Toàn thời gian,Đại học,Khác,Công nghệ thông tin,Kỹ sư dữ liệu,2,Không công tác,Có,16700000,14,3,5,2,2,3,3,3,3,1,4,2,1,1,2,Không
NV20260754,31,Nữ,Độc thân,TP. Hồ Chí Minh,Toàn thời gian,Cao đẳng,Nhân sự,Tài chính - Kế toán,Chuyên viên tài chính,4,Ít,Có,28700000,12,3,3,3,4,4,4,3,2,3,13,8,6,6,4,Không
NV20260755,37,Nam,Độc thân,Hải Phòng,Toàn thời gian,Cao đẳng,Tài chính,Kinh doanh,Nhân viên kinh doanh,3,Ít,Không,25000000,14,6,3,3,4,4,3,4,0,0,15,4,3,3,4,Không
NV20260756,35,Nam,Độc thân,Hà Nội,Toàn thời gian,Đại học,Khác,Kinh doanh,Trưởng nhóm kinh doanh,3,Không công tác,Có,20000000,9,14,4,5,5,3,5,4,2,1,9,5,2,2,3,Có
NV20260757,35,Nữ,Đã kết hôn,Cần Thơ,Toàn thời gian,Thạc sĩ,Công nghệ thông tin,Nhân sự,Trưởng nhóm nhân sự,3,Không công tác,Có,24800000,6,8,1,5,2,2,3,4,4,0,12,5,2,1,4,Không
NV20260758,29,Nam,Độc thân,Đà Nẵng,Toàn thời gian,Cao đẳng,Kỹ thuật,Kinh doanh,Quản lý kinh doanh,3,Ít,Có,23900000,8,1,4,2,5,4,3,4,6,3,4,4,1,2,3,Có
NV20260759,38,Nữ,Độc thân,Bình Dương,Thử việc,Đại học,Kỹ thuật,Vận hành,Nhân viên vận hành,2,Không công tác,Không,21100000,8,28,3,5,4,2,3,5,4,3,12,2,1,1,1,Có
NV20260760,24,Nữ,Đã kết hôn,Bình Dương,Toàn thời gian,THPT,Marketing,Marketing,Chuyên viên nội dung,3,Ít,Không,22500000,9,4,3,4,2,3,4,4,4,1,6,4,2,1,3,Có
NV20260761,36,Nữ,Đã kết hôn,TP. Hồ Chí Minh,Toàn thời gian,Đại học,Tài chính,Vận hành,Trưởng nhóm vận hành,2,Không công tác,Có,19500000,12,7,4,3,3,3,3,4,4,1,11,3,2,2,2,Không
NV20260762,32,Nữ,Độc thân,Bình Dương,Toàn thời gian,Đại học,Công nghệ thông tin,Nghiên cứu và Phát triển,Trưởng nhóm R&D,2,Ít,Không,17300000,13,13,5,2,2,4,1,4,5,3,4,3,2,1,2,Không
NV20260763,23,Nữ,Độc thân,Bình Dương,Toàn thời gian,Đại học,Kinh tế,Công nghệ thông tin,Kỹ sư kiểm thử,1,Không công tác,Không,10300000,9,8,2,3,3,4,4,2,1,0,0,0,0,0,0,Không
NV20260764,28,Nữ,Độc thân,Hà Nội,Thử việc,Đại học,Marketing,Tài chính - Kế toán,Trưởng nhóm tài chính,4,Ít,Không,28900000,13,13,4,3,3,5,5,3,2,1,9,8,6,4,5,Không
NV20260765,42,Nam,Độc thân,Cần Thơ,Toàn thời gian,Đại học,Công nghệ thông tin,Công nghệ thông tin,Trưởng nhóm kỹ thuật,2,Ít,Không,21200000,12,7,4,4,5,5,2,3,4,4,13,3,2,2,3,Không
NV20260766,32,Nam,Độc thân,TP. Hồ Chí Minh,Hợp đồng xác định thời hạn,Đại học,Kinh tế,Chăm sóc khách hàng,Trưởng nhóm chăm sóc khách hàng,3,Không công tác,Không,20600000,15,6,4,3,1,2,5,3,1,1,5,5,4,3,4,Không
NV20260767,42,Nữ,Đã kết hôn,Cần Thơ,Thử việc,THPT,Marketing,Nghiên cứu và Phát triển,Trưởng nhóm R&D,3,Ít,Không,32600000,8,15,4,4,3,3,4,4,4,0,24,6,4,2,4,Không
NV20260768,44,Nam,Đã kết hôn,Hà Nội,Toàn thời gian,Đại học,Khác,Marketing,Chuyên viên nội dung,3,Ít,Không,26800000,11,11,4,4,4,4,1,2,3,2,18,5,2,3,4,Không
NV20260769,39,Nam,Độc thân,Hà Nội,Thử việc,Đại học,Tài chính,Marketing,Chuyên viên nội dung,2,Ít,Không,25600000,9,7,1,2,3,3,5,3,2,4,21,2,1,1,1,Không
NV20260770,33,Nam,Đã kết hôn,Hà Nội,Toàn thời gian,Đại học,Công nghệ thông tin,Chăm sóc khách hàng,Nhân viên chăm sóc khách hàng,4,Không công tác,Có,26700000,7,3,4,4,3,2,2,3,2,3,8,8,5,5,3,Không
NV20260771,32,Nam,Đã kết hôn,Hà Nội,Hợp đồng xác định thời hạn,Đại học,Tài chính,Kinh doanh,Quản lý kinh doanh,3,Thường xuyên,Không,23900000,12,11,4,4,4,5,4,4,3,2,10,5,4,4,2,Không
NV20260772,27,Nam,Đã kết hôn,Hà Nội,Thử việc,Đại học,Kinh tế,Vận hành,Nhân viên vận hành,1,Không công tác,Không,11900000,12,3,1,5,4,3,5,3,4,1,0,0,0,0,0,Không
NV20260773,38,Nam,Độc thân,Hà Nội,Hợp đồng xác định thời hạn,Thạc sĩ,Kỹ thuật,Marketing,Chuyên viên nội dung,1,Ít,Không,20400000,6,22,3,4,4,3,1,3,3,2,17,1,1,0,1,Không
NV20260774,28,Nam,Đã kết hôn,Bình Dương,Toàn thời gian,Cao đẳng,Kỹ thuật,Công nghệ thông tin,Kỹ sư kiểm thử,1,Ít,Không,12000000,12,8,5,4,4,2,4,5,2,1,0,0,0,0,0,Không
NV20260775,39,Nam,Độc thân,TP. Hồ Chí Minh,Thử việc,Đại học,Kỹ thuật,Kinh doanh,Trưởng nhóm kinh doanh,1,Không công tác,Không,19700000,15,8,5,5,4,3,3,3,6,1,16,1,1,0,1,Không
NV20260776,34,Nam,Độc thân,TP. Hồ Chí Minh,Toàn thời gian,Cao đẳng,Tài chính,Chăm sóc khách hàng,Trưởng nhóm chăm sóc khách hàng,3,Ít,Có,23600000,8,4,2,3,2,3,1,2,3,2,8,5,2,2,3,Có
NV20260777,31,Nữ,Độc thân,Hải Phòng,Toàn thời gian,Đại học,Kinh tế,Nhân sự,Chuyên viên tuyển dụng,2,Không công tác,Không,19900000,11,4,3,3,2,2,2,4,2,2,12,2,1,1,1,Có
NV20260778,35,Nam,Đã kết hôn,Cần Thơ,Thử việc,Đại học,Công nghệ thông tin,Vận hành,Nhân viên vận hành,3,Không công tác,Không,26100000,16,7,3,4,5,3,3,3,0,1,17,7,5,5,3,Không
NV20260779,33,Nam,Đã kết hôn,Hà Nội,Toàn thời gian,Cao đẳng,Công nghệ thông tin,Marketing,Trưởng nhóm marketing,4,Không công tác,Không,28400000,10,4,5,4,3,2,4,4,4,2,12,12,8,6,4,Không
NV20260780,29,Nữ,Độc thân,TP. Hồ Chí Minh,Toàn thời gian,Cao đẳng,Công nghệ thông tin,Nghiên cứu và Phát triển,Kỹ sư R&D,2,Không công tác,Không,19100000,12,9,2,2,2,2,3,3,2,3,4,2,1,1,1,Không
NV20260781,27,Nam,Đã kết hôn,TP. Hồ Chí Minh,Hợp đồng xác định thời hạn,Đại học,Công nghệ thông tin,Kinh doanh,Quản lý kinh doanh,3,Ít,Có,22500000,5,4,2,2,4,4,5,3,5,1,4,4,3,2,2,Không
NV20260782,35,Nam,Ly hôn,TP. Hồ Chí Minh,Hợp đồng xác định thời hạn,Đại học,Tài chính,Marketing,Chuyên viên nội dung,2,Ít,Không,23700000,14,19,4,5,4,4,3,5,1,1,17,2,1,2,1,Có
NV20260783,30,Nam,Đã kết hôn,Hà Nội,Toàn thời gian,THPT,Công nghệ thông tin,Nhân sự,Trưởng nhóm nhân sự,4,Thường xuyên,Có,32500000,9,2,1,3,4,3,5,2,5,1,11,10,7,5,8,Không
NV20260784,25,Nữ,Đã kết hôn,TP. Hồ Chí Minh,Thử việc,Đại học,Khác,Nghiên cứu và Phát triển,Kỹ sư R&D,1,Ít,Không,15100000,3,2,4,3,2,4,4,4,7,1,7,1,0,1,1,Không
NV20260785,30,Nam,Độc thân,Bình Dương,Toàn thời gian,Đại học,Khác,Marketing,Trưởng nhóm marketing,2,Ít,Không,18300000,6,8,2,3,5,4,3,5,4,1,6,3,1,1,1,Có
NV20260786,20,Nữ,Độc thân,TP. Hồ Chí Minh,Toàn thời gian,Thạc sĩ,Kỹ thuật,Vận hành,Điều phối viên,1,Ít,Không,12500000,10,1,4,1,4,3,5,3,3,3,2,0,0,0,0,Có
NV20260787,26,Nam,Độc thân,TP. Hồ Chí Minh,Toàn thời gian,Đại học,Tài chính,Vận hành,Nhân viên vận hành,2,Ít,Không,16800000,9,14,3,4,2,2,4,5,4,4,8,3,2,1,1,Có
NV20260788,20,Nam,Đã kết hôn,TP. Hồ Chí Minh,Toàn thời gian,Đại học,Công nghệ thông tin,Chăm sóc khách hàng,Trưởng nhóm chăm sóc khách hàng,1,Ít,Không,10100000,7,6,5,4,4,3,5,5,3,1,0,0,0,0,0,Không
NV20260789,24,Nam,Đã kết hôn,TP. Hồ Chí Minh,Toàn thời gian,Đại học,Kỹ thuật,Kinh doanh,Nhân viên kinh doanh,1,Ít,Không,13900000,10,6,2,5,3,3,3,4,2,2,0,0,0,0,0,Không
NV20260790,24,Nam,Độc thân,Bình Dương,Toàn thời gian,Cao đẳng,Kỹ thuật,Công nghệ thông tin,Kỹ sư kiểm thử,1,Ít,Không,11600000,15,6,1,4,4,4,3,3,3,1,0,0,0,0,0,Không
NV20260791,43,Nam,Đã kết hôn,Hải Phòng,Thử việc,Đại học,Nhân sự,Kinh doanh,Trưởng nhóm kinh doanh,2,Không công tác,Không,27300000,13,7,1,3,4,3,5,2,6,2,24,2,1,1,1,Có
NV20260792,35,Nữ,Độc thân,Hà Nội,Toàn thời gian,Đại học,Kỹ thuật,Vận hành,Trưởng nhóm vận hành,1,Ít,Không,17300000,5,7,5,4,2,3,3,3,2,1,12,1,1,0,1,Có
NV20260793,35,Nam,Đã kết hôn,Hà Nội,Toàn thời gian,Đại học,Khác,Nhân sự,Chuyên viên tuyển dụng,4,Không công tác,Có,29900000,9,10,1,3,4,2,5,3,2,1,12,10,6,6,4,Không
NV20260794,27,Nam,Độc thân,TP. Hồ Chí Minh,Hợp đồng xác định thời hạn,Đại học,Khác,Công nghệ thông tin,Kỹ sư dữ liệu,3,Ít,Không,22100000,12,9,5,5,5,3,2,4,4,3,5,5,2,2,2,Không
NV20260795,23,Nữ,Độc thân,Hà Nội,Toàn thời gian,THPT,Marketing,Kinh doanh,Quản lý kinh doanh,2,Ít,Không,17700000,6,8,4,5,3,4,4,3,2,4,5,3,2,2,1,Không
NV20260796,32,Nữ,Đã kết hôn,Đà Nẵng,Toàn thời gian,Thạc sĩ,Khác,Chăm sóc khách hàng,Trưởng nhóm chăm sóc khách hàng,4,Ít,Có,30600000,10,6,5,5,3,2,3,4,2,1,11,9,4,4,5,Không
NV20260797,32,Nam,Ly hôn,Hà Nội,Thử việc,Đại học,Kinh tế,Công nghệ thông tin,Trưởng nhóm kỹ thuật,3,Ít,Không,23700000,6,8,4,2,3,4,2,4,5,1,7,7,4,2,4,Không
NV20260798,29,Nam,Độc thân,Hải Phòng,Toàn thời gian,Cao đẳng,Công nghệ thông tin,Công nghệ thông tin,Kỹ sư kiểm thử,1,Không công tác,Không,16500000,13,7,2,3,2,1,4,3,4,1,7,1,0,0,1,Không
NV20260799,33,Nam,Độc thân,Bình Dương,Toàn thời gian,Đại học,Công nghệ thông tin,Kinh doanh,Trưởng nhóm kinh doanh,3,Thường xuyên,Không,22900000,8,1,4,4,4,5,1,3,3,3,11,4,2,3,2,Không
NV20260800,24,Nữ,Độc thân,TP. Hồ Chí Minh,Toàn thời gian,Đại học,Công nghệ thông tin,Vận hành,Trưởng nhóm vận hành,1,Thường xuyên,Có,10300000,10,15,5,1,4,5,5,2,4,1,2,1,0,0,1,Có
NV20260801,39,Nam,Đã kết hôn,TP. Hồ Chí Minh,Hợp đồng xác định thời hạn,Đại học,Công nghệ thông tin,Tài chính - Kế toán,Kế toán viên,3,Không công tác,Có,28700000,10,5,4,4,5,2,5,3,4,1,21,5,4,1,2,Không
NV20260802,24,Nữ,Đã kết hôn,Hà Nội,Toàn thời gian,Đại học,Khác,Tài chính - Kế toán,Trưởng nhóm tài chính,2,Không công tác,Không,16600000,14,5,3,3,5,5,3,5,3,3,2,2,1,1,1,Không
NV20260803,36,Nữ,Đã kết hôn,Hà Nội,Toàn thời gian,Cao đẳng,Kinh tế,Kinh doanh,Nhân viên kinh doanh,4,Không công tác,Không,35300000,8,5,5,5,4,4,4,4,3,4,18,11,8,5,4,Không
NV20260804,34,Nam,Đã kết hôn,TP. Hồ Chí Minh,Toàn thời gian,Đại học,Marketing,Chăm sóc khách hàng,Trưởng nhóm chăm sóc khách hàng,2,Thường xuyên,Không,20000000,8,11,4,3,4,2,5,3,4,0,9,2,1,1,1,Không
NV20260805,30,Nam,Đã kết hôn,Hải Phòng,Toàn thời gian,Thạc sĩ,Khác,Tài chính - Kế toán,Chuyên viên tài chính,3,Thường xuyên,Không,22700000,6,15,4,3,3,4,3,4,2,3,6,6,3,2,5,Không
NV20260806,27,Nam,Đã kết hôn,Hà Nội,Toàn thời gian,Đại học,Công nghệ thông tin,Nghiên cứu và Phát triển,Chuyên viên R&D,1,Ít,Không,17300000,3,9,5,4,3,3,4,3,3,1,6,0,0,0,0,Không
NV20260807,20,Nam,Ly hôn,Đà Nẵng,Hợp đồng xác định thời hạn,Thạc sĩ,Công nghệ thông tin,Marketing,Trưởng nhóm marketing,1,Thường xuyên,Không,10300000,7,6,3,4,5,2,3,3,2,4,0,0,0,0,0,Có
NV20260808,29,Nữ,Đã kết hôn,Bình Dương,Toàn thời gian,Cao đẳng,Tài chính,Tài chính - Kế toán,Chuyên viên tài chính,3,Không công tác,Không,23800000,12,2,5,4,3,2,3,2,3,1,8,4,2,2,3,Không
NV20260809,30,Nữ,Độc thân,Hà Nội,Toàn thời gian,THPT,Kỹ thuật,Vận hành,Nhân viên vận hành,3,Không công tác,Có,24400000,13,3,3,3,5,5,3,5,1,0,4,4,3,1,1,Không
NV20260810,38,Nam,Đã kết hôn,TP. Hồ Chí Minh,Toàn thời gian,Đại học,Marketing,Tài chính - Kế toán,Trưởng nhóm tài chính,3,Ít,Không,25500000,6,5,4,5,1,4,5,4,4,8,14,5,3,4,4,Không
NV20260811,31,Nữ,Đã kết hôn,TP. Hồ Chí Minh,Toàn thời gian,Cao đẳng,Tài chính,Nhân sự,Trưởng nhóm nhân sự,1,Không công tác,Không,16100000,10,5,1,3,3,5,3,4,6,3,2,1,0,1,1,Có
NV20260812,20,Nam,Độc thân,TP. Hồ Chí Minh,Hợp đồng xác định thời hạn,Cao đẳng,Công nghệ thông tin,Tài chính - Kế toán,Trưởng nhóm tài chính,1,Không công tác,Có,10900000,11,8,2,5,3,3,3,3,2,1,0,0,0,0,0,Có
NV20260813,39,Nam,Đã kết hôn,TP. Hồ Chí Minh,Toàn thời gian,Đại học,Công nghệ thông tin,Công nghệ thông tin,Trưởng nhóm kỹ thuật,3,Không công tác,Có,29900000,6,5,3,2,4,3,3,3,3,1,20,6,3,1,4,Không
NV20260814,44,Nam,Độc thân,Hà Nội,Hợp đồng xác định thời hạn,Tiến sĩ,Công nghệ thông tin,Vận hành,Nhân viên vận hành,2,Ít,Không,25600000,10,18,3,4,4,1,1,2,2,5,22,2,2,1,1,Không
NV20260815,38,Nam,Độc thân,Hà Nội,Toàn thời gian,Đại học,Công nghệ thông tin,Chăm sóc khách hàng,Nhân viên chăm sóc khách hàng,3,Không công tác,Không,29000000,9,5,5,3,2,4,3,5,3,2,17,7,3,5,3,Không
NV20260816,24,Nữ,Độc thân,Bình Dương,Toàn thời gian,Thạc sĩ,Marketing,Kinh doanh,Quản lý kinh doanh,1,Không công tác,Có,13200000,9,8,3,4,2,5,3,2,3,2,0,0,0,0,0,Có
NV20260817,26,Nam,Ly hôn,TP. Hồ Chí Minh,Toàn thời gian,THPT,Nhân sự,Kinh doanh,Nhân viên kinh doanh,1,Không công tác,Không,10800000,11,12,4,4,4,5,4,4,1,2,0,0,0,0,0,Không
NV20260818,36,Nữ,Đã kết hôn,TP. Hồ Chí Minh,Toàn thời gian,Cao đẳng,Kỹ thuật,Công nghệ thông tin,Kỹ sư dữ liệu,3,Không công tác,Có,27100000,6,7,1,3,3,3,4,5,5,1,16,6,3,2,4,Không
NV20260819,20,Nữ,Đã kết hôn,TP. Hồ Chí Minh,Toàn thời gian,Đại học,Kỹ thuật,Công nghệ thông tin,Lập trình viên,1,Ít,Không,12400000,13,15,4,5,3,4,5,3,5,4,0,0,0,0,0,Có
NV20260820,29,Nữ,Đã kết hôn,Bình Dương,Hợp đồng xác định thời hạn,Đại học,Kỹ thuật,Vận hành,Điều phối viên,2,Ít,Không,18300000,12,7,4,2,3,4,3,4,2,2,11,3,2,2,2,Có
NV20260821,27,Nam,Đã kết hôn,Hà Nội,Toàn thời gian,Đại học,Khác,Nghiên cứu và Phát triển,Trưởng nhóm R&D,2,Ít,Không,17700000,8,19,3,3,3,4,3,1,4,0,6,3,2,2,2,Có
NV20260822,26,Nam,Đã kết hôn,Đà Nẵng,Toàn thời gian,Đại học,Công nghệ thông tin,Tài chính - Kế toán,Chuyên viên tài chính,1,Không công tác,Không,10400000,10,7,3,4,3,2,5,3,2,2,1,1,1,0,0,Không
NV20260823,29,Nữ,Đã kết hôn,Hà Nội,Toàn thời gian,Đại học,Công nghệ thông tin,Tài chính - Kế toán,Kế toán viên,3,Không công tác,Không,24200000,12,8,4,3,2,2,3,5,3,3,11,6,2,2,5,Không
NV20260824,36,Nữ,Độc thân,TP. Hồ Chí Minh,Toàn thời gian,Đại học,Kinh tế,Kinh doanh,Trưởng nhóm kinh doanh,2,Ít,Có,21300000,9,7,3,4,2,5,4,2,4,3,18,2,2,1,2,Không
NV20260825,38,Nữ,Đã kết hôn,Hà Nội,Toàn thời gian,Đại học,Kỹ thuật,Kinh doanh,Nhân viên kinh doanh,3,Ít,Không,28300000,8,3,4,5,4,3,3,3,4,3,12,5,4,3,4,Không
NV20260826,29,Nam,Độc thân,Đà Nẵng,Toàn thời gian,Thạc sĩ,Khác,Marketing,Chuyên viên marketing,2,Ít,Có,17500000,11,12,3,3,3,5,3,4,3,4,7,3,1,1,2,Có
NV20260827,28,Nữ,Đã kết hôn,TP. Hồ Chí Minh,Thử việc,Cao đẳng,Marketing,Công nghệ thông tin,Kỹ sư dữ liệu,2,Không công tác,Không,18400000,6,16,4,4,4,4,3,5,4,2,3,2,1,1,2,Không
NV20260828,37,Nam,Ly hôn,Đà Nẵng,Toàn thời gian,Đại học,Công nghệ thông tin,Kinh doanh,Nhân viên kinh doanh,1,Thường xuyên,Không,16200000,8,12,1,3,2,3,3,3,4,0,12,0,0,0,0,Có
NV20260829,33,Nam,Đã kết hôn,TP. Hồ Chí Minh,Toàn thời gian,Đại học,Công nghệ thông tin,Công nghệ thông tin,Lập trình viên,2,Không công tác,Không,16100000,4,4,3,4,4,2,5,4,2,2,5,2,1,1,2,Có
NV20260830,25,Nữ,Đã kết hôn,TP. Hồ Chí Minh,Toàn thời gian,Cao đẳng,Công nghệ thông tin,Nghiên cứu và Phát triển,Chuyên viên R&D,1,Ít,Có,12600000,10,12,3,3,2,4,2,2,3,1,0,0,0,0,0,Không
NV20260831,27,Nam,Độc thân,Hà Nội,Toàn thời gian,Cao đẳng,Công nghệ thông tin,Kinh doanh,Quản lý kinh doanh,1,Ít,Có,9400000,5,10,2,1,4,3,5,3,2,3,0,0,0,0,0,Có
NV20260832,37,Nam,Đã kết hôn,Cần Thơ,Toàn thời gian,Thạc sĩ,Khác,Công nghệ thông tin,Trưởng nhóm kỹ thuật,3,Không công tác,Không,30600000,9,18,4,4,4,4,1,4,4,2,19,7,3,4,3,Không
NV20260833,30,Nam,Đã kết hôn,TP. Hồ Chí Minh,Hợp đồng xác định thời hạn,Đại học,Kinh tế,Vận hành,Điều phối viên,2,Ít,Không,13900000,7,9,2,3,2,4,2,3,3,1,2,2,1,1,1,Không
NV20260834,20,Nam,Độc thân,Bình Dương,Toàn thời gian,Cao đẳng,Nhân sự,Kinh doanh,Quản lý kinh doanh,1,Không công tác,Không,14400000,3,6,2,4,4,5,2,3,4,2,1,0,0,0,0,Không
NV20260835,33,Nam,Đã kết hôn,TP. Hồ Chí Minh,Toàn thời gian,Đại học,Marketing,Tài chính - Kế toán,Trưởng nhóm tài chính,2,Ít,Không,20600000,9,4,5,2,2,4,1,5,4,2,7,3,2,1,1,Không
NV20260836,27,Nam,Đã kết hôn,Cần Thơ,Toàn thời gian,THPT,Công nghệ thông tin,Công nghệ thông tin,Lập trình viên,2,Không công tác,Không,19900000,6,7,2,2,4,4,4,4,3,2,7,3,1,1,2,Có
NV20260837,29,Nữ,Độc thân,TP. Hồ Chí Minh,Hợp đồng xác định thời hạn,Tiến sĩ,Công nghệ thông tin,Nghiên cứu và Phát triển,Trưởng nhóm R&D,3,Không công tác,Có,18800000,6,4,1,3,4,3,4,4,4,1,4,4,2,2,1,Có
NV20260838,32,Nam,Đã kết hôn,TP. Hồ Chí Minh,Toàn thời gian,Cao đẳng,Công nghệ thông tin,Kinh doanh,Quản lý kinh doanh,1,Ít,Không,17500000,10,9,4,5,5,4,3,3,0,1,11,1,1,0,0,Không
NV20260839,34,Nam,Độc thân,TP. Hồ Chí Minh,Toàn thời gian,Đại học,Kỹ thuật,Marketing,Chuyên viên marketing,3,Thường xuyên,Không,20500000,10,6,4,1,4,2,5,2,1,1,6,6,4,5,2,Không
NV20260840,31,Nữ,Độc thân,Hà Nội,Toàn thời gian,THPT,Công nghệ thông tin,Vận hành,Nhân viên vận hành,2,Không công tác,Không,23300000,13,19,3,4,1,2,4,3,2,2,12,2,1,1,1,Có
NV20260841,27,Nam,Đã kết hôn,TP. Hồ Chí Minh,Thử việc,Thạc sĩ,Kỹ thuật,Vận hành,Nhân viên vận hành,3,Ít,Không,24000000,9,3,1,5,5,4,3,3,6,5,9,6,4,2,3,Không
NV20260842,24,Nam,Đã kết hôn,TP. Hồ Chí Minh,Thử việc,Đại học,Kinh tế,Tài chính - Kế toán,Trưởng nhóm tài chính,1,Ít,Có,12000000,5,6,4,4,5,4,5,5,5,1,0,0,0,0,0,Có
NV20260843,26,Nữ,Độc thân,Hà Nội,Toàn thời gian,Đại học,Công nghệ thông tin,Chăm sóc khách hàng,Trưởng nhóm chăm sóc khách hàng,1,Không công tác,Có,11500000,8,4,4,2,3,2,5,3,2,0,0,0,0,0,0,Có
NV20260844,28,Nam,Đã kết hôn,Bình Dương,Toàn thời gian,Đại học,Công nghệ thông tin,Marketing,Chuyên viên nội dung,1,Không công tác,Không,13600000,8,1,5,3,1,3,2,4,3,3,1,1,1,1,1,Không
NV20260845,26,Nam,Đã kết hôn,TP. Hồ Chí Minh,Toàn thời gian,Tiến sĩ,Công nghệ thông tin,Công nghệ thông tin,Lập trình viên,2,Không công tác,Không,16700000,10,12,4,4,2,4,2,3,5,2,5,3,2,2,1,Có
NV20260846,28,Nữ,Độc thân,TP. Hồ Chí Minh,Hợp đồng xác định thời hạn,Đại học,Khác,Kinh doanh,Quản lý kinh doanh,3,Không công tác,Không,22100000,9,11,4,3,4,4,5,4,4,3,10,7,5,5,5,Không
NV20260847,36,Nam,Độc thân,TP. Hồ Chí Minh,Toàn thời gian,Đại học,Công nghệ thông tin,Kinh doanh,Nhân viên kinh doanh,3,Ít,Có,25200000,10,11,5,3,2,5,5,3,2,0,12,7,5,5,4,Không
NV20260848,35,Nữ,Độc thân,Cần Thơ,Toàn thời gian,THPT,Khác,Nghiên cứu và Phát triển,Trưởng nhóm R&D,2,Thường xuyên,Không,23200000,13,2,3,4,5,3,3,3,3,0,15,2,1,1,2,Không
NV20260849,35,Nữ,Độc thân,Hải Phòng,Toàn thời gian,THPT,Nhân sự,Công nghệ thông tin,Kỹ sư kiểm thử,1,Ít,Không,17000000,5,7,5,4,2,4,4,3,3,1,10,1,1,0,0,Không
NV20260850,39,Nam,Đã kết hôn,Bình Dương,Hợp đồng xác định thời hạn,Đại học,Tài chính,Vận hành,Nhân viên vận hành,2,Thường xuyên,Không,18600000,11,5,2,5,2,4,4,3,4,0,8,3,3,1,1,Có
NV20260851,20,Nữ,Đã kết hôn,Đà Nẵng,Hợp đồng xác định thời hạn,Đại học,Công nghệ thông tin,Nghiên cứu và Phát triển,Trưởng nhóm R&D,1,Thường xuyên,Có,10100000,10,9,3,3,4,4,3,2,6,1,0,0,0,0,0,Không
NV20260852,35,Nữ,Đã kết hôn,TP. Hồ Chí Minh,Thử việc,Cao đẳng,Công nghệ thông tin,Marketing,Trưởng nhóm marketing,2,Không công tác,Không,20500000,10,5,3,1,3,4,3,2,4,1,10,3,1,1,2,Không
NV20260853,29,Nam,Đã kết hôn,Đà Nẵng,Thử việc,Thạc sĩ,Công nghệ thông tin,Chăm sóc khách hàng,Nhân viên chăm sóc khách hàng,3,Không công tác,Không,26100000,9,3,2,3,4,3,3,2,4,1,11,6,3,2,4,Không
NV20260854,20,Nam,Đã kết hôn,Bình Dương,Toàn thời gian,Đại học,Khác,Chăm sóc khách hàng,Trưởng nhóm chăm sóc khách hàng,1,Ít,Không,12600000,9,13,3,2,4,1,5,1,1,2,1,0,0,0,0,Có
NV20260855,28,Nữ,Độc thân,Hà Nội,Toàn thời gian,Đại học,Marketing,Nhân sự,Chuyên viên nhân sự,2,Không công tác,Không,18300000,7,9,4,5,3,4,3,4,4,2,3,3,2,2,1,Không
NV20260856,22,Nữ,Độc thân,TP. Hồ Chí Minh,Hợp đồng xác định thời hạn,THPT,Kỹ thuật,Kinh doanh,Quản lý kinh doanh,1,Thường xuyên,Không,15100000,8,5,3,4,4,1,3,2,3,2,4,1,1,1,1,Có
NV20260857,40,Nam,Đã kết hôn,TP. Hồ Chí Minh,Toàn thời gian,Tiến sĩ,Khác,Marketing,Chuyên viên nội dung,1,Thường xuyên,Có,25100000,8,18,4,3,1,3,2,4,3,2,20,1,1,1,0,Có
NV20260858,38,Nam,Ly hôn,Đà Nẵng,Toàn thời gian,Đại học,Khác,Nhân sự,Trưởng nhóm nhân sự,2,Không công tác,Không,23900000,10,6,3,5,4,4,1,4,1,2,16,2,1,1,1,Không
NV20260859,42,Nam,Độc thân,Đà Nẵng,Toàn thời gian,Đại học,Tài chính,Nhân sự,Chuyên viên tuyển dụng,2,Không công tác,Không,26000000,14,3,4,3,5,5,3,3,8,3,24,3,2,1,2,Không
NV20260860,33,Nam,Đã kết hôn,Đà Nẵng,Thử việc,Thạc sĩ,Khác,Công nghệ thông tin,Kỹ sư kiểm thử,3,Ít,Không,21100000,8,7,4,2,4,5,3,2,4,2,4,4,3,1,3,Có
NV20260861,28,Nam,Độc thân,Hà Nội,Toàn thời gian,Đại học,Kỹ thuật,Kinh doanh,Trưởng nhóm kinh doanh,2,Ít,Không,17900000,11,10,4,4,3,5,3,3,5,1,5,2,2,1,1,Không
NV20260862,33,Nam,Độc thân,Hà Nội,Toàn thời gian,THPT,Kinh tế,Nhân sự,Trưởng nhóm nhân sự,4,Không công tác,Không,30200000,14,9,3,5,4,4,3,5,1,1,12,11,7,6,6,Không
NV20260863,29,Nam,Đã kết hôn,Đà Nẵng,Thử việc,Cao đẳng,Kỹ thuật,Nhân sự,Chuyên viên nhân sự,1,Không công tác,Có,11100000,7,19,5,5,4,3,3,3,2,2,0,0,0,0,0,Không
NV20260864,30,Nam,Đã kết hôn,Đà Nẵng,Toàn thời gian,Đại học,Tài chính,Công nghệ thông tin,Kỹ sư dữ liệu,1,Không công tác,Không,17700000,4,4,5,5,4,2,5,2,3,1,5,1,1,1,1,Không
NV20260865,44,Nữ,Đã kết hôn,TP. Hồ Chí Minh,Toàn thời gian,Đại học,Kinh tế,Công nghệ thông tin,Lập trình viên,1,Ít,Có,21300000,11,8,5,3,2,1,5,4,4,2,25,1,1,1,1,Không
NV20260866,36,Nữ,Đã kết hôn,Hà Nội,Toàn thời gian,Cao đẳng,Marketing,Chăm sóc khách hàng,Trưởng nhóm chăm sóc khách hàng,3,Thường xuyên,Không,26300000,15,6,5,4,4,4,5,3,3,0,16,4,2,2,2,Không
NV20260867,30,Nam,Đã kết hôn,Hà Nội,Toàn thời gian,Thạc sĩ,Kinh tế,Công nghệ thông tin,Lập trình viên,3,Không công tác,Không,25400000,8,9,5,3,1,3,4,3,5,1,12,4,3,3,2,Không
NV20260868,27,Nữ,Đã kết hôn,Hà Nội,Thử việc,Cao đẳng,Nhân sự,Vận hành,Nhân viên vận hành,2,Không công tác,Không,17600000,9,9,3,4,4,3,3,4,1,1,3,3,2,1,3,Không
NV20260869,30,Nam,Độc thân,TP. Hồ Chí Minh,Toàn thời gian,Đại học,Nhân sự,Marketing,Chuyên viên marketing,1,Ít,Có,10700000,9,7,2,5,4,3,3,2,3,1,1,1,1,1,1,Không
NV20260870,40,Nam,Đã kết hôn,Hải Phòng,Toàn thời gian,Cao đẳng,Khác,Nhân sự,Chuyên viên nhân sự,2,Ít,Không,16400000,11,4,4,4,2,4,4,2,2,1,5,3,2,1,1,Không
NV20260871,24,Nam,Đã kết hôn,TP. Hồ Chí Minh,Toàn thời gian,Cao đẳng,Tài chính,Công nghệ thông tin,Kỹ sư dữ liệu,1,Không công tác,Không,11100000,14,17,5,2,3,4,3,3,2,3,0,0,0,0,0,Có
NV20260872,27,Nữ,Đã kết hôn,Đà Nẵng,Toàn thời gian,Đại học,Marketing,Chăm sóc khách hàng,Nhân viên chăm sóc khách hàng,2,Không công tác,Không,18100000,12,3,3,4,2,4,4,1,3,0,2,2,1,1,1,Không
NV20260873,32,Nam,Độc thân,TP. Hồ Chí Minh,Toàn thời gian,Đại học,Kinh tế,Công nghệ thông tin,Kỹ sư dữ liệu,4,Không công tác,Không,26700000,8,11,4,3,3,4,5,4,5,1,8,8,6,4,6,Không
NV20260874,33,Nữ,Đã kết hôn,Hà Nội,Toàn thời gian,Đại học,Công nghệ thông tin,Marketing,Chuyên viên marketing,3,Không công tác,Có,25000000,9,5,3,3,3,5,3,4,1,0,9,7,3,2,4,Không
NV20260875,29,Nam,Độc thân,Hà Nội,Toàn thời gian,Đại học,Công nghệ thông tin,Chăm sóc khách hàng,Nhân viên chăm sóc khách hàng,1,Thường xuyên,Có,11400000,9,8,4,2,4,4,5,2,1,3,0,0,0,0,0,Không
NV20260876,39,Nữ,Độc thân,Cần Thơ,Hợp đồng xác định thời hạn,Đại học,Kinh tế,Kinh doanh,Nhân viên kinh doanh,5,Không công tác,Không,35900000,7,10,3,5,4,3,2,4,3,2,21,13,10,8,4,Không
NV20260877,30,Nam,Độc thân,TP. Hồ Chí Minh,Thử việc,Thạc sĩ,Công nghệ thông tin,Tài chính - Kế toán,Kế toán viên,3,Không công tác,Có,23300000,7,11,1,5,4,2,3,3,5,1,10,7,4,2,6,Có
NV20260878,43,Nam,Độc thân,Hà Nội,Toàn thời gian,Cao đẳng,Kinh tế,Vận hành,Điều phối viên,3,Không công tác,Không,27900000,6,3,4,2,4,3,4,4,2,1,20,4,1,2,2,Không
NV20260879,30,Nam,Độc thân,TP. Hồ Chí Minh,Hợp đồng xác định thời hạn,Đại học,Công nghệ thông tin,Vận hành,Trưởng nhóm vận hành,3,Không công tác,Không,21200000,8,10,3,2,3,2,5,3,6,1,6,6,3,1,5,Không
NV20260880,31,Nam,Đã kết hôn,Hải Phòng,Toàn thời gian,Thạc sĩ,Công nghệ thông tin,Vận hành,Điều phối viên,3,Không công tác,Không,22400000,12,9,1,3,2,2,4,3,2,8,11,6,3,1,3,Không
NV20260881,32,Nữ,Đã kết hôn,Hà Nội,Hợp đồng xác định thời hạn,Đại học,Công nghệ thông tin,Tài chính - Kế toán,Kế toán viên,2,Ít,Không,21600000,12,3,4,4,4,2,3,2,3,2,11,3,1,2,2,Không
NV20260882,21,Nữ,Đã kết hôn,Hà Nội,Toàn thời gian,Thạc sĩ,Khác,Công nghệ thông tin,Kỹ sư kiểm thử,1,Thường xuyên,Có,11700000,8,3,4,2,4,2,3,2,1,2,0,0,0,0,0,Có
NV20260883,20,Nữ,Độc thân,Hà Nội,Hợp đồng xác định thời hạn,Đại học,Tài chính,Kinh doanh,Quản lý kinh doanh,1,Ít,Không,14800000,6,9,4,4,3,4,4,4,6,1,0,0,0,0,0,Không
NV20260884,40,Nữ,Độc thân,Hà Nội,Hợp đồng xác định thời hạn,Cao đẳng,Marketing,Marketing,Chuyên viên marketing,2,Ít,Không,19500000,6,4,3,4,5,3,4,4,3,1,10,3,1,1,2,Không
NV20260885,38,Nữ,Độc thân,Hà Nội,Toàn thời gian,Đại học,Kỹ thuật,Nghiên cứu và Phát triển,Chuyên viên R&D,3,Ít,Có,26300000,15,12,5,4,4,3,3,2,1,1,16,5,3,3,4,Không
NV20260886,29,Nữ,Độc thân,Hà Nội,Toàn thời gian,Cao đẳng,Công nghệ thông tin,Marketing,Chuyên viên marketing,3,Ít,Không,22700000,9,5,4,2,2,3,5,3,5,5,5,5,2,1,3,Có
NV20260887,33,Nữ,Đã kết hôn,Bình Dương,Hợp đồng xác định thời hạn,Thạc sĩ,Kinh tế,Nghiên cứu và Phát triển,Trưởng nhóm R&D,3,Không công tác,Không,20400000,7,8,2,3,5,3,3,3,1,1,6,4,2,3,3,Không
NV20260888,30,Nữ,Độc thân,Bình Dương,Toàn thời gian,Thạc sĩ,Marketing,Marketing,Chuyên viên nội dung,3,Ít,Không,22100000,18,18,4,5,3,1,2,3,4,4,4,4,3,3,1,Không
NV20260889,37,Nam,Độc thân,TP. Hồ Chí Minh,Toàn thời gian,Cao đẳng,Kinh tế,Marketing,Chuyên viên nội dung,2,Ít,Có,19600000,7,10,3,2,4,2,2,4,5,4,6,2,1,1,2,Có
NV20260890,30,Nữ,Độc thân,Hải Phòng,Toàn thời gian,Cao đẳng,Marketing,Kinh doanh,Trưởng nhóm kinh doanh,3,Ít,Có,23000000,8,10,3,3,4,2,2,4,4,1,6,6,3,4,5,Không
NV20260891,38,Nam,Đã kết hôn,Cần Thơ,Toàn thời gian,Thạc sĩ,Công nghệ thông tin,Vận hành,Trưởng nhóm vận hành,3,Không công tác,Không,28800000,6,9,2,1,4,4,4,4,4,5,17,6,2,2,3,Không
NV20260892,29,Nam,Độc thân,Bình Dương,Toàn thời gian,Cao đẳng,Kinh tế,Tài chính - Kế toán,Chuyên viên tài chính,1,Thường xuyên,Không,18200000,5,13,5,2,2,4,4,3,4,1,11,0,0,0,0,Có
NV20260893,33,Nam,Độc thân,Hà Nội,Toàn thời gian,Cao đẳng,Công nghệ thông tin,Chăm sóc khách hàng,Nhân viên chăm sóc khách hàng,2,Thường xuyên,Không,15800000,9,8,4,4,4,3,5,3,3,4,2,2,1,0,1,Không
NV20260894,32,Nữ,Độc thân,Hà Nội,Toàn thời gian,Cao đẳng,Kinh tế,Chăm sóc khách hàng,Nhân viên chăm sóc khách hàng,4,Ít,Có,26400000,7,5,4,5,2,4,5,2,4,1,9,9,6,6,7,Không
NV20260895,33,Nữ,Độc thân,TP. Hồ Chí Minh,Toàn thời gian,Đại học,Marketing,Tài chính - Kế toán,Kế toán viên,2,Ít,Không,18200000,6,6,4,5,3,3,4,5,3,1,4,2,1,1,2,Không
NV20260896,26,Nữ,Độc thân,Đà Nẵng,Toàn thời gian,Thạc sĩ,Nhân sự,Vận hành,Nhân viên vận hành,2,Ít,Có,17800000,12,13,4,4,5,4,1,2,3,3,7,3,2,2,2,Có
NV20260897,32,Nam,Độc thân,Bình Dương,Toàn thời gian,Cao đẳng,Marketing,Công nghệ thông tin,Lập trình viên,2,Ít,Không,18800000,7,2,4,3,2,4,5,4,4,2,5,2,1,1,1,Không
NV20260898,30,Nữ,Đã kết hôn,Bình Dương,Toàn thời gian,Thạc sĩ,Marketing,Công nghệ thông tin,Kỹ sư kiểm thử,2,Ít,Có,17000000,4,15,4,2,4,5,3,3,3,5,3,3,1,1,2,Không
NV20260899,20,Nữ,Đã kết hôn,Hà Nội,Toàn thời gian,Thạc sĩ,Công nghệ thông tin,Tài chính - Kế toán,Kế toán viên,1,Ít,Không,12300000,12,12,2,2,3,4,3,3,1,3,0,0,0,0,0,Không
NV20260900,20,Nữ,Ly hôn,Hà Nội,Toàn thời gian,Đại học,Kinh tế,Kinh doanh,Quản lý kinh doanh,1,Ít,Không,12600000,12,5,4,2,2,2,2,3,3,1,0,0,0,0,0,Có
NV20260901,31,Nữ,Đã kết hôn,TP. Hồ Chí Minh,Toàn thời gian,Thạc sĩ,Nhân sự,Marketing,Chuyên viên marketing,3,Không công tác,Không,19700000,14,5,2,2,3,3,4,5,3,3,7,7,5,3,4,Không
NV20260902,35,Nam,Độc thân,Hà Nội,Toàn thời gian,Đại học,Công nghệ thông tin,Marketing,Trưởng nhóm marketing,2,Không công tác,Không,21600000,8,10,3,4,4,2,2,3,5,1,15,2,2,1,1,Không
NV20260903,23,Nữ,Đã kết hôn,TP. Hồ Chí Minh,Toàn thời gian,Đại học,Kinh tế,Kinh doanh,Nhân viên kinh doanh,1,Ít,Không,11200000,8,8,2,3,5,5,3,3,3,3,1,1,0,0,1,Không
NV20260904,20,Nam,Đã kết hôn,Hà Nội,Toàn thời gian,Thạc sĩ,Tài chính,Công nghệ thông tin,Lập trình viên,1,Không công tác,Không,13600000,5,11,2,4,4,3,3,5,4,5,0,0,0,0,0,Không
NV20260905,31,Nữ,Độc thân,Cần Thơ,Thử việc,Đại học,Khác,Nhân sự,Trưởng nhóm nhân sự,2,Ít,Không,22000000,12,13,3,5,4,4,1,2,2,1,12,2,1,0,2,Không
NV20260906,35,Nữ,Ly hôn,Đà Nẵng,Toàn thời gian,Đại học,Kinh tế,Marketing,Chuyên viên marketing,2,Ít,Có,20100000,5,3,4,5,4,3,3,3,3,2,4,2,1,1,1,Không
NV20260907,28,Nam,Độc thân,Hà Nội,Toàn thời gian,Thạc sĩ,Khác,Công nghệ thông tin,Kỹ sư kiểm thử,3,Không công tác,Có,19900000,6,2,2,4,4,2,4,4,1,3,5,5,4,2,2,Không
NV20260908,23,Nam,Độc thân,Hải Phòng,Thử việc,Cao đẳng,Kinh tế,Kinh doanh,Nhân viên kinh doanh,1,Ít,Không,12800000,11,4,4,3,3,5,3,2,3,4,0,0,0,0,0,Không
NV20260909,37,Nữ,Độc thân,Hà Nội,Hợp đồng xác định thời hạn,Cao đẳng,Công nghệ thông tin,Công nghệ thông tin,Trưởng nhóm kỹ thuật,3,Ít,Có,25500000,12,2,3,4,3,3,1,4,1,2,16,4,2,2,3,Không
NV20260910,41,Nữ,Độc thân,Hà Nội,Toàn thời gian,Thạc sĩ,Kỹ thuật,Nghiên cứu và Phát triển,Kỹ sư R&D,3,Ít,Không,30200000,4,12,3,3,5,1,5,3,4,2,23,7,6,3,5,Không
NV20260911,32,Nam,Độc thân,Bình Dương,Toàn thời gian,Đại học,Khác,Tài chính - Kế toán,Kế toán viên,2,Ít,Không,17100000,9,10,2,4,5,3,3,3,5,2,6,2,1,2,1,Không
NV20260912,24,Nữ,Đã kết hôn,Cần Thơ,Hợp đồng xác định thời hạn,Đại học,Kỹ thuật,Tài chính - Kế toán,Trưởng nhóm tài chính,1,Không công tác,Không,11300000,7,15,3,3,4,2,4,2,4,0,5,0,0,0,0,Có
NV20260913,20,Nam,Độc thân,Hà Nội,Toàn thời gian,Đại học,Khác,Nghiên cứu và Phát triển,Kỹ sư R&D,1,Không công tác,Có,10300000,10,11,2,5,2,3,5,4,1,1,0,0,0,0,0,Có
NV20260914,25,Nam,Đã kết hôn,Hà Nội,Toàn thời gian,Cao đẳng,Kỹ thuật,Chăm sóc khách hàng,Nhân viên chăm sóc khách hàng,2,Không công tác,Không,17400000,9,1,4,3,5,3,3,4,3,2,3,3,2,2,1,Không
NV20260915,27,Nam,Độc thân,TP. Hồ Chí Minh,Toàn thời gian,Thạc sĩ,Công nghệ thông tin,Công nghệ thông tin,Trưởng nhóm kỹ thuật,2,Không công tác,Không,18900000,10,8,3,3,3,3,4,3,5,4,2,2,2,1,1,Không
NV20260916,22,Nữ,Độc thân,Hà Nội,Toàn thời gian,Đại học,Tài chính,Marketing,Chuyên viên nội dung,1,Không công tác,Không,13900000,7,4,2,4,4,5,5,1,3,1,0,0,0,0,0,Không
NV20260917,29,Nữ,Đã kết hôn,TP. Hồ Chí Minh,Toàn thời gian,Cao đẳng,Tài chính,Nhân sự,Trưởng nhóm nhân sự,3,Không công tác,Không,24100000,9,8,1,5,4,4,3,3,2,3,11,5,3,3,2,Không
NV20260918,33,Nữ,Độc thân,Đà Nẵng,Toàn thời gian,Đại học,Công nghệ thông tin,Nhân sự,Trưởng nhóm nhân sự,3,Không công tác,Không,22200000,8,9,2,4,3,3,2,3,3,0,7,5,2,2,2,Không
NV20260919,43,Nữ,Độc thân,Cần Thơ,Toàn thời gian,Đại học,Công nghệ thông tin,Nghiên cứu và Phát triển,Chuyên viên R&D,4,Thường xuyên,Không,33800000,10,6,2,2,4,3,4,2,4,1,21,11,5,7,8,Không
NV20260920,37,Nữ,Đã kết hôn,Bình Dương,Hợp đồng xác định thời hạn,THPT,Kỹ thuật,Vận hành,Điều phối viên,3,Không công tác,Không,26900000,9,17,2,2,3,4,5,2,6,5,14,7,5,2,4,Không
NV20260921,47,Nữ,Độc thân,TP. Hồ Chí Minh,Toàn thời gian,Đại học,Kinh tế,Vận hành,Điều phối viên,3,Ít,Có,31900000,15,7,5,2,5,3,5,3,2,2,22,4,2,3,2,Không
NV20260922,38,Nữ,Độc thân,TP. Hồ Chí Minh,Hợp đồng xác định thời hạn,Cao đẳng,Nhân sự,Marketing,Chuyên viên nội dung,3,Ít,Không,24600000,9,12,3,3,1,4,3,2,4,2,12,5,4,2,2,Không
NV20260923,46,Nữ,Đã kết hôn,Hà Nội,Toàn thời gian,Đại học,Marketing,Công nghệ thông tin,Kỹ sư dữ liệu,3,Ít,Không,28200000,5,12,1,1,4,3,4,2,3,3,21,5,2,3,4,Không
NV20260924,32,Nữ,Độc thân,TP. Hồ Chí Minh,Hợp đồng xác định thời hạn,Cao đẳng,Kỹ thuật,Công nghệ thông tin,Lập trình viên,2,Ít,Không,21100000,6,13,3,4,4,3,3,2,4,1,14,3,2,1,2,Không
NV20260925,27,Nữ,Đã kết hôn,Đà Nẵng,Thử việc,Thạc sĩ,Công nghệ thông tin,Marketing,Chuyên viên marketing,3,Thường xuyên,Không,25200000,10,4,1,4,3,3,4,1,5,0,9,7,6,3,5,Không
NV20260926,31,Nữ,Đã kết hôn,TP. Hồ Chí Minh,Toàn thời gian,Đại học,Công nghệ thông tin,Công nghệ thông tin,Kỹ sư dữ liệu,2,Không công tác,Không,22900000,11,3,3,4,4,3,3,3,1,3,11,3,2,1,2,Không
NV20260927,34,Nữ,Độc thân,TP. Hồ Chí Minh,Toàn thời gian,Đại học,Công nghệ thông tin,Công nghệ thông tin,Kỹ sư kiểm thử,2,Ít,Không,16100000,7,4,3,3,3,5,5,5,4,3,2,2,1,0,1,Không
NV20260928,33,Nữ,Đã kết hôn,TP. Hồ Chí Minh,Thử việc,Đại học,Kinh tế,Tài chính - Kế toán,Kế toán viên,3,Không công tác,Không,23500000,14,3,2,3,4,2,2,3,2,3,6,6,2,2,3,Không
NV20260929,35,Nam,Đã kết hôn,TP. Hồ Chí Minh,Toàn thời gian,Đại học,Công nghệ thông tin,Marketing,Trưởng nhóm marketing,1,Không công tác,Không,15500000,11,6,2,2,4,4,4,3,4,1,9,1,1,1,1,Không
NV20260930,32,Nam,Độc thân,TP. Hồ Chí Minh,Hợp đồng xác định thời hạn,Đại học,Khác,Tài chính - Kế toán,Trưởng nhóm tài chính,1,Không công tác,Không,8900000,11,1,1,4,5,4,3,3,4,2,0,0,0,0,0,Không
NV20260931,39,Nam,Đã kết hôn,Hà Nội,Toàn thời gian,Đại học,Công nghệ thông tin,Marketing,Trưởng nhóm marketing,3,Ít,Có,23000000,10,5,3,4,2,4,3,3,2,1,10,5,4,2,4,Không
NV20260932,20,Nam,Đã kết hôn,Hải Phòng,Hợp đồng xác định thời hạn,Đại học,Kỹ thuật,Chăm sóc khách hàng,Trưởng nhóm chăm sóc khách hàng,1,Ít,Có,13500000,9,4,4,3,5,3,4,2,1,0,0,0,0,0,0,Không
NV20260933,36,Nam,Độc thân,Hà Nội,Toàn thời gian,Đại học,Kinh tế,Vận hành,Điều phối viên,2,Không công tác,Không,21600000,9,3,4,3,4,3,4,4,3,2,9,3,2,2,2,Có
NV20260934,35,Nữ,Độc thân,TP. Hồ Chí Minh,Toàn thời gian,Đại học,Nhân sự,Công nghệ thông tin,Trưởng nhóm kỹ thuật,4,Không công tác,Không,28400000,10,23,5,4,4,3,4,2,3,2,11,8,6,4,6,Không
NV20260935,20,Nam,Đã kết hôn,Đà Nẵng,Hợp đồng xác định thời hạn,Thạc sĩ,Nhân sự,Marketing,Chuyên viên nội dung,1,Không công tác,Có,10900000,5,11,2,5,3,3,4,3,3,2,2,0,0,0,0,Không
NV20260936,27,Nam,Đã kết hôn,Hà Nội,Toàn thời gian,Đại học,Công nghệ thông tin,Marketing,Chuyên viên nội dung,2,Ít,Không,17600000,10,18,4,3,4,4,3,2,3,2,2,2,2,0,1,Không
NV20260937,38,Nam,Đã kết hôn,Hà Nội,Toàn thời gian,Tiến sĩ,Công nghệ thông tin,Chăm sóc khách hàng,Trưởng nhóm chăm sóc khách hàng,4,Ít,Có,28700000,10,28,4,4,4,2,3,2,2,1,13,11,4,4,4,Không
NV20260938,31,Nam,Đã kết hôn,Hà Nội,Hợp đồng xác định thời hạn,Cao đẳng,Kinh tế,Marketing,Chuyên viên nội dung,3,Không công tác,Không,23000000,11,8,1,4,4,2,3,1,3,6,5,5,4,3,2,Không
NV20260939,38,Nam,Đã kết hôn,Bình Dương,Toàn thời gian,Đại học,Nhân sự,Tài chính - Kế toán,Kế toán viên,3,Ít,Có,27200000,10,4,2,3,3,1,5,4,2,2,14,5,4,3,3,Có
NV20260940,31,Nữ,Độc thân,Đà Nẵng,Toàn thời gian,Đại học,Tài chính,Vận hành,Nhân viên vận hành,3,Ít,Không,26300000,13,4,1,5,4,5,5,2,3,5,13,7,4,4,3,Không
NV20260941,31,Nữ,Độc thân,Hà Nội,Hợp đồng xác định thời hạn,Đại học,Khác,Marketing,Chuyên viên marketing,2,Thường xuyên,Không,15800000,10,11,3,4,3,3,1,3,4,2,4,2,1,1,1,Không
NV20260942,30,Nữ,Độc thân,TP. Hồ Chí Minh,Hợp đồng xác định thời hạn,Đại học,Công nghệ thông tin,Kinh doanh,Quản lý kinh doanh,3,Không công tác,Không,24600000,9,2,3,5,3,4,4,4,5,1,12,4,2,3,2,Không
NV20260943,29,Nam,Độc thân,TP. Hồ Chí Minh,Thử việc,Đại học,Kỹ thuật,Marketing,Chuyên viên marketing,1,Không công tác,Có,10900000,11,22,3,3,4,3,3,3,1,0,1,1,0,1,1,Không
NV20260944,30,Nữ,Đã kết hôn,Hà Nội,Toàn thời gian,Đại học,Kinh tế,Nghiên cứu và Phát triển,Trưởng nhóm R&D,1,Thường xuyên,Không,13400000,8,1,2,3,4,4,4,2,4,2,0,0,0,0,0,Không
NV20260945,23,Nam,Độc thân,TP. Hồ Chí Minh,Toàn thời gian,Đại học,Công nghệ thông tin,Tài chính - Kế toán,Chuyên viên tài chính,1,Không công tác,Có,14000000,11,11,4,4,2,3,5,4,3,1,0,0,0,0,0,Có
NV20260946,34,Nam,Độc thân,TP. Hồ Chí Minh,Toàn thời gian,Đại học,Tài chính,Công nghệ thông tin,Kỹ sư dữ liệu,4,Không công tác,Không,28000000,11,5,3,3,5,3,3,5,4,2,8,8,5,2,5,Không
NV20260947,27,Nữ,Độc thân,Đà Nẵng,Toàn thời gian,Cao đẳng,Tài chính,Vận hành,Nhân viên vận hành,1,Không công tác,Không,10800000,7,7,1,4,4,4,3,5,2,4,0,0,0,0,0,Không
NV20260948,30,Nam,Độc thân,Bình Dương,Toàn thời gian,Đại học,Nhân sự,Kinh doanh,Trưởng nhóm kinh doanh,1,Không công tác,Không,10100000,12,4,3,4,4,4,5,4,4,1,0,0,0,0,0,Không
NV20260949,36,Nữ,Đã kết hôn,TP. Hồ Chí Minh,Toàn thời gian,Thạc sĩ,Kỹ thuật,Công nghệ thông tin,Trưởng nhóm kỹ thuật,3,Ít,Không,28800000,11,1,3,5,1,2,1,3,3,0,18,5,4,1,4,Không
NV20260950,26,Nam,Đã kết hôn,TP. Hồ Chí Minh,Hợp đồng xác định thời hạn,Đại học,Kinh tế,Nhân sự,Chuyên viên tuyển dụng,2,Ít,Có,19200000,9,22,3,3,2,4,3,4,1,1,8,2,1,1,2,Có
NV20260951,20,Nữ,Đã kết hôn,Hà Nội,Toàn thời gian,Đại học,Marketing,Kinh doanh,Nhân viên kinh doanh,1,Không công tác,Không,13000000,12,3,2,4,3,3,4,3,4,2,0,0,0,0,0,Không
NV20260952,22,Nam,Đã kết hôn,Hải Phòng,Toàn thời gian,Tiến sĩ,Nhân sự,Nghiên cứu và Phát triển,Trưởng nhóm R&D,1,Ít,Không,12600000,6,8,4,4,3,1,5,3,4,2,0,0,0,0,0,Không
NV20260953,20,Nam,Độc thân,TP. Hồ Chí Minh,Toàn thời gian,Đại học,Nhân sự,Chăm sóc khách hàng,Nhân viên chăm sóc khách hàng,1,Ít,Không,11900000,9,12,4,5,2,4,4,1,2,1,1,0,0,0,0,Không
NV20260954,31,Nam,Độc thân,Hải Phòng,Toàn thời gian,Đại học,Công nghệ thông tin,Kinh doanh,Trưởng nhóm kinh doanh,2,Ít,Không,18200000,17,5,4,3,2,4,2,3,4,4,4,2,1,1,1,Không
NV20260955,28,Nam,Độc thân,TP. Hồ Chí Minh,Toàn thời gian,Đại học,Kinh tế,Chăm sóc khách hàng,Trưởng nhóm chăm sóc khách hàng,1,Không công tác,Không,11600000,4,11,5,3,4,3,4,4,5,2,1,1,1,0,1,Không
NV20260956,34,Nữ,Đã kết hôn,Cần Thơ,Toàn thời gian,Thạc sĩ,Tài chính,Tài chính - Kế toán,Trưởng nhóm tài chính,3,Thường xuyên,Có,26000000,10,12,4,2,3,3,4,4,3,3,11,5,2,2,2,Không
NV20260957,25,Nam,Đã kết hôn,Hải Phòng,Hợp đồng xác định thời hạn,Đại học,Nhân sự,Kinh doanh,Nhân viên kinh doanh,1,Ít,Có,11500000,12,13,4,3,4,2,3,3,0,2,0,0,0,0,0,Có
NV20260958,28,Nam,Đã kết hôn,TP. Hồ Chí Minh,Toàn thời gian,Thạc sĩ,Nhân sự,Công nghệ thông tin,Trưởng nhóm kỹ thuật,2,Không công tác,Không,20400000,7,1,1,4,2,5,4,4,5,2,10,3,1,2,3,Có
NV20260959,26,Nam,Đã kết hôn,Hà Nội,Hợp đồng xác định thời hạn,Cao đẳng,Kinh tế,Tài chính - Kế toán,Chuyên viên tài chính,1,Ít,Không,11700000,12,4,1,5,4,4,3,4,5,7,0,0,0,0,0,Không
NV20260960,35,Nữ,Đã kết hôn,Hà Nội,Hợp đồng xác định thời hạn,Thạc sĩ,Kinh tế,Chăm sóc khách hàng,Trưởng nhóm chăm sóc khách hàng,4,Ít,Có,27700000,6,1,4,5,4,3,3,2,3,1,11,9,4,7,8,Không
NV20260961,35,Nam,Đã kết hôn,Hải Phòng,Toàn thời gian,Đại học,Tài chính,Kinh doanh,Nhân viên kinh doanh,2,Ít,Có,20500000,9,3,4,4,3,1,3,4,5,2,10,3,1,2,2,Không
NV20260962,38,Nam,Độc thân,TP. Hồ Chí Minh,Toàn thời gian,Cao đẳng,Kỹ thuật,Công nghệ thông tin,Kỹ sư dữ liệu,2,Ít,Không,20100000,10,9,5,1,1,4,3,4,2,1,14,3,2,1,2,Không
NV20260963,35,Nam,Ly hôn,Đà Nẵng,Toàn thời gian,Đại học,Tài chính,Công nghệ thông tin,Kỹ sư kiểm thử,2,Không công tác,Có,21600000,9,1,4,4,4,3,5,4,3,2,9,3,1,2,2,Không
NV20260964,36,Nữ,Độc thân,TP. Hồ Chí Minh,Toàn thời gian,Đại học,Tài chính,Vận hành,Điều phối viên,1,Không công tác,Không,21500000,9,10,3,3,3,4,5,3,4,3,18,1,1,0,1,Không
NV20260965,24,Nam,Đã kết hôn,Hải Phòng,Toàn thời gian,Thạc sĩ,Kỹ thuật,Công nghệ thông tin,Trưởng nhóm kỹ thuật,2,Ít,Không,17300000,7,12,2,1,3,3,5,3,3,2,4,3,2,1,1,Không
NV20260966,39,Nam,Độc thân,Hải Phòng,Toàn thời gian,Cao đẳng,Kinh tế,Vận hành,Trưởng nhóm vận hành,3,Ít,Không,21300000,9,4,2,4,4,4,2,3,4,0,9,5,3,3,2,Không
NV20260967,25,Nữ,Độc thân,Hà Nội,Toàn thời gian,Thạc sĩ,Tài chính,Chăm sóc khách hàng,Trưởng nhóm chăm sóc khách hàng,1,Không công tác,Không,11300000,7,7,5,4,1,3,4,3,1,0,0,0,0,0,0,Không
NV20260968,30,Nữ,Độc thân,TP. Hồ Chí Minh,Thử việc,Thạc sĩ,Kinh tế,Công nghệ thông tin,Lập trình viên,3,Ít,Không,20500000,3,12,4,3,3,4,2,5,2,2,7,7,6,4,6,Không
NV20260969,29,Nữ,Đã kết hôn,Hà Nội,Toàn thời gian,Đại học,Kinh tế,Tài chính - Kế toán,Kế toán viên,1,Thường xuyên,Không,13100000,9,10,2,3,4,1,1,3,3,1,0,0,0,0,0,Có
NV20260970,24,Nữ,Độc thân,Bình Dương,Toàn thời gian,Đại học,Công nghệ thông tin,Tài chính - Kế toán,Chuyên viên tài chính,1,Không công tác,Có,14300000,11,4,2,2,5,2,5,5,2,3,6,1,1,1,1,Có
NV20260971,32,Nam,Độc thân,Bình Dương,Toàn thời gian,Thạc sĩ,Công nghệ thông tin,Nhân sự,Chuyên viên tuyển dụng,3,Thường xuyên,Không,23400000,13,5,5,5,4,3,3,4,5,3,12,7,3,4,4,Không
NV20260972,37,Nữ,Độc thân,TP. Hồ Chí Minh,Toàn thời gian,Đại học,Khác,Công nghệ thông tin,Trưởng nhóm kỹ thuật,3,Ít,Có,24500000,6,11,4,3,4,2,4,5,2,1,12,4,3,2,2,Có
NV20260973,36,Nam,Đã kết hôn,TP. Hồ Chí Minh,Thử việc,Đại học,Công nghệ thông tin,Vận hành,Nhân viên vận hành,3,Ít,Không,25700000,10,7,5,2,3,3,3,3,2,1,15,4,3,3,2,Không
NV20260974,29,Nữ,Đã kết hôn,Hà Nội,Toàn thời gian,Đại học,Marketing,Công nghệ thông tin,Kỹ sư dữ liệu,1,Không công tác,Không,13400000,13,5,4,2,3,2,3,3,4,5,0,0,0,0,0,Không
NV20260975,34,Nữ,Độc thân,Hà Nội,Toàn thời gian,Thạc sĩ,Kinh tế,Kinh doanh,Quản lý kinh doanh,2,Không công tác,Không,20100000,16,5,4,2,4,3,4,2,3,1,9,2,1,1,1,Không
NV20260976,20,Nam,Đã kết hôn,Hải Phòng,Hợp đồng xác định thời hạn,Đại học,Công nghệ thông tin,Vận hành,Trưởng nhóm vận hành,1,Không công tác,Không,11200000,8,12,3,1,3,3,4,3,3,4,0,0,0,0,0,Không
NV20260977,30,Nam,Độc thân,Bình Dương,Hợp đồng xác định thời hạn,Cao đẳng,Kinh tế,Nghiên cứu và Phát triển,Trưởng nhóm R&D,2,Ít,Không,17600000,10,4,1,3,4,5,5,3,2,0,2,2,1,1,1,Không
NV20260978,34,Nữ,Đã kết hôn,Hải Phòng,Hợp đồng xác định thời hạn,Cao đẳng,Nhân sự,Công nghệ thông tin,Lập trình viên,3,Không công tác,Có,28100000,6,9,4,4,4,5,4,3,4,3,16,5,4,1,3,Có
NV20260979,26,Nam,Độc thân,Hà Nội,Toàn thời gian,Đại học,Kỹ thuật,Vận hành,Điều phối viên,1,Thường xuyên,Không,16100000,8,10,3,3,3,3,4,4,2,2,3,1,1,0,1,Không
NV20260980,42,Nam,Độc thân,Bình Dương,Hợp đồng xác định thời hạn,Đại học,Kinh tế,Kinh doanh,Nhân viên kinh doanh,1,Ít,Có,21800000,9,7,1,4,3,4,3,3,1,1,19,1,1,1,1,Không
NV20260981,23,Nữ,Độc thân,TP. Hồ Chí Minh,Toàn thời gian,Đại học,Khác,Nhân sự,Trưởng nhóm nhân sự,1,Ít,Không,9000000,7,3,3,4,3,4,3,4,1,2,0,0,0,0,0,Không
NV20260982,33,Nam,Độc thân,TP. Hồ Chí Minh,Toàn thời gian,Cao đẳng,Công nghệ thông tin,Công nghệ thông tin,Kỹ sư kiểm thử,2,Ít,Không,17600000,10,8,4,3,4,4,3,3,4,4,10,2,2,2,1,Không
NV20260983,28,Nam,Đã kết hôn,Hà Nội,Thử việc,Đại học,Kỹ thuật,Marketing,Chuyên viên nội dung,2,Thường xuyên,Không,18800000,10,10,3,4,1,1,4,3,6,1,6,2,1,0,1,Không
NV20260984,24,Nam,Độc thân,Hà Nội,Hợp đồng xác định thời hạn,Đại học,Kinh tế,Công nghệ thông tin,Lập trình viên,3,Không công tác,Không,21600000,6,18,3,4,3,3,4,5,3,2,5,4,3,3,3,Không
NV20260985,31,Nam,Độc thân,Bình Dương,Toàn thời gian,Cao đẳng,Công nghệ thông tin,Marketing,Trưởng nhóm marketing,2,Không công tác,Không,15100000,8,15,1,1,4,5,3,3,4,4,3,3,2,2,1,Không
NV20260986,39,Nữ,Đã kết hôn,Cần Thơ,Toàn thời gian,Cao đẳng,Công nghệ thông tin,Kinh doanh,Nhân viên kinh doanh,2,Không công tác,Không,22900000,12,23,3,1,2,4,4,1,3,1,18,3,1,1,2,Không
NV20260987,30,Nữ,Đã kết hôn,Hải Phòng,Toàn thời gian,Đại học,Kinh tế,Marketing,Trưởng nhóm marketing,1,Thường xuyên,Không,11700000,4,4,3,2,3,3,2,2,1,2,0,0,0,0,0,Không
NV20260988,37,Nữ,Độc thân,Bình Dương,Toàn thời gian,Đại học,Công nghệ thông tin,Chăm sóc khách hàng,Nhân viên chăm sóc khách hàng,2,Không công tác,Không,18600000,8,9,4,2,5,3,2,3,2,2,2,2,1,1,2,Không
NV20260989,41,Nam,Độc thân,Hà Nội,Toàn thời gian,Cao đẳng,Tài chính,Kinh doanh,Quản lý kinh doanh,3,Ít,Có,23500000,8,8,2,3,1,3,3,3,2,4,13,4,3,3,2,Có
NV20260990,39,Nam,Độc thân,Hải Phòng,Toàn thời gian,Cao đẳng,Tài chính,Marketing,Trưởng nhóm marketing,2,Không công tác,Không,24000000,7,9,2,2,3,4,4,3,2,0,20,3,2,2,2,Không
NV20260991,34,Nữ,Độc thân,TP. Hồ Chí Minh,Toàn thời gian,Thạc sĩ,Kinh tế,Tài chính - Kế toán,Trưởng nhóm tài chính,3,Không công tác,Không,21300000,5,1,1,4,4,2,5,3,4,3,8,4,3,3,2,Không
NV20260992,46,Nữ,Đã kết hôn,TP. Hồ Chí Minh,Thử việc,Đại học,Nhân sự,Chăm sóc khách hàng,Nhân viên chăm sóc khách hàng,2,Không công tác,Không,20200000,8,12,2,4,3,2,5,2,1,2,13,3,2,1,2,Không
NV20260993,26,Nam,Đã kết hôn,TP. Hồ Chí Minh,Toàn thời gian,Cao đẳng,Kỹ thuật,Chăm sóc khách hàng,Nhân viên chăm sóc khách hàng,2,Thường xuyên,Không,18800000,12,9,3,3,2,3,2,3,6,2,8,2,1,1,1,Có
NV20260994,28,Nữ,Đã kết hôn,Hà Nội,Toàn thời gian,Thạc sĩ,Marketing,Marketing,Trưởng nhóm marketing,3,Ít,Có,24200000,10,11,3,4,3,3,2,2,3,1,6,6,5,1,3,Có
NV20260995,28,Nam,Đã kết hôn,Bình Dương,Toàn thời gian,Đại học,Kỹ thuật,Chăm sóc khách hàng,Trưởng nhóm chăm sóc khách hàng,1,Ít,Không,12300000,9,25,2,3,5,4,3,3,2,3,0,0,0,0,0,Có
NV20260996,29,Nam,Độc thân,TP. Hồ Chí Minh,Hợp đồng xác định thời hạn,Đại học,Kinh tế,Nhân sự,Chuyên viên tuyển dụng,2,Thường xuyên,Không,19600000,13,5,4,2,4,5,3,4,4,4,11,3,2,2,2,Có
NV20260997,35,Nữ,Độc thân,Bình Dương,Toàn thời gian,Cao đẳng,Công nghệ thông tin,Kinh doanh,Nhân viên kinh doanh,3,Ít,Có,21500000,12,7,3,3,5,5,3,3,3,1,8,4,2,3,3,Không
NV20260998,23,Nữ,Độc thân,TP. Hồ Chí Minh,Toàn thời gian,Đại học,Công nghệ thông tin,Công nghệ thông tin,Trưởng nhóm kỹ thuật,1,Ít,Không,12800000,9,12,2,3,2,3,2,1,3,0,0,0,0,0,0,Có
NV20260999,26,Nam,Độc thân,Cần Thơ,Toàn thời gian,Đại học,Công nghệ thông tin,Marketing,Chuyên viên marketing,2,Ít,Không,19400000,8,13,5,3,2,3,5,3,4,1,8,2,2,1,1,Có
NV20261000,31,Nam,Độc thân,TP. Hồ Chí Minh,Thử việc,Đại học,Marketing,Kinh doanh,Nhân viên kinh doanh,3,Ít,Có,22200000,12,2,3,4,3,4,4,2,2,0,13,4,2,1,2,Không
NV20261001,20,Nam,Đã kết hôn,Hải Phòng,Toàn thời gian,Cao đẳng,Công nghệ thông tin,Vận hành,Điều phối viên,1,Thường xuyên,Không,13700000,6,4,1,4,1,5,2,5,5,6,0,0,0,0,0,Có
NV20261002,34,Nữ,Độc thân,Bình Dương,Toàn thời gian,Đại học,Kỹ thuật,Marketing,Chuyên viên nội dung,2,Ít,Không,24800000,13,15,3,5,4,4,5,3,1,2,16,2,1,1,1,Không
NV20261003,33,Nữ,Độc thân,TP. Hồ Chí Minh,Toàn thời gian,Cao đẳng,Kinh tế,Kinh doanh,Trưởng nhóm kinh doanh,1,Thường xuyên,Không,14400000,10,20,3,3,3,3,3,3,3,2,1,1,1,0,1,Không
NV20261004,33,Nữ,Độc thân,Hà Nội,Toàn thời gian,Cao đẳng,Kỹ thuật,Kinh doanh,Nhân viên kinh doanh,2,Không công tác,Không,20400000,9,17,4,5,5,4,1,4,2,1,8,3,2,1,2,Không
NV20261005,33,Nam,Độc thân,Đà Nẵng,Toàn thời gian,Đại học,Nhân sự,Công nghệ thông tin,Kỹ sư kiểm thử,3,Không công tác,Không,23500000,10,4,1,3,3,5,2,4,1,2,12,4,2,2,1,Không
NV20261006,23,Nam,Đã kết hôn,Hà Nội,Toàn thời gian,Cao đẳng,Tài chính,Tài chính - Kế toán,Chuyên viên tài chính,2,Không công tác,Không,18400000,15,7,5,4,3,2,5,4,1,2,3,2,1,1,1,Không
NV20261007,33,Nam,Đã kết hôn,Hà Nội,Thử việc,Đại học,Công nghệ thông tin,Công nghệ thông tin,Lập trình viên,3,Không công tác,Có,22800000,7,2,4,3,3,5,2,4,4,3,5,5,2,2,3,Không
NV20261008,26,Nữ,Độc thân,Đà Nẵng,Toàn thời gian,Đại học,Khác,Vận hành,Trưởng nhóm vận hành,1,Ít,Có,11000000,10,10,3,3,2,4,3,3,2,1,0,0,0,0,0,Có
NV20261009,26,Nam,Độc thân,Hải Phòng,Toàn thời gian,Đại học,Nhân sự,Marketing,Chuyên viên nội dung,1,Ít,Không,13400000,9,10,2,5,2,2,3,3,4,1,1,1,1,1,0,Có
NV20261010,30,Nữ,Độc thân,Đà Nẵng,Hợp đồng xác định thời hạn,Đại học,Tài chính,Công nghệ thông tin,Kỹ sư kiểm thử,3,Không công tác,Không,26800000,10,15,5,1,3,5,4,4,5,1,12,4,3,3,1,Không
NV20261011,33,Nam,Độc thân,TP. Hồ Chí Minh,Toàn thời gian,Đại học,Marketing,Công nghệ thông tin,Lập trình viên,3,Ít,Không,26300000,12,8,3,4,4,3,4,4,4,1,15,7,5,2,6,Có
NV20261012,37,Nam,Đã kết hôn,Hà Nội,Toàn thời gian,Đại học,Kỹ thuật,Tài chính - Kế toán,Kế toán viên,2,Thường xuyên,Có,24200000,14,10,3,5,4,5,3,3,4,4,19,2,1,1,1,Không
NV20261013,32,Nam,Độc thân,Bình Dương,Toàn thời gian,Thạc sĩ,Công nghệ thông tin,Kinh doanh,Nhân viên kinh doanh,1,Không công tác,Không,13800000,14,9,4,5,3,3,3,4,3,1,3,1,0,0,1,Không
NV20261014,39,Nữ,Đã kết hôn,TP. Hồ Chí Minh,Toàn thời gian,Cao đẳng,Tài chính,Nhân sự,Trưởng nhóm nhân sự,3,Ít,Có,31400000,11,1,1,3,3,5,1,3,3,3,21,7,3,2,3,Không
NV20261015,26,Nữ,Độc thân,TP. Hồ Chí Minh,Toàn thời gian,Cao đẳng,Nhân sự,Chăm sóc khách hàng,Trưởng nhóm chăm sóc khách hàng,2,Không công tác,Có,14500000,6,6,5,4,3,2,4,3,6,5,2,2,1,0,1,Không
NV20261016,33,Nam,Ly hôn,TP. Hồ Chí Minh,Toàn thời gian,Đại học,Công nghệ thông tin,Công nghệ thông tin,Lập trình viên,1,Không công tác,Không,16500000,11,4,2,2,2,3,5,3,2,2,9,1,1,1,1,Có
NV20261017,26,Nam,Đã kết hôn,Bình Dương,Toàn thời gian,Đại học,Kinh tế,Marketing,Chuyên viên marketing,2,Ít,Không,14700000,12,10,4,2,4,4,3,2,2,2,3,2,1,1,2,Không
NV20261018,37,Nữ,Độc thân,Đà Nẵng,Hợp đồng xác định thời hạn,Đại học,Tài chính,Kinh doanh,Nhân viên kinh doanh,4,Không công tác,Không,29900000,8,16,3,3,4,3,3,4,2,2,15,9,6,6,6,Không
NV20261019,26,Nam,Ly hôn,Hà Nội,Toàn thời gian,Thạc sĩ,Kỹ thuật,Tài chính - Kế toán,Kế toán viên,1,Ít,Không,12800000,10,7,3,2,3,3,4,3,2,2,0,0,0,0,0,Không
NV20261020,36,Nam,Độc thân,TP. Hồ Chí Minh,Toàn thời gian,Đại học,Công nghệ thông tin,Công nghệ thông tin,Lập trình viên,2,Không công tác,Có,19400000,13,6,4,4,1,5,2,4,4,3,10,3,1,1,1,Có
NV20261021,37,Nữ,Độc thân,TP. Hồ Chí Minh,Hợp đồng xác định thời hạn,Đại học,Marketing,Chăm sóc khách hàng,Trưởng nhóm chăm sóc khách hàng,3,Không công tác,Không,19100000,10,20,5,2,3,2,3,2,4,2,8,5,2,3,2,Không
NV20261022,21,Nữ,Độc thân,Hải Phòng,Toàn thời gian,Đại học,Kinh tế,Công nghệ thông tin,Kỹ sư dữ liệu,1,Thường xuyên,Không,12500000,9,10,5,4,4,3,2,4,2,1,3,1,1,1,0,Không
NV20261023,30,Nam,Độc thân,Bình Dương,Toàn thời gian,Thạc sĩ,Công nghệ thông tin,Kinh doanh,Nhân viên kinh doanh,3,Không công tác,Có,20700000,6,2,3,3,5,4,4,5,1,1,9,5,3,3,2,Không
NV20261024,37,Nam,Đã kết hôn,TP. Hồ Chí Minh,Thử việc,Thạc sĩ,Kinh tế,Marketing,Chuyên viên nội dung,2,Ít,Có,26100000,9,6,5,5,3,4,3,3,3,5,19,2,1,0,1,Không
NV20261025,35,Nam,Đã kết hôn,Hà Nội,Toàn thời gian,Cao đẳng,Kinh tế,Chăm sóc khách hàng,Nhân viên chăm sóc khách hàng,3,Không công tác,Có,23900000,9,7,4,1,5,5,5,1,3,1,10,5,2,1,4,Có
NV20261026,20,Nam,Đã kết hôn,Hà Nội,Toàn thời gian,Cao đẳng,Nhân sự,Kinh doanh,Quản lý kinh doanh,1,Ít,Có,11500000,10,4,2,3,3,4,3,3,2,2,0,0,0,0,0,Không
NV20261027,32,Nam,Đã kết hôn,Hà Nội,Toàn thời gian,Thạc sĩ,Kỹ thuật,Nghiên cứu và Phát triển,Trưởng nhóm R&D,1,Không công tác,Không,12000000,14,8,5,4,3,4,4,3,2,2,0,0,0,0,0,Không
NV20261028,39,Nữ,Đã kết hôn,Đà Nẵng,Thử việc,Cao đẳng,Kinh tế,Công nghệ thông tin,Kỹ sư dữ liệu,3,Ít,Không,25300000,12,10,3,3,5,4,5,4,3,0,17,5,4,3,4,Không
NV20261029,35,Nam,Đã kết hôn,Hà Nội,Toàn thời gian,Cao đẳng,Tài chính,Tài chính - Kế toán,Kế toán viên,4,Ít,Có,30300000,10,4,4,4,4,3,5,3,3,4,17,12,8,6,5,Không
NV20261030,20,Nữ,Đã kết hôn,Hà Nội,Hợp đồng xác định thời hạn,Cao đẳng,Kinh tế,Công nghệ thông tin,Kỹ sư kiểm thử,1,Không công tác,Không,13000000,11,27,3,3,3,4,5,3,4,1,0,0,0,0,0,Có
NV20261031,26,Nam,Độc thân,TP. Hồ Chí Minh,Toàn thời gian,Thạc sĩ,Công nghệ thông tin,Công nghệ thông tin,Kỹ sư kiểm thử,1,Không công tác,Không,11400000,9,22,5,4,3,2,3,4,4,1,0,0,0,0,0,Không
NV20261032,23,Nữ,Độc thân,TP. Hồ Chí Minh,Toàn thời gian,THPT,Nhân sự,Chăm sóc khách hàng,Trưởng nhóm chăm sóc khách hàng,2,Ít,Có,19200000,6,3,3,3,2,3,4,3,3,3,5,3,1,2,1,Có
NV20261033,26,Nữ,Đã kết hôn,Bình Dương,Toàn thời gian,Đại học,Khác,Vận hành,Trưởng nhóm vận hành,1,Thường xuyên,Không,12100000,14,5,5,3,3,4,3,3,2,1,2,1,0,0,0,Không
NV20261034,38,Nữ,Độc thân,Hải Phòng,Hợp đồng xác định thời hạn,Đại học,Khác,Kinh doanh,Nhân viên kinh doanh,3,Không công tác,Có,31400000,8,2,4,5,1,2,3,2,6,2,20,5,4,4,4,Không
NV20261035,39,Nữ,Độc thân,Cần Thơ,Toàn thời gian,Đại học,Công nghệ thông tin,Nghiên cứu và Phát triển,Kỹ sư R&D,2,Ít,Không,23900000,15,10,4,1,3,3,2,4,3,0,18,2,1,1,1,Không
NV20261036,31,Nữ,Đã kết hôn,Đà Nẵng,Toàn thời gian,Đại học,Công nghệ thông tin,Marketing,Chuyên viên marketing,2,Ít,Không,19100000,5,10,4,3,2,5,3,3,2,4,9,3,1,2,1,Có
NV20261037,31,Nam,Đã kết hôn,Cần Thơ,Hợp đồng xác định thời hạn,Đại học,Kinh tế,Kinh doanh,Quản lý kinh doanh,3,Ít,Không,23300000,5,8,5,1,2,2,4,4,3,1,6,6,4,5,4,Có
NV20261038,29,Nữ,Đã kết hôn,Hà Nội,Toàn thời gian,Thạc sĩ,Kỹ thuật,Kinh doanh,Trưởng nhóm kinh doanh,3,Không công tác,Không,21600000,12,7,3,4,3,4,4,2,3,2,4,4,2,1,2,Không
NV20261039,34,Nữ,Độc thân,TP. Hồ Chí Minh,Toàn thời gian,Đại học,Tài chính,Công nghệ thông tin,Lập trình viên,2,Ít,Không,22600000,11,5,3,5,4,4,2,5,4,1,13,2,2,2,1,Không
NV20261040,38,Nam,Độc thân,Hà Nội,Hợp đồng xác định thời hạn,Đại học,Tài chính,Chăm sóc khách hàng,Nhân viên chăm sóc khách hàng,3,Không công tác,Không,25300000,13,5,2,5,4,2,4,3,4,3,15,5,2,4,4,Không
NV20261041,34,Nam,Đã kết hôn,Đà Nẵng,Toàn thời gian,Đại học,Kỹ thuật,Kinh doanh,Quản lý kinh doanh,1,Thường xuyên,Không,17500000,5,15,3,2,3,3,4,2,2,2,12,1,1,0,0,Không
NV20261042,32,Nữ,Độc thân,Bình Dương,Toàn thời gian,Thạc sĩ,Khác,Vận hành,Điều phối viên,2,Không công tác,Không,20500000,10,17,5,4,3,3,2,5,3,1,10,2,1,1,1,Không
NV20261043,27,Nam,Độc thân,TP. Hồ Chí Minh,Toàn thời gian,Đại học,Công nghệ thông tin,Nhân sự,Chuyên viên tuyển dụng,1,Không công tác,Không,14300000,9,14,4,5,1,1,3,5,5,1,6,1,1,1,0,Không
NV20261044,47,Nữ,Độc thân,Hà Nội,Toàn thời gian,Đại học,Marketing,Công nghệ thông tin,Lập trình viên,3,Ít,Có,29900000,10,5,1,2,2,4,5,5,4,1,26,5,2,3,2,Không
NV20261045,26,Nữ,Độc thân,Hải Phòng,Toàn thời gian,THPT,Công nghệ thông tin,Công nghệ thông tin,Kỹ sư kiểm thử,1,Ít,Không,14400000,11,8,5,3,3,3,3,4,4,2,1,1,1,1,1,Không
NV20261046,33,Nam,Độc thân,TP. Hồ Chí Minh,Thử việc,Đại học,Kinh tế,Nghiên cứu và Phát triển,Trưởng nhóm R&D,4,Ít,Không,30500000,11,5,3,4,2,2,4,3,3,1,15,9,5,4,8,Không
NV20261047,25,Nam,Đã kết hôn,Đà Nẵng,Hợp đồng xác định thời hạn,Đại học,Kinh tế,Nhân sự,Chuyên viên tuyển dụng,1,Không công tác,Không,11600000,16,8,2,3,3,4,2,4,4,1,0,0,0,0,0,Có
NV20261048,38,Nữ,Độc thân,TP. Hồ Chí Minh,Toàn thời gian,Đại học,Công nghệ thông tin,Marketing,Chuyên viên marketing,2,Ít,Có,19900000,15,5,1,4,2,3,3,5,3,2,10,2,1,1,2,Có
NV20261049,28,Nam,Đã kết hôn,Hà Nội,Hợp đồng xác định thời hạn,Đại học,Tài chính,Công nghệ thông tin,Kỹ sư kiểm thử,2,Ít,Có,16000000,12,14,3,2,4,2,3,4,4,1,2,2,1,1,1,Không
NV20261050,39,Nam,Độc thân,Hà Nội,Toàn thời gian,Đại học,Công nghệ thông tin,Công nghệ thông tin,Trưởng nhóm kỹ thuật,5,Không công tác,Không,36200000,9,8,5,3,2,2,3,5,3,2,21,14,7,5,9,Không
NV20261051,21,Nữ,Độc thân,Hà Nội,Thử việc,Đại học,Kỹ thuật,Kinh doanh,Nhân viên kinh doanh,1,Không công tác,Không,13000000,6,6,3,1,4,1,4,4,4,0,0,0,0,0,0,Không
NV20261052,25,Nam,Đã kết hôn,TP. Hồ Chí Minh,Toàn thời gian,Đại học,Khác,Công nghệ thông tin,Trưởng nhóm kỹ thuật,2,Không công tác,Có,17500000,7,7,3,1,2,1,4,2,5,2,3,3,2,1,2,Có
NV20261053,26,Nam,Độc thân,Đà Nẵng,Hợp đồng xác định thời hạn,Đại học,Kỹ thuật,Vận hành,Nhân viên vận hành,3,Ít,Có,23300000,10,11,1,4,3,4,3,4,3,1,7,6,3,2,3,Có
NV20261054,32,Nam,Đã kết hôn,Hải Phòng,Toàn thời gian,Đại học,Khác,Kinh doanh,Quản lý kinh doanh,3,Không công tác,Không,27500000,11,5,2,5,4,3,3,3,3,1,14,5,3,4,2,Không
NV20261055,29,Nữ,Đã kết hôn,TP. Hồ Chí Minh,Toàn thời gian,Đại học,Kỹ thuật,Công nghệ thông tin,Trưởng nhóm kỹ thuật,1,Không công tác,Không,16400000,12,15,4,3,4,2,2,3,3,2,8,1,1,1,1,Không
NV20261056,41,Nam,Đã kết hôn,Hà Nội,Toàn thời gian,Cao đẳng,Công nghệ thông tin,Công nghệ thông tin,Kỹ sư kiểm thử,4,Không công tác,Có,36500000,8,1,2,5,5,4,3,4,2,3,23,12,10,7,4,Không
NV20261057,41,Nam,Đã kết hôn,Hà Nội,Toàn thời gian,Đại học,Nhân sự,Vận hành,Điều phối viên,2,Ít,Không,25400000,10,14,3,3,3,4,4,3,4,1,19,2,1,1,1,Không
NV20261058,35,Nữ,Ly hôn,Hải Phòng,Hợp đồng xác định thời hạn,Cao đẳng,Nhân sự,Nhân sự,Chuyên viên nhân sự,3,Không công tác,Không,25800000,7,9,2,3,3,2,3,2,4,0,10,5,2,3,4,Không
NV20261059,30,Nam,Đã kết hôn,Đà Nẵng,Hợp đồng xác định thời hạn,Cao đẳng,Công nghệ thông tin,Vận hành,Trưởng nhóm vận hành,3,Không công tác,Không,19700000,10,2,4,3,5,4,3,4,4,1,5,5,4,3,3,Không
NV20261060,25,Nam,Đã kết hôn,Hải Phòng,Toàn thời gian,Thạc sĩ,Khác,Chăm sóc khách hàng,Trưởng nhóm chăm sóc khách hàng,3,Ít,Không,19800000,4,3,4,4,3,3,3,3,2,2,4,4,2,1,2,Không
NV20261061,29,Nữ,Đã kết hôn,Cần Thơ,Toàn thời gian,Cao đẳng,Khác,Vận hành,Trưởng nhóm vận hành,2,Không công tác,Không,20100000,9,9,2,2,2,4,3,4,2,3,10,3,1,2,2,Không
NV20261062,35,Nữ,Đã kết hôn,TP. Hồ Chí Minh,Toàn thời gian,THPT,Công nghệ thông tin,Chăm sóc khách hàng,Nhân viên chăm sóc khách hàng,1,Không công tác,Không,17800000,10,17,4,5,1,4,3,3,7,2,10,1,1,1,1,Không
NV20261063,44,Nam,Đã kết hôn,TP. Hồ Chí Minh,Toàn thời gian,Cao đẳng,Công nghệ thông tin,Marketing,Chuyên viên nội dung,3,Ít,Không,30100000,11,13,4,5,4,2,3,4,3,3,23,6,3,4,2,Không
NV20261064,45,Nam,Độc thân,Hà Nội,Toàn thời gian,Đại học,Tài chính,Công nghệ thông tin,Trưởng nhóm kỹ thuật,2,Ít,Không,26700000,5,8,4,5,1,3,3,4,4,2,24,2,1,1,2,Không
NV20261065,33,Nam,Đã kết hôn,Hà Nội,Toàn thời gian,Cao đẳng,Công nghệ thông tin,Marketing,Chuyên viên marketing,3,Ít,Không,23800000,7,10,4,4,2,2,4,4,3,2,11,4,2,2,2,Có
NV20261066,27,Nữ,Độc thân,Hà Nội,Toàn thời gian,Đại học,Tài chính,Marketing,Chuyên viên nội dung,1,Ít,Không,10400000,8,3,3,5,5,3,3,4,5,2,0,0,0,0,0,Không
NV20261067,34,Nữ,Độc thân,Cần Thơ,Toàn thời gian,Cao đẳng,Kỹ thuật,Marketing,Trưởng nhóm marketing,3,Không công tác,Không,22000000,4,12,3,5,2,4,3,4,8,1,16,5,4,2,3,Không
NV20261068,33,Nam,Đã kết hôn,Hải Phòng,Toàn thời gian,Tiến sĩ,Marketing,Chăm sóc khách hàng,Nhân viên chăm sóc khách hàng,2,Không công tác,Có,13800000,14,10,3,5,4,2,4,5,5,3,2,2,1,1,2,Có
NV20261069,32,Nam,Độc thân,Hà Nội,Toàn thời gian,Đại học,Công nghệ thông tin,Tài chính - Kế toán,Kế toán viên,4,Không công tác,Không,26600000,8,6,4,3,3,3,4,4,4,3,11,8,6,6,6,Không
NV20261070,28,Nữ,Đã kết hôn,Bình Dương,Toàn thời gian,Đại học,Công nghệ thông tin,Nhân sự,Trưởng nhóm nhân sự,1,Không công tác,Có,12400000,10,7,1,3,4,3,3,4,5,1,1,1,1,1,1,Không
NV20261071,29,Nữ,Độc thân,TP. Hồ Chí Minh,Hợp đồng xác định thời hạn,Đại học,Tài chính,Marketing,Chuyên viên nội dung,1,Thường xuyên,Có,12200000,9,13,2,5,2,3,1,4,3,4,1,1,0,1,1,Không
NV20261072,39,Nam,Đã kết hôn,Hà Nội,Toàn thời gian,Thạc sĩ,Kỹ thuật,Nghiên cứu và Phát triển,Chuyên viên R&D,3,Ít,Không,27800000,15,1,1,2,5,3,4,3,5,4,14,6,4,2,4,Không
NV20261073,20,Nữ,Độc thân,Hải Phòng,Thử việc,Đại học,Khác,Kinh doanh,Nhân viên kinh doanh,1,Không công tác,Không,12100000,13,5,4,5,3,5,4,3,4,1,0,0,0,0,0,Không
NV20261074,43,Nam,Đã kết hôn,Hà Nội,Toàn thời gian,Thạc sĩ,Công nghệ thông tin,Kinh doanh,Trưởng nhóm kinh doanh,2,Không công tác,Không,21900000,11,10,5,4,4,2,5,3,2,3,19,3,2,2,1,Có
NV20261075,27,Nữ,Độc thân,TP. Hồ Chí Minh,Toàn thời gian,Đại học,Khác,Marketing,Chuyên viên marketing,2,Ít,Có,17000000,6,6,5,3,3,5,3,2,4,1,3,3,2,2,2,Không
NV20261076,35,Nữ,Ly hôn,Đà Nẵng,Toàn thời gian,Đại học,Marketing,Tài chính - Kế toán,Kế toán viên,4,Ít,Không,29200000,7,6,4,2,1,4,3,3,2,3,15,9,5,6,3,Không
NV20261077,25,Nam,Đã kết hôn,Hà Nội,Toàn thời gian,Đại học,Kỹ thuật,Marketing,Chuyên viên marketing,1,Ít,Không,14900000,8,15,5,5,2,4,4,4,3,2,0,0,0,0,0,Không
NV20261078,30,Nam,Độc thân,Cần Thơ,Toàn thời gian,Cao đẳng,Kinh tế,Kinh doanh,Nhân viên kinh doanh,2,Không công tác,Không,19500000,9,3,4,1,3,5,4,4,4,2,8,3,2,2,3,Có
NV20261079,26,Nữ,Ly hôn,TP. Hồ Chí Minh,Toàn thời gian,Cao đẳng,Kinh tế,Công nghệ thông tin,Lập trình viên,2,Thường xuyên,Không,18300000,12,7,2,3,4,4,4,4,4,1,6,2,1,2,1,Không
NV20261080,25,Nam,Độc thân,Đà Nẵng,Toàn thời gian,Cao đẳng,Tài chính,Kinh doanh,Quản lý kinh doanh,2,Ít,Không,14400000,9,3,3,5,4,3,5,2,4,2,2,2,1,1,1,Không
NV20261081,30,Nam,Ly hôn,Hà Nội,Toàn thời gian,Đại học,Marketing,Công nghệ thông tin,Kỹ sư kiểm thử,3,Không công tác,Không,24100000,10,10,4,3,3,4,4,4,4,1,9,5,4,2,4,Không
NV20261082,37,Nữ,Đã kết hôn,Cần Thơ,Toàn thời gian,Đại học,Kỹ thuật,Chăm sóc khách hàng,Trưởng nhóm chăm sóc khách hàng,4,Không công tác,Không,25500000,11,5,2,4,3,5,5,3,3,5,10,10,6,7,6,Không
NV20261083,30,Nam,Ly hôn,Cần Thơ,Thử việc,Đại học,Tài chính,Vận hành,Trưởng nhóm vận hành,3,Ít,Không,23500000,11,9,2,4,5,4,4,2,5,2,12,4,2,3,4,Không
NV20261084,27,Nam,Độc thân,TP. Hồ Chí Minh,Hợp đồng xác định thời hạn,Đại học,Kinh tế,Tài chính - Kế toán,Kế toán viên,2,Thường xuyên,Không,20600000,6,6,3,4,5,1,3,5,3,2,9,3,2,1,2,Có
NV20261085,31,Nữ,Đã kết hôn,Hà Nội,Toàn thời gian,Đại học,Kỹ thuật,Công nghệ thông tin,Kỹ sư kiểm thử,3,Ít,Không,25100000,9,6,1,1,3,3,4,3,2,4,8,7,4,4,3,Có
NV20261086,33,Nữ,Đã kết hôn,Bình Dương,Toàn thời gian,Thạc sĩ,Nhân sự,Công nghệ thông tin,Trưởng nhóm kỹ thuật,1,Không công tác,Không,16700000,11,6,3,3,3,2,2,4,1,2,11,1,1,0,1,Có
NV20261087,27,Nữ,Ly hôn,TP. Hồ Chí Minh,Toàn thời gian,Đại học,Marketing,Chăm sóc khách hàng,Nhân viên chăm sóc khách hàng,2,Không công tác,Không,15700000,9,6,3,2,5,3,5,4,2,2,2,2,1,1,1,Có
NV20261088,24,Nữ,Độc thân,TP. Hồ Chí Minh,Toàn thời gian,Cao đẳng,Công nghệ thông tin,Marketing,Chuyên viên marketing,1,Không công tác,Không,12500000,5,12,3,5,4,4,2,3,2,4,0,0,0,0,0,Không
NV20261089,20,Nam,Độc thân,Bình Dương,Toàn thời gian,Đại học,Công nghệ thông tin,Kinh doanh,Quản lý kinh doanh,1,Ít,Có,13200000,7,3,2,3,4,4,4,1,3,2,2,0,0,0,0,Có
NV20261090,39,Nam,Đã kết hôn,Đà Nẵng,Toàn thời gian,Cao đẳng,Khác,Nhân sự,Chuyên viên nhân sự,1,Không công tác,Có,21200000,14,4,3,4,4,3,5,3,2,3,13,1,1,0,1,Không
NV20261091,32,Nữ,Độc thân,Hà Nội,Toàn thời gian,Đại học,Kinh tế,Marketing,Trưởng nhóm marketing,2,Ít,Không,15800000,13,1,1,2,3,2,3,5,3,0,8,2,2,1,1,Không
NV20261092,24,Nữ,Đã kết hôn,TP. Hồ Chí Minh,Toàn thời gian,Đại học,Khác,Vận hành,Trưởng nhóm vận hành,2,Không công tác,Không,17900000,7,14,4,1,4,4,5,3,3,1,2,2,1,1,2,Không
NV20261093,31,Nam,Đã kết hôn,Hà Nội,Toàn thời gian,Cao đẳng,Khác,Chăm sóc khách hàng,Nhân viên chăm sóc khách hàng,2,Thường xuyên,Không,16700000,5,4,5,4,3,3,4,3,2,0,6,3,2,2,2,Không
NV20261094,20,Nam,Đã kết hôn,Hà Nội,Thử việc,Đại học,Công nghệ thông tin,Nghiên cứu và Phát triển,Kỹ sư R&D,1,Ít,Không,12500000,8,16,3,3,3,5,3,3,2,0,2,0,0,0,0,Không
NV20261095,35,Nam,Độc thân,Hải Phòng,Toàn thời gian,Thạc sĩ,Khác,Kinh doanh,Nhân viên kinh doanh,4,Thường xuyên,Không,29500000,13,3,4,4,1,3,4,2,5,2,13,10,5,5,6,Không
NV20261096,23,Nữ,Đã kết hôn,Bình Dương,Toàn thời gian,Đại học,Tài chính,Chăm sóc khách hàng,Nhân viên chăm sóc khách hàng,1,Ít,Có,11100000,8,20,2,5,3,3,2,3,4,5,1,1,0,1,0,Có
NV20261097,26,Nam,Đã kết hôn,Hải Phòng,Thử việc,Thạc sĩ,Kỹ thuật,Công nghệ thông tin,Lập trình viên,3,Không công tác,Không,19500000,12,5,5,3,3,4,5,4,5,4,4,4,2,2,3,Không
NV20261098,36,Nữ,Độc thân,TP. Hồ Chí Minh,Toàn thời gian,THPT,Công nghệ thông tin,Chăm sóc khách hàng,Nhân viên chăm sóc khách hàng,2,Không công tác,Có,23300000,7,12,4,4,4,5,3,4,2,4,18,3,1,2,1,Không
NV20261099,39,Nữ,Độc thân,TP. Hồ Chí Minh,Toàn thời gian,Đại học,Tài chính,Kinh doanh,Quản lý kinh doanh,3,Không công tác,Có,25700000,7,5,2,4,4,4,3,2,3,0,16,7,4,2,6,Không
NV20261100,30,Nữ,Độc thân,Hà Nội,Toàn thời gian,Thạc sĩ,Công nghệ thông tin,Vận hành,Nhân viên vận hành,1,Ít,Không,15600000,9,2,3,4,1,3,3,4,1,2,2,0,0,0,0,Có
NV20261101,38,Nữ,Độc thân,TP. Hồ Chí Minh,Thử việc,Đại học,Công nghệ thông tin,Công nghệ thông tin,Trưởng nhóm kỹ thuật,2,Thường xuyên,Không,20800000,9,6,3,4,4,5,4,4,1,1,8,2,2,2,1,Không
NV20261102,37,Nữ,Độc thân,Hà Nội,Toàn thời gian,Cao đẳng,Khác,Kinh doanh,Nhân viên kinh doanh,2,Ít,Không,23800000,12,4,5,4,3,2,4,4,4,1,19,2,1,1,1,Không
NV20261103,32,Nam,Độc thân,TP. Hồ Chí Minh,Toàn thời gian,Thạc sĩ,Kinh tế,Kinh doanh,Nhân viên kinh doanh,4,Ít,Không,27900000,7,7,3,3,3,4,3,2,4,1,9,8,4,4,3,Không
NV20261104,26,Nữ,Độc thân,Bình Dương,Toàn thời gian,Cao đẳng,Công nghệ thông tin,Vận hành,Nhân viên vận hành,1,Ít,Không,13200000,9,11,3,5,5,3,3,5,5,2,0,0,0,0,0,Không
NV20261105,30,Nữ,Độc thân,Đà Nẵng,Toàn thời gian,Đại học,Kỹ thuật,Marketing,Chuyên viên marketing,1,Ít,Không,9600000,8,7,5,4,3,5,4,5,1,3,0,0,0,0,0,Không
NV20261106,37,Nam,Độc thân,TP. Hồ Chí Minh,Toàn thời gian,Cao đẳng,Khác,Tài chính - Kế toán,Chuyên viên tài chính,3,Thường xuyên,Có,28700000,11,1,3,5,5,4,4,2,4,2,17,7,3,5,3,Không
NV20261107,28,Nam,Độc thân,Hà Nội,Toàn thời gian,Đại học,Marketing,Nghiên cứu và Phát triển,Kỹ sư R&D,1,Không công tác,Không,15800000,8,6,1,3,1,5,4,4,4,4,6,1,1,0,1,Không
NV20261108,26,Nam,Đã kết hôn,TP. Hồ Chí Minh,Toàn thời gian,Cao đẳng,Kỹ thuật,Chăm sóc khách hàng,Nhân viên chăm sóc khách hàng,1,Thường xuyên,Không,15200000,8,12,4,2,4,4,4,3,3,1,8,1,0,1,1,Không
NV20261109,35,Nữ,Đã kết hôn,Cần Thơ,Thử việc,THPT,Kỹ thuật,Marketing,Chuyên viên marketing,2,Ít,Không,22600000,6,5,3,5,4,3,2,4,5,1,17,2,1,1,2,Không
NV20261110,34,Nam,Đã kết hôn,Đà Nẵng,Hợp đồng xác định thời hạn,Đại học,Công nghệ thông tin,Chăm sóc khách hàng,Trưởng nhóm chăm sóc khách hàng,2,Ít,Có,21400000,12,12,3,4,5,4,4,3,2,1,16,2,2,1,2,Không
NV20261111,43,Nữ,Độc thân,Hải Phòng,Hợp đồng xác định thời hạn,Đại học,Marketing,Marketing,Chuyên viên marketing,3,Không công tác,Không,28300000,6,4,2,3,4,4,2,3,3,4,20,4,3,2,2,Không
NV20261112,31,Nam,Độc thân,Hà Nội,Toàn thời gian,Thạc sĩ,Tài chính,Công nghệ thông tin,Kỹ sư dữ liệu,3,Ít,Không,25000000,3,4,2,4,4,4,3,5,4,1,13,5,3,1,2,Không
NV20261113,34,Nữ,Đã kết hôn,Đà Nẵng,Toàn thời gian,Đại học,Khác,Nhân sự,Chuyên viên nhân sự,2,Thường xuyên,Có,17700000,13,6,5,3,4,4,4,3,4,1,5,2,1,1,1,Không
NV20261114,33,Nữ,Đã kết hôn,TP. Hồ Chí Minh,Toàn thời gian,Thạc sĩ,Công nghệ thông tin,Kinh doanh,Nhân viên kinh doanh,4,Ít,Không,28000000,9,8,3,5,2,2,4,3,4,4,9,9,7,5,7,Có
NV20261115,31,Nam,Đã kết hôn,Hà Nội,Hợp đồng xác định thời hạn,THPT,Công nghệ thông tin,Công nghệ thông tin,Kỹ sư dữ liệu,3,Ít,Không,23600000,7,12,4,5,1,3,1,3,1,1,6,6,3,2,3,Không
NV20261116,20,Nữ,Độc thân,Hà Nội,Toàn thời gian,Đại học,Khác,Công nghệ thông tin,Lập trình viên,1,Thường xuyên,Không,14100000,10,10,2,3,3,2,5,4,3,3,0,0,0,0,0,Không
NV20261117,30,Nữ,Ly hôn,Hà Nội,Toàn thời gian,Đại học,Khác,Kinh doanh,Trưởng nhóm kinh doanh,1,Ít,Có,12500000,12,14,3,1,3,2,5,2,2,1,0,0,0,0,0,Có
NV20261118,33,Nam,Đã kết hôn,Hà Nội,Hợp đồng xác định thời hạn,Đại học,Marketing,Kinh doanh,Quản lý kinh doanh,1,Thường xuyên,Không,16000000,8,18,4,1,4,3,2,4,3,2,11,1,1,1,1,Không
NV20261119,41,Nam,Độc thân,Hà Nội,Toàn thời gian,Đại học,Kinh tế,Kinh doanh,Nhân viên kinh doanh,3,Không công tác,Không,28100000,7,5,4,5,3,4,4,3,5,1,18,7,6,3,2,Không
NV20261120,30,Nữ,Độc thân,TP. Hồ Chí Minh,Toàn thời gian,Thạc sĩ,Kinh tế,Công nghệ thông tin,Lập trình viên,1,Không công tác,Không,14200000,10,5,5,3,5,3,3,3,4,2,6,1,1,1,0,Không
NV20261121,24,Nữ,Độc thân,Hà Nội,Toàn thời gian,Đại học,Kinh tế,Chăm sóc khách hàng,Trưởng nhóm chăm sóc khách hàng,1,Ít,Có,14600000,10,2,3,4,4,1,5,3,3,2,1,1,1,1,1,Có
NV20261122,31,Nữ,Đã kết hôn,Hải Phòng,Toàn thời gian,Đại học,Marketing,Tài chính - Kế toán,Trưởng nhóm tài chính,3,Không công tác,Không,19900000,6,5,4,3,3,5,4,4,2,2,5,5,3,3,3,Không
NV20261123,36,Nữ,Ly hôn,TP. Hồ Chí Minh,Toàn thời gian,Đại học,Marketing,Tài chính - Kế toán,Kế toán viên,1,Ít,Không,17300000,7,15,4,4,2,2,3,2,5,3,10,1,1,1,0,Có
NV20261124,37,Nữ,Đã kết hôn,Hà Nội,Hợp đồng xác định thời hạn,Đại học,Công nghệ thông tin,Kinh doanh,Quản lý kinh doanh,3,Ít,Có,28000000,13,8,3,2,4,3,4,4,4,3,16,7,5,4,3,Không
NV20261125,33,Nam,Độc thân,TP. Hồ Chí Minh,Thử việc,Đại học,Công nghệ thông tin,Nhân sự,Chuyên viên nhân sự,2,Không công tác,Có,16100000,3,7,2,2,4,4,2,3,2,2,7,3,2,1,2,Có
NV20261126,22,Nam,Đã kết hôn,Cần Thơ,Thử việc,Cao đẳng,Kỹ thuật,Marketing,Chuyên viên nội dung,1,Không công tác,Không,11500000,3,2,2,4,4,4,4,3,1,1,0,0,0,0,0,Không
NV20261127,30,Nữ,Độc thân,TP. Hồ Chí Minh,Toàn thời gian,Đại học,Kinh tế,Vận hành,Trưởng nhóm vận hành,2,Ít,Không,16100000,3,6,3,5,4,4,4,3,3,0,3,3,1,1,2,Có
NV20261128,29,Nữ,Độc thân,TP. Hồ Chí Minh,Toàn thời gian,Thạc sĩ,Công nghệ thông tin,Marketing,Trưởng nhóm marketing,4,Không công tác,Có,26300000,6,5,4,3,5,3,2,3,4,2,10,9,6,2,6,Không
NV20261129,32,Nữ,Độc thân,Hà Nội,Toàn thời gian,Thạc sĩ,Kỹ thuật,Chăm sóc khách hàng,Nhân viên chăm sóc khách hàng,3,Không công tác,Có,21900000,11,3,1,5,3,3,4,3,3,3,6,6,3,3,3,Không
NV20261130,31,Nữ,Độc thân,TP. Hồ Chí Minh,Hợp đồng xác định thời hạn,Đại học,Marketing,Tài chính - Kế toán,Chuyên viên tài chính,2,Không công tác,Không,18800000,10,15,4,4,4,3,2,2,1,0,3,3,2,2,3,Có
NV20261131,34,Nam,Đã kết hôn,TP. Hồ Chí Minh,Toàn thời gian,Đại học,Khác,Kinh doanh,Trưởng nhóm kinh doanh,2,Không công tác,Không,22500000,6,10,5,4,4,1,4,3,2,0,15,3,2,2,2,Có
NV20261132,36,Nữ,Đã kết hôn,Hà Nội,Toàn thời gian,Cao đẳng,Khác,Nhân sự,Chuyên viên nhân sự,2,Ít,Có,17900000,10,6,3,3,5,2,3,4,6,2,12,3,1,1,1,Không
NV20261133,39,Nam,Độc thân,Hải Phòng,Toàn thời gian,Đại học,Marketing,Công nghệ thông tin,Lập trình viên,3,Không công tác,Có,24100000,9,9,3,2,2,4,3,4,3,3,12,5,3,1,3,Không
NV20261134,22,Nam,Độc thân,Hà Nội,Toàn thời gian,Đại học,Khác,Kinh doanh,Quản lý kinh doanh,2,Ít,Không,14200000,5,8,5,4,5,4,5,3,5,7,2,2,1,1,1,Không
NV20261135,29,Nữ,Đã kết hôn,Bình Dương,Toàn thời gian,Cao đẳng,Công nghệ thông tin,Kinh doanh,Quản lý kinh doanh,1,Không công tác,Không,9300000,8,5,3,4,3,2,3,4,3,1,1,1,1,0,1,Không
NV20261136,34,Nam,Độc thân,Hà Nội,Toàn thời gian,Đại học,Công nghệ thông tin,Marketing,Chuyên viên marketing,1,Không công tác,Không,19100000,16,3,3,3,3,4,1,3,3,1,10,0,0,0,0,Không
NV20261137,37,Nữ,Độc thân,TP. Hồ Chí Minh,Toàn thời gian,Thạc sĩ,Công nghệ thông tin,Công nghệ thông tin,Trưởng nhóm kỹ thuật,3,Ít,Không,27700000,13,9,3,4,5,4,3,4,3,1,19,4,3,2,1,Không
NV20261138,37,Nam,Đã kết hôn,Hà Nội,Toàn thời gian,Đại học,Khác,Công nghệ thông tin,Kỹ sư dữ liệu,3,Không công tác,Không,28700000,14,6,4,1,3,4,3,2,3,1,18,4,2,2,1,Không
NV20261139,39,Nam,Độc thân,TP. Hồ Chí Minh,Toàn thời gian,Đại học,Khác,Tài chính - Kế toán,Chuyên viên tài chính,3,Không công tác,Không,27600000,10,2,4,2,4,4,5,2,4,3,21,4,3,1,2,Không
NV20261140,38,Nữ,Đã kết hôn,TP. Hồ Chí Minh,Toàn thời gian,Đại học,Kỹ thuật,Công nghệ thông tin,Trưởng nhóm kỹ thuật,3,Không công tác,Không,28400000,9,4,4,4,3,2,2,4,5,1,20,4,3,2,2,Không
NV20261141,29,Nữ,Đã kết hôn,Bình Dương,Hợp đồng xác định thời hạn,Thạc sĩ,Tài chính,Marketing,Chuyên viên nội dung,1,Không công tác,Có,15100000,5,3,5,4,4,2,4,2,3,2,8,1,1,0,0,Không
NV20261142,28,Nam,Độc thân,Hà Nội,Toàn thời gian,THPT,Kinh tế,Công nghệ thông tin,Lập trình viên,2,Ít,Không,19800000,17,12,4,3,5,3,2,4,4,0,5,2,1,1,1,Không
NV20261143,31,Nam,Đã kết hôn,Bình Dương,Toàn thời gian,Cao đẳng,Kỹ thuật,Kinh doanh,Nhân viên kinh doanh,1,Không công tác,Không,13100000,5,7,4,5,2,5,3,4,5,3,1,1,1,0,0,Có
NV20261144,34,Nam,Ly hôn,Hải Phòng,Toàn thời gian,Tiến sĩ,Kỹ thuật,Vận hành,Nhân viên vận hành,3,Không công tác,Không,26200000,14,10,4,3,3,4,4,2,5,2,13,6,5,4,2,Có
NV20261145,35,Nữ,Độc thân,TP. Hồ Chí Minh,Toàn thời gian,Thạc sĩ,Nhân sự,Tài chính - Kế toán,Chuyên viên tài chính,2,Ít,Có,25900000,7,8,5,3,3,3,2,4,3,2,17,2,1,1,1,Không
NV20261146,36,Nữ,Độc thân,Đà Nẵng,Toàn thời gian,Thạc sĩ,Khác,Tài chính - Kế toán,Chuyên viên tài chính,2,Không công tác,Có,18900000,11,4,4,4,3,2,3,2,1,2,8,3,2,2,2,Có
NV20261147,20,Nam,Đã kết hôn,Hà Nội,Toàn thời gian,Đại học,Công nghệ thông tin,Kinh doanh,Nhân viên kinh doanh,1,Ít,Không,12700000,12,3,3,4,3,2,1,4,5,3,0,0,0,0,0,Không
NV20261148,35,Nữ,Đã kết hôn,Hà Nội,Toàn thời gian,Cao đẳng,Kinh tế,Công nghệ thông tin,Kỹ sư kiểm thử,3,Ít,Có,25700000,10,16,3,5,4,5,5,4,4,1,17,7,4,4,5,Không
NV20261149,30,Nữ,Độc thân,Hà Nội,Hợp đồng xác định thời hạn,Đại học,Tài chính,Nhân sự,Trưởng nhóm nhân sự,4,Thường xuyên,Không,29600000,12,10,2,5,4,3,4,5,4,8,10,8,6,2,7,Không
NV20261150,44,Nữ,Đã kết hôn,Đà Nẵng,Toàn thời gian,Cao đẳng,Kinh tế,Công nghệ thông tin,Trưởng nhóm kỹ thuật,4,Không công tác,Không,30800000,6,8,1,5,5,3,5,3,4,4,16,8,5,6,5,Không
NV20261151,35,Nam,Độc thân,Đà Nẵng,Toàn thời gian,Đại học,Công nghệ thông tin,Tài chính - Kế toán,Kế toán viên,3,Ít,Không,25000000,5,9,4,3,2,2,4,3,4,8,17,5,2,3,4,Có
NV20261152,36,Nam,Đã kết hôn,Hà Nội,Toàn thời gian,Thạc sĩ,Khác,Công nghệ thông tin,Kỹ sư kiểm thử,4,Ít,Có,25700000,7,13,2,4,3,3,4,4,4,2,8,8,6,2,4,Không
NV20261153,20,Nữ,Đã kết hôn,Đà Nẵng,Toàn thời gian,Đại học,Tài chính,Tài chính - Kế toán,Trưởng nhóm tài chính,1,Không công tác,Có,11100000,8,4,5,2,4,2,4,5,1,0,0,0,0,0,0,Có
NV20261154,32,Nam,Đã kết hôn,Hà Nội,Thử việc,THPT,Kinh tế,Công nghệ thông tin,Lập trình viên,2,Ít,Có,20100000,10,25,4,3,4,4,4,3,4,5,5,3,2,2,2,Có
NV20261155,23,Nữ,Đã kết hôn,TP. Hồ Chí Minh,Toàn thời gian,Cao đẳng,Kỹ thuật,Công nghệ thông tin,Kỹ sư dữ liệu,1,Ít,Không,10000000,16,11,3,2,2,4,2,3,4,0,0,0,0,0,0,Không
NV20261156,31,Nữ,Độc thân,Hà Nội,Toàn thời gian,Đại học,Kỹ thuật,Kinh doanh,Trưởng nhóm kinh doanh,2,Không công tác,Có,14800000,9,10,3,4,4,5,2,4,0,1,3,3,2,2,2,Không
NV20261157,23,Nam,Đã kết hôn,Hải Phòng,Toàn thời gian,THPT,Nhân sự,Kinh doanh,Quản lý kinh doanh,1,Ít,Không,12600000,11,3,3,2,4,3,4,2,2,0,0,0,0,0,0,Có
NV20261158,35,Nữ,Ly hôn,Hải Phòng,Thử việc,THPT,Công nghệ thông tin,Chăm sóc khách hàng,Nhân viên chăm sóc khách hàng,3,Thường xuyên,Có,29000000,16,4,5,2,3,3,3,2,2,1,17,6,5,2,3,Có
NV20261159,31,Nam,Độc thân,Hà Nội,Toàn thời gian,Tiến sĩ,Công nghệ thông tin,Kinh doanh,Trưởng nhóm kinh doanh,2,Không công tác,Có,22700000,9,10,3,3,3,3,3,3,1,1,9,3,2,2,2,Không
NV20261160,42,Nữ,Đã kết hôn,Đà Nẵng,Toàn thời gian,Đại học,Công nghệ thông tin,Công nghệ thông tin,Kỹ sư kiểm thử,2,Thường xuyên,Có,23200000,12,18,3,3,4,4,5,3,3,8,15,3,2,2,3,Có
NV20261161,26,Nam,Độc thân,TP. Hồ Chí Minh,Hợp đồng xác định thời hạn,Đại học,Công nghệ thông tin,Chăm sóc khách hàng,Trưởng nhóm chăm sóc khách hàng,1,Ít,Không,13700000,9,9,4,4,1,3,3,3,6,2,0,0,0,0,0,Không
NV20261162,33,Nữ,Đã kết hôn,TP. Hồ Chí Minh,Toàn thời gian,Đại học,Công nghệ thông tin,Tài chính - Kế toán,Kế toán viên,1,Không công tác,Có,15200000,16,9,3,5,4,5,5,2,4,2,8,1,0,0,1,Có
NV20261163,26,Nam,Độc thân,Hà Nội,Toàn thời gian,Đại học,Kinh tế,Vận hành,Điều phối viên,2,Ít,Không,16900000,10,20,2,3,4,5,3,4,3,1,3,3,1,2,2,Có
NV20261164,35,Nam,Đã kết hôn,Hà Nội,Toàn thời gian,Đại học,Khác,Vận hành,Điều phối viên,3,Không công tác,Không,21900000,12,5,1,3,5,3,3,5,5,3,8,4,2,2,3,Không
NV20261165,28,Nữ,Ly hôn,Hà Nội,Toàn thời gian,Cao đẳng,Nhân sự,Kinh doanh,Nhân viên kinh doanh,3,Không công tác,Không,22500000,8,9,3,3,5,4,4,2,5,2,4,4,2,1,2,Không
NV20261166,28,Nam,Độc thân,TP. Hồ Chí Minh,Thử việc,Cao đẳng,Kinh tế,Vận hành,Nhân viên vận hành,3,Không công tác,Có,21300000,10,1,3,2,1,4,3,4,5,1,6,4,3,3,2,Có
NV20261167,24,Nữ,Độc thân,TP. Hồ Chí Minh,Thử việc,THPT,Khác,Nhân sự,Chuyên viên tuyển dụng,1,Không công tác,Không,13100000,11,7,4,2,3,2,4,1,3,2,0,0,0,0,0,Có
NV20261168,37,Nam,Độc thân,Hà Nội,Toàn thời gian,Đại học,Công nghệ thông tin,Kinh doanh,Quản lý kinh doanh,2,Không công tác,Không,16400000,8,11,3,4,3,5,4,4,3,1,4,2,1,1,1,Không
NV20261169,42,Nữ,Đã kết hôn,TP. Hồ Chí Minh,Toàn thời gian,Đại học,Nhân sự,Marketing,Chuyên viên marketing,4,Ít,Không,33700000,10,3,4,3,3,4,4,3,2,1,24,8,5,2,7,Không
NV20261170,20,Nữ,Đã kết hôn,Cần Thơ,Toàn thời gian,Thạc sĩ,Công nghệ thông tin,Công nghệ thông tin,Lập trình viên,1,Ít,Có,12200000,16,7,4,4,3,4,3,5,4,2,1,0,0,0,0,Có
NV20261171,32,Nam,Đã kết hôn,Cần Thơ,Toàn thời gian,Tiến sĩ,Tài chính,Kinh doanh,Quản lý kinh doanh,2,Không công tác,Không,18400000,4,8,4,2,2,2,1,3,2,1,6,2,1,1,1,Không
NV20261172,23,Nữ,Độc thân,TP. Hồ Chí Minh,Toàn thời gian,Thạc sĩ,Khác,Tài chính - Kế toán,Trưởng nhóm tài chính,1,Không công tác,Có,9700000,10,15,4,4,2,2,1,3,2,1,0,0,0,0,0,Không
NV20261173,38,Nữ,Đã kết hôn,TP. Hồ Chí Minh,Toàn thời gian,Thạc sĩ,Kỹ thuật,Công nghệ thông tin,Kỹ sư kiểm thử,1,Ít,Có,13300000,11,1,2,3,3,3,4,4,3,2,1,1,1,0,0,Có
NV20261174,32,Nữ,Ly hôn,Hà Nội,Hợp đồng xác định thời hạn,Cao đẳng,Kinh tế,Vận hành,Nhân viên vận hành,3,Thường xuyên,Không,21100000,8,9,2,4,4,3,3,3,2,5,6,6,3,5,3,Có
NV20261175,28,Nam,Độc thân,TP. Hồ Chí Minh,Toàn thời gian,Đại học,Marketing,Chăm sóc khách hàng,Trưởng nhóm chăm sóc khách hàng,1,Thường xuyên,Không,16700000,8,11,5,4,1,2,3,3,5,2,0,0,0,0,0,Có
NV20261176,26,Nam,Đã kết hôn,Hà Nội,Toàn thời gian,Thạc sĩ,Công nghệ thông tin,Nhân sự,Trưởng nhóm nhân sự,1,Không công tác,Không,10800000,5,6,5,4,2,4,2,4,1,3,0,0,0,0,0,Có
NV20261177,34,Nữ,Đã kết hôn,Bình Dương,Toàn thời gian,Đại học,Nhân sự,Vận hành,Nhân viên vận hành,3,Ít,Có,21300000,8,10,3,2,3,2,4,4,2,1,7,6,5,3,2,Có
NV20261178,29,Nữ,Đã kết hôn,TP. Hồ Chí Minh,Hợp đồng xác định thời hạn,Đại học,Công nghệ thông tin,Kinh doanh,Nhân viên kinh doanh,2,Ít,Có,20100000,8,2,4,4,3,4,2,4,2,2,8,2,1,1,1,Có
NV20261179,32,Nam,Độc thân,Hà Nội,Toàn thời gian,Thạc sĩ,Công nghệ thông tin,Công nghệ thông tin,Trưởng nhóm kỹ thuật,3,Không công tác,Không,24000000,6,10,3,4,3,5,4,4,4,1,12,6,5,3,5,Không
NV20261180,42,Nữ,Ly hôn,TP. Hồ Chí Minh,Toàn thời gian,Đại học,Công nghệ thông tin,Nhân sự,Trưởng nhóm nhân sự,4,Không công tác,Không,32900000,7,4,2,3,3,1,3,3,4,0,19,8,4,4,6,Có
NV20261181,22,Nữ,Độc thân,Hà Nội,Hợp đồng xác định thời hạn,THPT,Công nghệ thông tin,Tài chính - Kế toán,Trưởng nhóm tài chính,1,Ít,Có,13000000,19,5,4,2,2,2,3,3,4,2,0,0,0,0,0,Có
NV20261182,37,Nam,Đã kết hôn,Bình Dương,Toàn thời gian,Đại học,Kinh tế,Kinh doanh,Trưởng nhóm kinh doanh,2,Không công tác,Không,16600000,6,9,1,1,4,3,4,4,5,1,11,2,2,1,1,Không
NV20261183,23,Nam,Đã kết hôn,Bình Dương,Toàn thời gian,Đại học,Công nghệ thông tin,Kinh doanh,Quản lý kinh doanh,1,Không công tác,Không,11900000,9,14,3,3,4,2,4,3,2,1,1,1,1,1,0,Không
NV20261184,32,Nữ,Đã kết hôn,Đà Nẵng,Toàn thời gian,Đại học,Công nghệ thông tin,Kinh doanh,Quản lý kinh doanh,3,Ít,Không,23400000,7,4,5,4,4,4,3,3,2,1,7,6,4,2,5,Không
NV20261185,28,Nam,Đã kết hôn,Hà Nội,Toàn thời gian,Đại học,Marketing,Chăm sóc khách hàng,Trưởng nhóm chăm sóc khách hàng,1,Không công tác,Không,13800000,12,8,2,4,3,2,4,4,1,1,1,1,1,0,1,Không
NV20261186,37,Nữ,Độc thân,Hà Nội,Toàn thời gian,Thạc sĩ,Tài chính,Marketing,Chuyên viên nội dung,3,Ít,Có,26000000,6,7,4,2,5,4,4,4,5,3,11,5,3,2,4,Có
NV20261187,29,Nữ,Độc thân,TP. Hồ Chí Minh,Toàn thời gian,Cao đẳng,Marketing,Marketing,Chuyên viên nội dung,2,Không công tác,Không,17800000,6,4,1,5,3,1,2,2,2,1,2,2,1,1,1,Có
NV20261188,37,Nữ,Độc thân,Hà Nội,Toàn thời gian,Đại học,Công nghệ thông tin,Tài chính - Kế toán,Kế toán viên,1,Không công tác,Không,14600000,8,3,4,3,3,2,4,4,2,1,10,0,0,0,0,Không
NV20261189,26,Nam,Độc thân,TP. Hồ Chí Minh,Thử việc,Thạc sĩ,Công nghệ thông tin,Nhân sự,Trưởng nhóm nhân sự,1,Thường xuyên,Có,12800000,5,16,4,3,3,4,1,4,3,2,1,1,0,1,1,Có
NV20261190,35,Nữ,Độc thân,Hà Nội,Toàn thời gian,Thạc sĩ,Nhân sự,Chăm sóc khách hàng,Trưởng nhóm chăm sóc khách hàng,4,Ít,Không,29800000,8,2,3,3,4,4,4,3,2,1,12,12,7,9,4,Có
NV20261191,37,Nữ,Độc thân,Cần Thơ,Toàn thời gian,Đại học,Khác,Kinh doanh,Trưởng nhóm kinh doanh,2,Không công tác,Không,22600000,8,10,2,5,3,5,3,3,5,1,15,3,1,1,1,Không
NV20261192,31,Nam,Đã kết hôn,Hà Nội,Toàn thời gian,Đại học,Kỹ thuật,Nghiên cứu và Phát triển,Trưởng nhóm R&D,2,Ít,Không,17800000,15,7,4,3,5,2,2,2,3,1,3,3,1,2,3,Không
NV20261193,34,Nữ,Độc thân,Cần Thơ,Toàn thời gian,Đại học,Công nghệ thông tin,Kinh doanh,Quản lý kinh doanh,3,Ít,Có,26400000,6,1,3,1,3,1,2,3,3,5,11,6,4,4,4,Không
NV20261194,37,Nữ,Đã kết hôn,Hà Nội,Toàn thời gian,Đại học,Công nghệ thông tin,Công nghệ thông tin,Kỹ sư kiểm thử,5,Không công tác,Có,32200000,9,10,5,2,3,4,3,3,2,3,13,13,9,9,7,Không
NV20261195,31,Nam,Đã kết hôn,TP. Hồ Chí Minh,Thử việc,Đại học,Công nghệ thông tin,Công nghệ thông tin,Kỹ sư dữ liệu,1,Ít,Không,13900000,13,7,4,5,3,4,2,2,3,4,0,0,0,0,0,Có
NV20261196,29,Nữ,Đã kết hôn,Hà Nội,Thử việc,Đại học,Kinh tế,Vận hành,Nhân viên vận hành,3,Không công tác,Không,23600000,7,1,3,3,3,4,4,4,2,6,8,4,1,2,2,Không
NV20261197,36,Nam,Độc thân,Hà Nội,Toàn thời gian,Thạc sĩ,Công nghệ thông tin,Chăm sóc khách hàng,Nhân viên chăm sóc khách hàng,3,Ít,Không,22700000,8,7,3,4,4,4,3,2,4,3,7,7,6,3,4,Không
NV20261198,26,Nữ,Độc thân,TP. Hồ Chí Minh,Hợp đồng xác định thời hạn,Đại học,Marketing,Vận hành,Trưởng nhóm vận hành,1,Ít,Có,12400000,9,13,2,1,4,2,4,3,4,2,2,1,1,0,1,Có
NV20261199,33,Nữ,Độc thân,Hải Phòng,Toàn thời gian,Đại học,Kinh tế,Kinh doanh,Trưởng nhóm kinh doanh,5,Ít,Không,32800000,9,4,1,2,3,2,3,3,4,0,14,13,5,4,6,Không
NV20261200,25,Nữ,Đã kết hôn,TP. Hồ Chí Minh,Toàn thời gian,Cao đẳng,Nhân sự,Công nghệ thông tin,Kỹ sư dữ liệu,1,Không công tác,Có,12600000,12,6,4,3,3,4,4,3,2,1,0,0,0,0,0,Không
NV20261201,20,Nữ,Độc thân,TP. Hồ Chí Minh,Toàn thời gian,Thạc sĩ,Tài chính,Nghiên cứu và Phát triển,Chuyên viên R&D,1,Thường xuyên,Có,10200000,11,8,3,5,4,3,4,5,3,0,0,0,0,0,0,Không
NV20261202,42,Nam,Độc thân,Bình Dương,Toàn thời gian,Đại học,Kỹ thuật,Vận hành,Điều phối viên,1,Không công tác,Không,19100000,9,6,4,2,2,4,4,3,5,2,16,1,1,0,1,Không
NV20261203,36,Nữ,Đã kết hôn,Đà Nẵng,Hợp đồng xác định thời hạn,Cao đẳng,Kỹ thuật,Nhân sự,Chuyên viên tuyển dụng,2,Ít,Không,22200000,5,2,4,2,5,5,4,4,4,0,11,2,1,1,1,Không
NV20261204,24,Nữ,Đã kết hôn,Đà Nẵng,Toàn thời gian,Đại học,Khác,Vận hành,Trưởng nhóm vận hành,1,Ít,Không,15000000,8,1,4,3,3,4,4,3,2,7,1,1,0,1,0,Không
NV20261205,32,Nữ,Độc thân,Hà Nội,Hợp đồng xác định thời hạn,Đại học,Công nghệ thông tin,Vận hành,Điều phối viên,3,Không công tác,Có,24500000,14,2,4,2,5,3,5,3,2,1,7,7,5,3,5,Không
NV20261206,26,Nữ,Độc thân,TP. Hồ Chí Minh,Toàn thời gian,Cao đẳng,Khác,Marketing,Chuyên viên marketing,2,Không công tác,Không,17100000,10,8,4,4,5,3,4,4,2,8,5,2,1,1,1,Không
NV20261207,43,Nữ,Ly hôn,Hà Nội,Toàn thời gian,Đại học,Kỹ thuật,Công nghệ thông tin,Kỹ sư kiểm thử,2,Không công tác,Có,30300000,11,9,3,4,3,4,4,2,3,0,24,2,1,1,2,Có
NV20261208,29,Nữ,Đã kết hôn,TP. Hồ Chí Minh,Toàn thời gian,Thạc sĩ,Nhân sự,Tài chính - Kế toán,Trưởng nhóm tài chính,1,Ít,Không,11000000,8,9,5,3,4,5,4,2,2,1,0,0,0,0,0,Không
NV20261209,20,Nam,Ly hôn,Cần Thơ,Hợp đồng xác định thời hạn,Thạc sĩ,Kinh tế,Nghiên cứu và Phát triển,Chuyên viên R&D,1,Không công tác,Không,14000000,6,3,3,4,3,4,4,4,4,1,0,0,0,0,0,Không
NV20261210,29,Nam,Độc thân,Hà Nội,Hợp đồng xác định thời hạn,Đại học,Kỹ thuật,Tài chính - Kế toán,Trưởng nhóm tài chính,2,Ít,Không,15300000,11,1,5,1,4,4,5,4,5,1,4,2,2,1,2,Không
NV20261211,36,Nam,Đã kết hôn,Hà Nội,Toàn thời gian,Đại học,Marketing,Công nghệ thông tin,Kỹ sư dữ liệu,1,Không công tác,Không,18900000,14,12,4,5,4,4,4,4,2,5,18,1,1,1,0,Không
NV20261212,40,Nữ,Đã kết hôn,Bình Dương,Toàn thời gian,Thạc sĩ,Công nghệ thông tin,Công nghệ thông tin,Lập trình viên,3,Không công tác,Không,26600000,8,4,4,4,2,5,3,2,4,1,11,6,5,3,5,Không
NV20261213,29,Nam,Đã kết hôn,TP. Hồ Chí Minh,Toàn thời gian,Đại học,Khác,Kinh doanh,Nhân viên kinh doanh,2,Không công tác,Không,19400000,12,4,4,4,2,2,4,3,3,4,3,3,2,1,2,Không
NV20261214,30,Nữ,Đã kết hôn,Hà Nội,Toàn thời gian,Cao đẳng,Kỹ thuật,Nghiên cứu và Phát triển,Trưởng nhóm R&D,3,Không công tác,Không,20600000,9,2,3,4,3,3,4,3,3,6,6,6,4,2,3,Không
NV20261215,39,Nam,Độc thân,TP. Hồ Chí Minh,Thử việc,Thạc sĩ,Nhân sự,Kinh doanh,Quản lý kinh doanh,3,Không công tác,Không,26100000,9,2,4,3,4,5,3,4,3,2,16,5,3,1,4,Không
NV20261216,32,Nữ,Đã kết hôn,TP. Hồ Chí Minh,Toàn thời gian,Thạc sĩ,Công nghệ thông tin,Marketing,Chuyên viên nội dung,1,Thường xuyên,Có,15700000,5,7,4,5,3,3,4,4,1,1,5,1,1,1,1,Không
NV20261217,30,Nữ,Đã kết hôn,Đà Nẵng,Thử việc,Thạc sĩ,Công nghệ thông tin,Chăm sóc khách hàng,Nhân viên chăm sóc khách hàng,2,Không công tác,Không,18100000,11,6,4,3,4,3,2,2,3,1,9,3,2,2,2,Không
NV20261218,36,Nữ,Đã kết hôn,Hải Phòng,Hợp đồng xác định thời hạn,Cao đẳng,Kỹ thuật,Vận hành,Nhân viên vận hành,2,Ít,Không,18500000,17,13,4,3,5,2,4,2,5,1,11,3,2,2,2,Không
NV20261219,46,Nữ,Đã kết hôn,TP. Hồ Chí Minh,Toàn thời gian,Cao đẳng,Công nghệ thông tin,Tài chính - Kế toán,Chuyên viên tài chính,3,Thường xuyên,Không,28700000,13,7,4,3,2,3,3,4,6,1,23,4,2,2,3,Không
NV20261220,24,Nữ,Ly hôn,Hà Nội,Thử việc,Thạc sĩ,Nhân sự,Kinh doanh,Trưởng nhóm kinh doanh,1,Ít,Không,13100000,8,6,3,2,3,3,2,4,2,0,1,1,1,1,1,Không
NV20261221,33,Nữ,Độc thân,Hà Nội,Thử việc,Tiến sĩ,Kinh tế,Nhân sự,Trưởng nhóm nhân sự,2,Không công tác,Không,16200000,13,15,4,4,3,5,4,4,2,0,2,2,1,1,1,Không
NV20261222,33,Nữ,Độc thân,TP. Hồ Chí Minh,Toàn thời gian,Đại học,Kinh tế,Marketing,Trưởng nhóm marketing,3,Thường xuyên,Không,24600000,15,10,4,4,4,2,4,4,3,3,14,6,3,2,2,Có
NV20261223,35,Nữ,Độc thân,Cần Thơ,Toàn thời gian,Đại học,Kinh tế,Công nghệ thông tin,Lập trình viên,2,Ít,Có,22300000,15,6,3,4,3,3,4,2,3,1,12,2,1,1,1,Có
NV20261224,51,Nữ,Độc thân,TP. Hồ Chí Minh,Toàn thời gian,Cao đẳng,Kỹ thuật,Kinh doanh,Quản lý kinh doanh,1,Thường xuyên,Không,25500000,11,15,4,2,4,5,5,4,2,1,33,1,1,1,0,Không
NV20261225,26,Nữ,Độc thân,Bình Dương,Toàn thời gian,Đại học,Tài chính,Tài chính - Kế toán,Chuyên viên tài chính,1,Ít,Không,12900000,10,15,3,4,2,3,2,3,3,3,1,1,0,0,1,Không
NV20261226,24,Nữ,Độc thân,TP. Hồ Chí Minh,Toàn thời gian,Đại học,Kỹ thuật,Tài chính - Kế toán,Chuyên viên tài chính,1,Không công tác,Có,11500000,14,3,5,2,2,3,4,4,4,0,1,1,1,0,1,Có
NV20261227,35,Nam,Đã kết hôn,Cần Thơ,Toàn thời gian,THPT,Công nghệ thông tin,Công nghệ thông tin,Trưởng nhóm kỹ thuật,3,Thường xuyên,Không,27900000,13,5,4,4,3,4,3,3,3,2,15,4,2,3,2,Không
NV20261228,20,Nam,Độc thân,TP. Hồ Chí Minh,Toàn thời gian,Đại học,Marketing,Vận hành,Nhân viên vận hành,1,Thường xuyên,Không,11500000,10,2,2,3,4,4,4,3,4,1,0,0,0,0,0,Không
NV20261229,31,Nam,Đã kết hôn,TP. Hồ Chí Minh,Toàn thời gian,Đại học,Công nghệ thông tin,Marketing,Trưởng nhóm marketing,4,Ít,Không,28000000,12,14,4,2,1,5,3,4,5,1,12,8,3,4,6,Không
NV20261230,23,Nữ,Độc thân,Bình Dương,Toàn thời gian,Cao đẳng,Marketing,Vận hành,Trưởng nhóm vận hành,1,Không công tác,Không,13200000,10,11,4,2,4,1,1,5,4,2,1,1,1,1,1,Có
NV20261231,34,Nam,Đã kết hôn,TP. Hồ Chí Minh,Toàn thời gian,THPT,Kỹ thuật,Công nghệ thông tin,Kỹ sư dữ liệu,3,Ít,Không,26700000,4,10,4,3,4,5,4,4,3,0,15,5,2,3,4,Không
NV20261232,31,Nam,Ly hôn,TP. Hồ Chí Minh,Hợp đồng xác định thời hạn,Đại học,Khác,Nghiên cứu và Phát triển,Kỹ sư R&D,1,Không công tác,Có,15100000,13,6,2,4,2,2,4,4,3,3,1,1,1,0,1,Có
NV20261233,38,Nam,Đã kết hôn,Hà Nội,Thử việc,Cao đẳng,Nhân sự,Marketing,Trưởng nhóm marketing,3,Không công tác,Có,24200000,13,21,3,5,5,4,4,2,3,3,12,5,3,2,2,Có
NV20261234,33,Nam,Đã kết hôn,Cần Thơ,Hợp đồng xác định thời hạn,Cao đẳng,Marketing,Chăm sóc khách hàng,Nhân viên chăm sóc khách hàng,3,Không công tác,Không,21000000,13,5,2,2,4,3,2,4,5,3,4,4,2,2,2,Không
NV20261235,28,Nữ,Đã kết hôn,TP. Hồ Chí Minh,Thử việc,Cao đẳng,Kỹ thuật,Nghiên cứu và Phát triển,Chuyên viên R&D,2,Không công tác,Có,17300000,14,15,3,2,4,3,3,4,3,1,3,3,1,2,1,Không
NV20261236,32,Nam,Độc thân,TP. Hồ Chí Minh,Hợp đồng xác định thời hạn,Đại học,Marketing,Công nghệ thông tin,Kỹ sư dữ liệu,1,Ít,Không,16000000,3,5,5,4,4,3,3,2,3,4,9,1,1,1,1,Không
NV20261237,38,Nữ,Độc thân,Hà Nội,Hợp đồng xác định thời hạn,Đại học,Kỹ thuật,Chăm sóc khách hàng,Nhân viên chăm sóc khách hàng,1,Thường xuyên,Có,18000000,13,14,5,4,3,4,3,3,0,3,17,1,0,0,1,Có
NV20261238,26,Nam,Độc thân,Đà Nẵng,Thử việc,Cao đẳng,Kinh tế,Nhân sự,Chuyên viên tuyển dụng,1,Không công tác,Không,9500000,8,28,3,3,3,4,3,4,4,3,0,0,0,0,0,Không
NV20261239,33,Nữ,Đã kết hôn,TP. Hồ Chí Minh,Toàn thời gian,Đại học,Kinh tế,Vận hành,Điều phối viên,2,Ít,Có,20300000,4,4,3,3,4,3,3,3,4,6,8,3,2,1,2,Không
NV20261240,37,Nữ,Độc thân,Đà Nẵng,Toàn thời gian,Đại học,Kinh tế,Chăm sóc khách hàng,Nhân viên chăm sóc khách hàng,4,Không công tác,Có,30700000,12,6,3,4,4,3,2,3,3,1,17,8,6,3,7,Không
NV20261241,38,Nam,Độc thân,TP. Hồ Chí Minh,Thử việc,Đại học,Công nghệ thông tin,Công nghệ thông tin,Kỹ sư dữ liệu,2,Không công tác,Không,22000000,15,3,4,5,3,3,4,3,4,1,16,3,2,1,1,Có
NV20261242,29,Nữ,Độc thân,Hải Phòng,Thử việc,Đại học,Khác,Vận hành,Nhân viên vận hành,2,Ít,Không,15300000,10,9,3,3,2,4,1,2,3,4,2,2,1,1,1,Không
NV20261243,34,Nam,Độc thân,TP. Hồ Chí Minh,Toàn thời gian,Đại học,Khác,Tài chính - Kế toán,Trưởng nhóm tài chính,3,Thường xuyên,Có,29400000,13,16,1,3,4,4,3,3,4,3,15,4,3,3,2,Có
NV20261244,20,Nam,Độc thân,Cần Thơ,Toàn thời gian,Đại học,Khác,Marketing,Chuyên viên marketing,1,Ít,Không,11800000,6,3,4,4,5,4,5,3,5,1,0,0,0,0,0,Không
NV20261245,27,Nữ,Đã kết hôn,Bình Dương,Toàn thời gian,THPT,Công nghệ thông tin,Chăm sóc khách hàng,Nhân viên chăm sóc khách hàng,2,Ít,Có,16800000,15,2,3,2,2,4,3,1,3,1,2,2,1,1,1,Có
NV20261246,24,Nam,Đã kết hôn,Hải Phòng,Hợp đồng xác định thời hạn,Thạc sĩ,Công nghệ thông tin,Marketing,Trưởng nhóm marketing,1,Không công tác,Có,10700000,17,9,3,3,2,4,4,4,4,1,0,0,0,0,0,Có
NV20261247,29,Nam,Đã kết hôn,TP. Hồ Chí Minh,Toàn thời gian,Đại học,Công nghệ thông tin,Marketing,Chuyên viên nội dung,1,Ít,Không,12100000,14,10,3,4,4,3,4,3,4,1,0,0,0,0,0,Không
NV20261248,38,Nam,Đã kết hôn,TP. Hồ Chí Minh,Toàn thời gian,Đại học,Kỹ thuật,Kinh doanh,Nhân viên kinh doanh,2,Ít,Không,21100000,10,10,4,5,4,2,4,3,2,2,12,3,1,1,3,Không
NV20261249,32,Nam,Đã kết hôn,TP. Hồ Chí Minh,Toàn thời gian,Thạc sĩ,Khác,Marketing,Trưởng nhóm marketing,1,Không công tác,Không,11600000,8,28,3,2,5,5,2,4,2,1,0,0,0,0,0,Có
NV20261250,27,Nữ,Độc thân,Cần Thơ,Toàn thời gian,Đại học,Công nghệ thông tin,Tài chính - Kế toán,Chuyên viên tài chính,2,Ít,Không,18500000,6,14,4,3,4,4,5,5,1,4,7,3,2,1,2,Không
NV20261251,31,Nam,Ly hôn,Đà Nẵng,Toàn thời gian,Đại học,Tài chính,Nhân sự,Chuyên viên nhân sự,2,Ít,Không,19800000,4,9,4,3,4,4,2,3,5,3,9,2,1,1,1,Không
NV20261252,42,Nam,Độc thân,TP. Hồ Chí Minh,Toàn thời gian,Đại học,Công nghệ thông tin,Kinh doanh,Trưởng nhóm kinh doanh,3,Ít,Có,29200000,12,7,4,4,5,3,2,4,4,1,22,4,2,2,2,Không
NV20261253,33,Nam,Đã kết hôn,Đà Nẵng,Hợp đồng xác định thời hạn,Đại học,Marketing,Nhân sự,Chuyên viên tuyển dụng,4,Không công tác,Không,31400000,7,5,4,3,3,5,3,5,3,4,12,11,5,7,3,Không
NV20261254,39,Nữ,Độc thân,TP. Hồ Chí Minh,Toàn thời gian,Thạc sĩ,Khác,Nhân sự,Trưởng nhóm nhân sự,2,Không công tác,Không,19100000,11,9,4,3,4,5,2,3,3,4,8,2,1,1,1,Không
NV20261255,34,Nữ,Độc thân,Hải Phòng,Toàn thời gian,Thạc sĩ,Kỹ thuật,Chăm sóc khách hàng,Trưởng nhóm chăm sóc khách hàng,1,Ít,Không,10400000,8,9,4,3,3,1,5,3,3,5,1,1,0,0,1,Có
NV20261256,33,Nam,Ly hôn,TP. Hồ Chí Minh,Toàn thời gian,Thạc sĩ,Tài chính,Nghiên cứu và Phát triển,Trưởng nhóm R&D,2,Không công tác,Không,17500000,11,2,2,5,4,4,3,3,4,3,2,2,1,1,2,Không
NV20261257,37,Nam,Ly hôn,Hà Nội,Toàn thời gian,Đại học,Nhân sự,Vận hành,Điều phối viên,5,Không công tác,Không,36000000,13,9,3,1,4,4,4,5,3,2,16,13,5,10,10,Không
NV20261258,48,Nữ,Đã kết hôn,Đà Nẵng,Hợp đồng xác định thời hạn,Đại học,Kinh tế,Công nghệ thông tin,Trưởng nhóm kỹ thuật,4,Không công tác,Không,33800000,8,1,4,3,5,2,4,3,3,1,25,10,6,3,7,Không
NV20261259,33,Nam,Độc thân,TP. Hồ Chí Minh,Toàn thời gian,Đại học,Nhân sự,Chăm sóc khách hàng,Trưởng nhóm chăm sóc khách hàng,2,Ít,Có,19500000,7,6,2,3,5,4,5,3,2,1,14,3,1,2,2,Không
NV20261260,34,Nam,Đã kết hôn,Đà Nẵng,Toàn thời gian,Cao đẳng,Công nghệ thông tin,Marketing,Chuyên viên nội dung,1,Không công tác,Không,14300000,10,5,1,4,4,4,1,4,3,3,6,1,0,1,0,Không
NV20261261,25,Nam,Ly hôn,Hà Nội,Toàn thời gian,Thạc sĩ,Tài chính,Vận hành,Trưởng nhóm vận hành,1,Không công tác,Có,15000000,9,11,5,4,4,3,3,4,4,1,1,1,1,1,1,Có
NV20261262,35,Nam,Đã kết hôn,Hà Nội,Toàn thời gian,Cao đẳng,Công nghệ thông tin,Nhân sự,Chuyên viên nhân sự,3,Ít,Không,27500000,7,31,1,4,4,4,4,2,5,0,17,5,3,3,2,Có
NV20261263,28,Nam,Độc thân,TP. Hồ Chí Minh,Toàn thời gian,Đại học,Công nghệ thông tin,Chăm sóc khách hàng,Trưởng nhóm chăm sóc khách hàng,3,Ít,Không,23400000,9,3,2,3,2,2,3,5,1,2,4,4,2,2,3,Không
NV20261264,31,Nữ,Độc thân,Hà Nội,Hợp đồng xác định thời hạn,Thạc sĩ,Công nghệ thông tin,Vận hành,Trưởng nhóm vận hành,3,Ít,Không,19600000,8,1,3,5,2,4,5,3,3,1,6,6,2,3,3,Có
NV20261265,29,Nam,Đã kết hôn,Hà Nội,Hợp đồng xác định thời hạn,Thạc sĩ,Khác,Kinh doanh,Nhân viên kinh doanh,3,Không công tác,Có,24400000,7,17,4,3,4,2,3,2,4,1,7,7,4,5,3,Không
NV20261266,38,Nữ,Độc thân,TP. Hồ Chí Minh,Toàn thời gian,Thạc sĩ,Công nghệ thông tin,Kinh doanh,Quản lý kinh doanh,4,Không công tác,Có,27200000,8,13,5,4,1,4,1,4,4,0,10,10,6,3,8,Không
NV20261267,26,Nữ,Ly hôn,Đà Nẵng,Toàn thời gian,Đại học,Công nghệ thông tin,Marketing,Trưởng nhóm marketing,1,Không công tác,Không,11400000,9,3,2,3,1,2,3,4,3,0,1,1,0,0,0,Có
NV20261268,47,Nam,Đã kết hôn,Hà Nội,Hợp đồng xác định thời hạn,Thạc sĩ,Kỹ thuật,Nhân sự,Trưởng nhóm nhân sự,4,Ít,Có,35800000,8,5,2,4,1,4,3,3,2,3,25,8,6,6,5,Không
NV20261269,30,Nam,Đã kết hôn,Hải Phòng,Toàn thời gian,Đại học,Công nghệ thông tin,Kinh doanh,Nhân viên kinh doanh,2,Thường xuyên,Không,18900000,6,7,3,4,1,4,2,4,4,1,7,3,2,2,1,Không
NV20261270,33,Nữ,Đã kết hôn,Cần Thơ,Toàn thời gian,Cao đẳng,Kinh tế,Công nghệ thông tin,Lập trình viên,2,Không công tác,Không,18300000,10,17,4,4,3,4,5,3,5,5,8,2,1,1,1,Có
NV20261271,32,Nữ,Ly hôn,Hà Nội,Toàn thời gian,Đại học,Kỹ thuật,Nhân sự,Chuyên viên nhân sự,3,Không công tác,Không,24500000,7,7,3,4,3,4,5,4,2,8,5,5,3,1,3,Không
NV20261272,32,Nam,Độc thân,Bình Dương,Toàn thời gian,Cao đẳng,Kỹ thuật,Tài chính - Kế toán,Chuyên viên tài chính,1,Ít,Có,13200000,9,12,4,3,2,1,4,4,3,1,0,0,0,0,0,Không
NV20261273,28,Nam,Đã kết hôn,Cần Thơ,Toàn thời gian,Đại học,Kỹ thuật,Marketing,Trưởng nhóm marketing,1,Không công tác,Có,14200000,9,3,5,3,4,3,5,4,1,2,2,1,1,1,0,Không
NV20261274,37,Nam,Độc thân,Hà Nội,Toàn thời gian,Đại học,Kỹ thuật,Marketing,Trưởng nhóm marketing,3,Không công tác,Có,25300000,9,7,4,4,2,3,4,3,3,4,16,6,2,3,3,Không
NV20261275,28,Nữ,Ly hôn,TP. Hồ Chí Minh,Toàn thời gian,Cao đẳng,Kinh tế,Marketing,Chuyên viên nội dung,3,Ít,Có,25000000,12,2,4,1,4,3,3,3,4,3,9,7,4,5,5,Có
NV20261276,37,Nam,Đã kết hôn,Hà Nội,Toàn thời gian,Đại học,Công nghệ thông tin,Marketing,Chuyên viên nội dung,2,Không công tác,Có,20700000,12,8,4,3,5,3,3,1,2,3,16,3,1,1,2,Không
NV20261277,44,Nam,Độc thân,TP. Hồ Chí Minh,Toàn thời gian,Đại học,Tài chính,Kinh doanh,Trưởng nhóm kinh doanh,2,Không công tác,Không,25300000,8,13,3,2,3,2,4,4,2,0,22,2,1,1,1,Có
NV20261278,31,Nữ,Ly hôn,TP. Hồ Chí Minh,Thử việc,Đại học,Kinh tế,Vận hành,Điều phối viên,3,Ít,Có,26200000,12,10,4,4,2,5,3,3,5,1,12,5,4,3,2,Không
NV20261279,36,Nữ,Độc thân,TP. Hồ Chí Minh,Thử việc,Đại học,Marketing,Kinh doanh,Trưởng nhóm kinh doanh,3,Thường xuyên,Có,27200000,12,16,4,4,4,5,4,3,1,1,17,7,5,4,5,Không
NV20261280,34,Nam,Độc thân,Đà Nẵng,Toàn thời gian,Cao đẳng,Công nghệ thông tin,Tài chính - Kế toán,Chuyên viên tài chính,2,Ít,Không,15400000,12,6,3,4,3,2,5,3,0,1,2,2,1,1,2,Không
NV20261281,37,Nam,Đã kết hôn,TP. Hồ Chí Minh,Toàn thời gian,Đại học,Kỹ thuật,Tài chính - Kế toán,Chuyên viên tài chính,3,Không công tác,Không,24000000,13,12,3,3,5,1,4,3,5,1,15,6,3,4,2,Có
NV20261282,27,Nữ,Độc thân,TP. Hồ Chí Minh,Toàn thời gian,Đại học,Marketing,Tài chính - Kế toán,Chuyên viên tài chính,3,Thường xuyên,Không,24700000,11,6,4,3,4,3,2,2,4,1,9,7,5,3,3,Không
NV20261283,26,Nam,Đã kết hôn,TP. Hồ Chí Minh,Toàn thời gian,Thạc sĩ,Kinh tế,Nghiên cứu và Phát triển,Chuyên viên R&D,1,Không công tác,Có,14000000,5,21,3,5,2,3,4,4,3,0,8,1,0,1,1,Có
NV20261284,28,Nam,Độc thân,Hà Nội,Toàn thời gian,Đại học,Công nghệ thông tin,Công nghệ thông tin,Lập trình viên,2,Không công tác,Có,20500000,5,6,1,4,3,3,4,2,2,4,10,3,2,2,3,Không
NV20261285,32,Nữ,Đã kết hôn,Cần Thơ,Toàn thời gian,Cao đẳng,Nhân sự,Nghiên cứu và Phát triển,Trưởng nhóm R&D,3,Ít,Không,24400000,5,4,3,3,4,4,4,2,1,2,11,5,2,2,3,Không
NV20261286,35,Nữ,Đã kết hôn,Đà Nẵng,Toàn thời gian,Đại học,Marketing,Chăm sóc khách hàng,Trưởng nhóm chăm sóc khách hàng,3,Không công tác,Không,24900000,9,8,4,2,4,3,1,3,5,5,13,6,5,4,3,Không
NV20261287,35,Nữ,Đã kết hôn,Hải Phòng,Toàn thời gian,Đại học,Kỹ thuật,Nghiên cứu và Phát triển,Chuyên viên R&D,1,Ít,Có,20500000,16,10,4,5,5,4,1,3,1,4,17,1,1,0,1,Không
NV20261288,25,Nữ,Độc thân,TP. Hồ Chí Minh,Toàn thời gian,THPT,Khác,Nghiên cứu và Phát triển,Kỹ sư R&D,1,Ít,Không,11400000,11,44,4,5,2,3,2,3,4,2,0,0,0,0,0,Không
NV20261289,34,Nam,Đã kết hôn,Đà Nẵng,Toàn thời gian,Đại học,Kỹ thuật,Marketing,Chuyên viên nội dung,2,Ít,Không,22200000,7,4,3,4,4,3,5,4,4,1,11,2,1,1,2,Không
NV20261290,35,Nam,Đã kết hôn,Đà Nẵng,Toàn thời gian,Đại học,Kinh tế,Tài chính - Kế toán,Trưởng nhóm tài chính,2,Ít,Không,21600000,6,6,5,1,4,3,4,3,5,1,11,3,2,2,3,Không
NV20261291,38,Nữ,Độc thân,Cần Thơ,Toàn thời gian,Đại học,Tài chính,Kinh doanh,Trưởng nhóm kinh doanh,3,Thường xuyên,Không,25500000,5,7,5,3,4,3,4,4,4,0,14,4,3,1,3,Không
NV20261292,37,Nữ,Đã kết hôn,Hà Nội,Toàn thời gian,Đại học,Kỹ thuật,Tài chính - Kế toán,Chuyên viên tài chính,2,Không công tác,Không,23700000,5,5,2,5,4,4,4,4,4,0,16,2,1,1,1,Không
NV20261293,39,Nữ,Độc thân,Đà Nẵng,Toàn thời gian,Cao đẳng,Kỹ thuật,Tài chính - Kế toán,Trưởng nhóm tài chính,5,Không công tác,Không,35200000,10,3,4,2,4,4,4,3,3,1,20,13,10,5,7,Không
NV20261294,31,Nam,Độc thân,Hải Phòng,Toàn thời gian,THPT,Marketing,Vận hành,Trưởng nhóm vận hành,2,Ít,Có,15900000,15,10,5,4,4,4,5,4,3,2,5,3,1,1,2,Không
NV20261295,22,Nữ,Độc thân,Bình Dương,Toàn thời gian,THPT,Nhân sự,Công nghệ thông tin,Kỹ sư kiểm thử,1,Không công tác,Có,10100000,17,4,4,4,2,5,3,3,2,2,0,0,0,0,0,Không
NV20261296,26,Nữ,Ly hôn,Hà Nội,Toàn thời gian,Đại học,Tài chính,Vận hành,Điều phối viên,1,Ít,Không,13800000,8,6,3,4,1,3,4,3,6,2,0,0,0,0,0,Không
NV20261297,29,Nam,Ly hôn,TP. Hồ Chí Minh,Hợp đồng xác định thời hạn,Đại học,Tài chính,Tài chính - Kế toán,Kế toán viên,3,Ít,Không,21200000,10,3,2,2,2,4,3,3,4,1,6,6,2,3,4,Không
NV20261298,20,Nam,Độc thân,Hải Phòng,Toàn thời gian,Đại học,Kỹ thuật,Kinh doanh,Quản lý kinh doanh,1,Không công tác,Không,11500000,10,10,3,5,4,5,3,5,0,1,0,0,0,0,0,Không
NV20261299,28,Nam,Độc thân,Hà Nội,Hợp đồng xác định thời hạn,Thạc sĩ,Marketing,Tài chính - Kế toán,Chuyên viên tài chính,1,Không công tác,Không,11900000,9,6,4,4,3,4,4,3,3,2,1,1,1,0,1,Không
NV20261300,24,Nữ,Đã kết hôn,TP. Hồ Chí Minh,Toàn thời gian,Đại học,Công nghệ thông tin,Công nghệ thông tin,Kỹ sư kiểm thử,1,Ít,Không,13600000,11,7,3,3,1,1,2,4,3,3,0,0,0,0,0,Không
NV20261301,25,Nữ,Độc thân,Bình Dương,Hợp đồng xác định thời hạn,Đại học,Khác,Chăm sóc khách hàng,Trưởng nhóm chăm sóc khách hàng,2,Thường xuyên,Không,17600000,9,7,2,3,4,3,4,5,1,3,4,3,2,2,2,Có
NV20261302,30,Nam,Độc thân,Hà Nội,Toàn thời gian,Thạc sĩ,Kỹ thuật,Kinh doanh,Nhân viên kinh doanh,4,Ít,Có,29900000,15,2,2,1,4,3,4,4,6,2,10,10,8,2,4,Không
NV20261303,36,Nam,Đã kết hôn,TP. Hồ Chí Minh,Toàn thời gian,Cao đẳng,Công nghệ thông tin,Công nghệ thông tin,Kỹ sư kiểm thử,4,Ít,Không,25500000,5,6,4,4,4,2,2,3,4,2,11,9,5,5,3,Không
NV20261304,30,Nam,Đã kết hôn,TP. Hồ Chí Minh,Toàn thời gian,Đại học,Công nghệ thông tin,Chăm sóc khách hàng,Nhân viên chăm sóc khách hàng,2,Ít,Không,21500000,11,21,3,3,2,1,4,3,3,5,12,3,2,2,2,Không
NV20261305,27,Nữ,Độc thân,TP. Hồ Chí Minh,Toàn thời gian,Thạc sĩ,Khác,Tài chính - Kế toán,Kế toán viên,2,Không công tác,Không,14200000,10,3,4,4,3,3,2,5,1,1,2,2,1,1,1,Không
NV20261306,31,Nam,Đã kết hôn,TP. Hồ Chí Minh,Toàn thời gian,Thạc sĩ,Công nghệ thông tin,Kinh doanh,Quản lý kinh doanh,2,Không công tác,Có,18400000,3,18,2,4,3,3,3,4,5,0,9,3,1,1,2,Không
NV20261307,28,Nam,Đã kết hôn,Hà Nội,Toàn thời gian,Thạc sĩ,Kinh tế,Tài chính - Kế toán,Chuyên viên tài chính,1,Ít,Không,12600000,3,4,3,3,4,4,3,3,2,1,1,1,1,0,1,Không
NV20261308,22,Nam,Độc thân,TP. Hồ Chí Minh,Toàn thời gian,Đại học,Tài chính,Công nghệ thông tin,Trưởng nhóm kỹ thuật,2,Không công tác,Có,17100000,11,2,4,3,4,5,3,3,5,0,2,2,1,1,1,Không
NV20261309,31,Nữ,Độc thân,TP. Hồ Chí Minh,Toàn thời gian,Đại học,Marketing,Chăm sóc khách hàng,Trưởng nhóm chăm sóc khách hàng,3,Ít,Có,21000000,10,8,4,5,3,3,4,3,3,1,10,4,3,3,4,Có
NV20261310,30,Nam,Độc thân,Hà Nội,Toàn thời gian,Đại học,Nhân sự,Chăm sóc khách hàng,Trưởng nhóm chăm sóc khách hàng,2,Thường xuyên,Có,18900000,10,5,4,3,4,3,3,2,4,1,3,3,1,1,1,Có
NV20261311,33,Nữ,Đã kết hôn,TP. Hồ Chí Minh,Hợp đồng xác định thời hạn,Đại học,Nhân sự,Công nghệ thông tin,Lập trình viên,1,Không công tác,Có,14900000,3,3,4,5,3,3,3,4,3,6,9,1,1,1,1,Không
NV20261312,38,Nữ,Đã kết hôn,Hà Nội,Toàn thời gian,THPT,Kinh tế,Kinh doanh,Nhân viên kinh doanh,3,Ít,Không,22100000,14,27,3,3,3,3,3,3,1,0,9,7,6,5,6,Có
NV20261313,30,Nam,Độc thân,TP. Hồ Chí Minh,Thử việc,THPT,Nhân sự,Vận hành,Trưởng nhóm vận hành,3,Thường xuyên,Không,20700000,12,8,4,3,4,4,3,3,2,1,4,4,2,2,2,Không
NV20261314,25,Nam,Đã kết hôn,Hải Phòng,Toàn thời gian,Cao đẳng,Kinh tế,Công nghệ thông tin,Trưởng nhóm kỹ thuật,3,Không công tác,Có,23600000,6,7,4,5,3,4,2,3,4,1,7,5,2,2,4,Không
NV20261315,27,Nữ,Đã kết hôn,TP. Hồ Chí Minh,Toàn thời gian,Đại học,Công nghệ thông tin,Vận hành,Trưởng nhóm vận hành,3,Không công tác,Không,19800000,5,5,4,3,4,4,2,2,3,7,9,4,3,1,3,Không
NV20261316,36,Nữ,Độc thân,Đà Nẵng,Toàn thời gian,Đại học,Khác,Công nghệ thông tin,Lập trình viên,3,Ít,Không,24800000,7,7,3,3,2,5,4,4,4,6,12,4,1,2,3,Không
NV20261317,27,Nam,Đã kết hôn,Đà Nẵng,Toàn thời gian,Đại học,Kinh tế,Tài chính - Kế toán,Kế toán viên,3,Thường xuyên,Không,22600000,6,5,5,2,5,1,4,2,4,2,6,6,4,4,5,Không
NV20261318,33,Nam,Ly hôn,Hà Nội,Toàn thời gian,THPT,Công nghệ thông tin,Công nghệ thông tin,Kỹ sư dữ liệu,3,Ít,Có,21000000,9,2,5,4,3,3,4,2,3,5,5,5,4,2,3,Không
NV20261319,39,Nam,Đã kết hôn,Hải Phòng,Toàn thời gian,Cao đẳng,Tài chính,Marketing,Trưởng nhóm marketing,4,Thường xuyên,Không,28400000,9,4,4,3,3,4,4,4,3,1,16,9,4,6,5,Không
NV20261320,20,Nữ,Độc thân,Hải Phòng,Toàn thời gian,Thạc sĩ,Công nghệ thông tin,Công nghệ thông tin,Trưởng nhóm kỹ thuật,1,Thường xuyên,Không,13100000,8,7,5,3,5,2,2,3,4,0,2,0,0,0,0,Có
NV20261321,31,Nữ,Độc thân,Bình Dương,Hợp đồng xác định thời hạn,Đại học,Kỹ thuật,Kinh doanh,Nhân viên kinh doanh,3,Không công tác,Không,22600000,7,14,3,3,3,2,2,3,6,0,5,4,2,3,1,Không
NV20261322,32,Nam,Đã kết hôn,Hà Nội,Toàn thời gian,Cao đẳng,Kinh tế,Công nghệ thông tin,Trưởng nhóm kỹ thuật,3,Không công tác,Có,24800000,6,14,4,5,4,5,5,4,4,1,14,4,3,1,2,Có
NV20261323,24,Nam,Đã kết hôn,TP. Hồ Chí Minh,Toàn thời gian,Đại học,Nhân sự,Vận hành,Nhân viên vận hành,1,Thường xuyên,Không,10800000,11,2,2,1,3,1,3,5,2,1,0,0,0,0,0,Không
NV20261324,30,Nữ,Độc thân,Hà Nội,Hợp đồng xác định thời hạn,Đại học,Kinh tế,Công nghệ thông tin,Lập trình viên,3,Thường xuyên,Không,24800000,10,18,4,2,4,2,5,4,3,0,9,4,3,2,4,Có
NV20261325,43,Nữ,Ly hôn,Hà Nội,Hợp đồng xác định thời hạn,Đại học,Kinh tế,Tài chính - Kế toán,Chuyên viên tài chính,3,Ít,Có,25300000,3,8,4,4,3,3,2,3,3,1,17,5,3,3,2,Không
NV20261326,24,Nam,Đã kết hôn,TP. Hồ Chí Minh,Toàn thời gian,Đại học,Kinh tế,Marketing,Trưởng nhóm marketing,1,Ít,Có,10300000,10,26,1,3,4,2,3,3,3,2,0,0,0,0,0,Có
NV20261327,27,Nam,Độc thân,Hà Nội,Hợp đồng xác định thời hạn,Đại học,Công nghệ thông tin,Nghiên cứu và Phát triển,Chuyên viên R&D,1,Ít,Có,11800000,10,13,4,4,3,4,1,4,2,2,0,0,0,0,0,Không
NV20261328,35,Nữ,Đã kết hôn,TP. Hồ Chí Minh,Toàn thời gian,Đại học,Công nghệ thông tin,Kinh doanh,Quản lý kinh doanh,3,Ít,Không,25700000,9,8,5,4,3,4,3,2,2,0,14,7,5,3,4,Không
NV20261329,29,Nam,Đã kết hôn,Đà Nẵng,Hợp đồng xác định thời hạn,Đại học,Công nghệ thông tin,Công nghệ thông tin,Trưởng nhóm kỹ thuật,3,Ít,Không,24400000,11,10,4,3,4,5,3,4,6,1,8,5,3,2,2,Không
NV20261330,37,Nữ,Ly hôn,TP. Hồ Chí Minh,Toàn thời gian,Cao đẳng,Marketing,Vận hành,Nhân viên vận hành,2,Không công tác,Không,24200000,12,2,2,3,3,2,1,3,3,3,14,2,1,2,1,Không
NV20261331,26,Nữ,Độc thân,TP. Hồ Chí Minh,Toàn thời gian,THPT,Marketing,Tài chính - Kế toán,Kế toán viên,2,Không công tác,Không,17100000,7,5,3,2,4,3,2,4,4,1,2,2,1,1,2,Không
NV20261332,33,Nam,Ly hôn,Hà Nội,Hợp đồng xác định thời hạn,Đại học,Khác,Kinh doanh,Nhân viên kinh doanh,3,Không công tác,Không,22800000,8,10,3,5,5,4,2,4,1,2,6,6,4,2,3,Không
NV20261333,29,Nữ,Độc thân,Hà Nội,Toàn thời gian,Đại học,Khác,Kinh doanh,Trưởng nhóm kinh doanh,2,Ít,Không,18200000,11,6,4,3,5,5,2,3,2,0,11,2,1,1,1,Không
NV20261334,25,Nữ,Độc thân,TP. Hồ Chí Minh,Toàn thời gian,Thạc sĩ,Kỹ thuật,Tài chính - Kế toán,Kế toán viên,1,Ít,Có,12200000,11,17,2,3,3,4,4,5,2,2,0,0,0,0,0,Không
NV20261335,30,Nữ,Đã kết hôn,Bình Dương,Thử việc,Đại học,Công nghệ thông tin,Chăm sóc khách hàng,Nhân viên chăm sóc khách hàng,2,Không công tác,Không,19900000,6,14,4,3,4,5,4,4,1,3,12,3,1,2,1,Không
NV20261336,35,Nữ,Đã kết hôn,Hà Nội,Toàn thời gian,Thạc sĩ,Công nghệ thông tin,Marketing,Chuyên viên marketing,2,Ít,Có,18900000,5,14,4,4,1,2,3,2,6,2,4,2,1,1,1,Có
NV20261337,27,Nam,Đã kết hôn,Bình Dương,Toàn thời gian,Đại học,Kinh tế,Marketing,Trưởng nhóm marketing,3,Không công tác,Không,25500000,13,7,3,3,3,4,2,3,3,2,8,5,3,3,2,Có
NV20261338,37,Nam,Độc thân,TP. Hồ Chí Minh,Toàn thời gian,Đại học,Công nghệ thông tin,Chăm sóc khách hàng,Trưởng nhóm chăm sóc khách hàng,4,Không công tác,Có,29100000,4,15,3,4,5,4,2,3,5,1,12,12,5,4,10,Không
NV20261339,28,Nam,Độc thân,Bình Dương,Toàn thời gian,Đại học,Khác,Kinh doanh,Quản lý kinh doanh,3,Không công tác,Không,24300000,5,12,5,4,4,2,3,4,1,7,4,4,2,2,1,Không
NV20261340,23,Nam,Đã kết hôn,Bình Dương,Toàn thời gian,THPT,Kỹ thuật,Công nghệ thông tin,Lập trình viên,2,Không công tác,Có,18400000,13,22,2,5,4,4,4,2,2,3,5,3,2,1,1,Không
NV20261341,34,Nam,Độc thân,TP. Hồ Chí Minh,Thử việc,Đại học,Công nghệ thông tin,Công nghệ thông tin,Kỹ sư dữ liệu,1,Ít,Không,15000000,9,1,2,3,3,1,3,3,2,1,8,1,1,1,1,Không
NV20261342,27,Nam,Độc thân,TP. Hồ Chí Minh,Hợp đồng xác định thời hạn,Đại học,Khác,Công nghệ thông tin,Kỹ sư kiểm thử,1,Ít,Không,11500000,8,11,2,3,4,4,3,3,3,1,1,1,1,1,0,Không
NV20261343,27,Nữ,Đã kết hôn,Cần Thơ,Toàn thời gian,Đại học,Công nghệ thông tin,Chăm sóc khách hàng,Nhân viên chăm sóc khách hàng,3,Ít,Có,22000000,11,9,4,2,3,4,2,2,4,3,9,4,1,2,2,Có
NV20261344,33,Nữ,Độc thân,TP. Hồ Chí Minh,Toàn thời gian,Thạc sĩ,Công nghệ thông tin,Công nghệ thông tin,Kỹ sư dữ liệu,2,Thường xuyên,Không,19600000,13,6,3,2,5,2,4,4,3,3,5,2,1,1,1,Không
NV20261345,32,Nữ,Đã kết hôn,Cần Thơ,Thử việc,Cao đẳng,Kỹ thuật,Marketing,Chuyên viên marketing,1,Không công tác,Không,19100000,9,2,4,3,5,4,4,3,2,1,12,1,1,1,1,Có
NV20261346,27,Nam,Đã kết hôn,Hà Nội,Hợp đồng xác định thời hạn,Cao đẳng,Marketing,Vận hành,Trưởng nhóm vận hành,2,Không công tác,Không,19900000,16,9,3,4,3,3,4,3,3,1,6,3,1,1,2,Có
NV20261347,33,Nữ,Độc thân,Hải Phòng,Toàn thời gian,Đại học,Tài chính,Nghiên cứu và Phát triển,Chuyên viên R&D,3,Không công tác,Không,26300000,9,22,3,4,4,4,2,2,3,4,12,7,3,4,2,Không
NV20261348,30,Nam,Độc thân,TP. Hồ Chí Minh,Hợp đồng xác định thời hạn,Cao đẳng,Kỹ thuật,Nghiên cứu và Phát triển,Chuyên viên R&D,1,Không công tác,Không,15500000,5,14,2,3,2,2,4,4,2,0,8,1,1,0,1,Không
NV20261349,30,Nam,Độc thân,Hà Nội,Toàn thời gian,Thạc sĩ,Nhân sự,Vận hành,Nhân viên vận hành,1,Thường xuyên,Không,13800000,13,5,3,3,3,4,4,4,5,4,9,1,1,0,1,Không
NV20261350,35,Nam,Độc thân,Hải Phòng,Toàn thời gian,Tiến sĩ,Công nghệ thông tin,Nhân sự,Trưởng nhóm nhân sự,2,Ít,Không,20200000,8,14,4,5,3,3,3,2,4,3,14,2,1,1,2,Không
NV20261351,33,Nữ,Đã kết hôn,TP. Hồ Chí Minh,Hợp đồng xác định thời hạn,Đại học,Kỹ thuật,Tài chính - Kế toán,Chuyên viên tài chính,1,Không công tác,Có,15400000,10,1,1,4,5,3,3,3,2,1,9,1,1,0,0,Có
NV20261352,26,Nam,Độc thân,TP. Hồ Chí Minh,Toàn thời gian,Đại học,Kinh tế,Vận hành,Nhân viên vận hành,3,Không công tác,Không,25300000,3,9,4,4,4,3,5,3,0,2,7,6,4,3,3,Không
NV20261353,29,Nữ,Độc thân,Hà Nội,Toàn thời gian,Đại học,Công nghệ thông tin,Tài chính - Kế toán,Chuyên viên tài chính,1,Thường xuyên,Có,12100000,7,15,4,5,4,4,2,2,5,0,0,0,0,0,0,Có
NV20261354,28,Nữ,Đã kết hôn,Đà Nẵng,Hợp đồng xác định thời hạn,THPT,Marketing,Công nghệ thông tin,Trưởng nhóm kỹ thuật,1,Thường xuyên,Có,15200000,5,6,3,4,4,3,5,4,3,3,10,1,1,1,1,Không
NV20261355,28,Nữ,Đã kết hôn,TP. Hồ Chí Minh,Hợp đồng xác định thời hạn,Cao đẳng,Khác,Marketing,Chuyên viên marketing,1,Không công tác,Có,14800000,3,1,1,2,1,3,3,3,2,2,10,1,1,1,0,Có
NV20261356,24,Nam,Độc thân,TP. Hồ Chí Minh,Toàn thời gian,Thạc sĩ,Marketing,Marketing,Chuyên viên nội dung,1,Thường xuyên,Không,13300000,14,13,5,3,5,5,5,3,2,2,0,0,0,0,0,Có
NV20261357,37,Nữ,Độc thân,TP. Hồ Chí Minh,Hợp đồng xác định thời hạn,THPT,Khác,Marketing,Chuyên viên marketing,1,Không công tác,Không,21200000,12,6,5,5,4,3,3,4,4,3,12,1,0,0,0,Không
NV20261358,31,Nam,Đã kết hôn,TP. Hồ Chí Minh,Toàn thời gian,Đại học,Công nghệ thông tin,Marketing,Trưởng nhóm marketing,3,Thường xuyên,Không,19900000,9,9,2,5,3,4,2,1,4,5,5,5,2,3,3,Không
NV20261359,27,Nam,Đã kết hôn,Hà Nội,Hợp đồng xác định thời hạn,Đại học,Kỹ thuật,Marketing,Trưởng nhóm marketing,3,Ít,Không,18200000,6,17,4,4,4,3,3,4,2,2,4,4,3,1,3,Không
NV20261360,42,Nam,Độc thân,Bình Dương,Toàn thời gian,Đại học,Nhân sự,Marketing,Chuyên viên marketing,3,Ít,Không,26200000,8,1,3,4,4,5,2,4,1,0,16,4,2,2,3,Không
NV20261361,32,Nam,Độc thân,Hà Nội,Toàn thời gian,Đại học,Marketing,Kinh doanh,Trưởng nhóm kinh doanh,2,Ít,Không,17400000,6,5,5,4,2,2,2,3,4,1,5,2,1,1,1,Không
NV20261362,32,Nữ,Đã kết hôn,Đà Nẵng,Toàn thời gian,Đại học,Công nghệ thông tin,Vận hành,Nhân viên vận hành,4,Thường xuyên,Có,28300000,9,3,3,4,4,3,3,3,5,1,11,10,8,7,8,Không
NV20261363,41,Nữ,Ly hôn,Hải Phòng,Toàn thời gian,Đại học,Công nghệ thông tin,Công nghệ thông tin,Trưởng nhóm kỹ thuật,3,Ít,Không,26300000,6,12,3,3,3,4,5,3,5,1,22,5,2,3,3,Không
NV20261364,30,Nữ,Độc thân,Hà Nội,Toàn thời gian,THPT,Công nghệ thông tin,Công nghệ thông tin,Kỹ sư kiểm thử,3,Ít,Có,24700000,10,9,5,2,4,4,2,4,3,0,9,4,2,1,1,Không
NV20261365,30,Nam,Độc thân,Bình Dương,Toàn thời gian,Đại học,Khác,Marketing,Trưởng nhóm marketing,2,Thường xuyên,Không,19500000,15,9,3,4,4,4,1,4,1,0,6,2,1,1,2,Có
NV20261366,26,Nam,Độc thân,Hà Nội,Toàn thời gian,Cao đẳng,Kỹ thuật,Công nghệ thông tin,Trưởng nhóm kỹ thuật,1,Không công tác,Có,15800000,9,3,3,4,3,2,2,3,4,3,7,1,0,0,1,Không
NV20261367,34,Nữ,Ly hôn,Hà Nội,Hợp đồng xác định thời hạn,Đại học,Khác,Vận hành,Điều phối viên,4,Ít,Không,26800000,10,1,4,2,3,5,4,4,6,4,8,8,3,6,3,Không
NV20261368,37,Nam,Đã kết hôn,Hà Nội,Toàn thời gian,Đại học,Kinh tế,Marketing,Trưởng nhóm marketing,3,Không công tác,Không,20600000,8,6,3,4,3,4,3,2,3,3,4,4,3,1,2,Không
NV20261369,34,Nam,Đã kết hôn,TP. Hồ Chí Minh,Toàn thời gian,Cao đẳng,Kỹ thuật,Chăm sóc khách hàng,Nhân viên chăm sóc khách hàng,3,Ít,Không,24800000,10,1,2,5,4,3,3,4,4,1,10,7,5,2,6,Có
NV20261370,38,Nữ,Độc thân,Bình Dương,Thử việc,Đại học,Công nghệ thông tin,Tài chính - Kế toán,Trưởng nhóm tài chính,3,Thường xuyên,Không,18800000,13,5,3,4,4,2,4,3,2,1,8,5,3,4,2,Không
NV20261371,21,Nữ,Độc thân,Hà Nội,Toàn thời gian,Cao đẳng,Kỹ thuật,Kinh doanh,Nhân viên kinh doanh,1,Không công tác,Không,14900000,10,5,4,4,3,3,4,4,3,4,0,0,0,0,0,Không
NV20261372,27,Nam,Độc thân,TP. Hồ Chí Minh,Toàn thời gian,Đại học,Tài chính,Chăm sóc khách hàng,Trưởng nhóm chăm sóc khách hàng,3,Ít,Không,20900000,8,8,4,4,4,5,3,4,3,3,6,6,3,4,4,Không
NV20261373,29,Nữ,Đã kết hôn,Hà Nội,Toàn thời gian,Đại học,Kinh tế,Nghiên cứu và Phát triển,Trưởng nhóm R&D,1,Không công tác,Có,10800000,4,20,4,4,4,3,5,3,5,1,0,0,0,0,0,Có
NV20261374,36,Nữ,Đã kết hôn,TP. Hồ Chí Minh,Toàn thời gian,Thạc sĩ,Nhân sự,Kinh doanh,Quản lý kinh doanh,2,Không công tác,Có,20200000,7,13,3,4,4,3,3,4,4,1,16,3,1,1,2,Không
NV20261375,23,Nam,Độc thân,TP. Hồ Chí Minh,Toàn thời gian,Thạc sĩ,Kinh tế,Tài chính - Kế toán,Kế toán viên,1,Không công tác,Không,10900000,8,11,4,4,3,3,3,4,3,3,0,0,0,0,0,Không
NV20261376,25,Nam,Độc thân,TP. Hồ Chí Minh,Hợp đồng xác định thời hạn,Đại học,Công nghệ thông tin,Kinh doanh,Trưởng nhóm kinh doanh,1,Thường xuyên,Không,14600000,13,13,4,3,4,3,3,3,1,0,1,1,1,1,1,Có
NV20261377,35,Nữ,Độc thân,Hà Nội,Toàn thời gian,Cao đẳng,Tài chính,Nghiên cứu và Phát triển,Trưởng nhóm R&D,4,Không công tác,Không,32200000,9,4,4,4,3,3,3,2,2,0,17,10,4,4,5,Không
NV20261378,35,Nữ,Độc thân,Cần Thơ,Toàn thời gian,THPT,Kinh tế,Vận hành,Điều phối viên,4,Không công tác,Không,29700000,8,9,4,4,5,5,4,5,1,1,10,8,5,4,5,Không
NV20261379,34,Nam,Đã kết hôn,Hà Nội,Hợp đồng xác định thời hạn,Thạc sĩ,Công nghệ thông tin,Công nghệ thông tin,Lập trình viên,3,Ít,Không,22900000,13,2,2,4,5,2,3,3,3,5,8,5,3,1,2,Không
NV20261380,31,Nữ,Đã kết hôn,TP. Hồ Chí Minh,Toàn thời gian,Đại học,Khác,Kinh doanh,Trưởng nhóm kinh doanh,4,Ít,Không,26200000,14,5,3,4,3,4,1,3,5,2,8,8,6,3,4,Không
NV20261381,30,Nữ,Ly hôn,Hà Nội,Toàn thời gian,Thạc sĩ,Marketing,Nghiên cứu và Phát triển,Trưởng nhóm R&D,4,Không công tác,Không,25700000,12,12,1,3,4,3,3,3,2,2,9,8,3,4,7,Không
NV20261382,26,Nữ,Đã kết hôn,TP. Hồ Chí Minh,Toàn thời gian,Đại học,Khác,Nhân sự,Chuyên viên nhân sự,2,Không công tác,Không,15500000,7,16,4,4,3,1,3,4,3,7,5,2,1,1,2,Không
NV20261383,28,Nam,Độc thân,Đà Nẵng,Toàn thời gian,Đại học,Công nghệ thông tin,Nghiên cứu và Phát triển,Trưởng nhóm R&D,2,Không công tác,Không,20800000,13,30,2,2,3,5,5,1,3,2,7,3,2,2,1,Không
NV20261384,32,Nam,Đã kết hôn,Hà Nội,Toàn thời gian,Thạc sĩ,Tài chính,Marketing,Trưởng nhóm marketing,1,Không công tác,Không,15000000,9,3,3,5,5,2,2,2,2,3,0,0,0,0,0,Không
NV20261385,35,Nữ,Độc thân,Hà Nội,Toàn thời gian,THPT,Kinh tế,Kinh doanh,Quản lý kinh doanh,4,Không công tác,Không,30200000,10,7,3,3,3,3,2,3,3,2,16,8,4,5,7,Không
NV20261386,37,Nam,Độc thân,Cần Thơ,Thử việc,Thạc sĩ,Marketing,Kinh doanh,Trưởng nhóm kinh doanh,2,Ít,Không,19300000,5,10,1,2,5,4,3,3,5,4,12,2,1,0,1,Không
NV20261387,26,Nam,Đã kết hôn,Hà Nội,Toàn thời gian,Đại học,Kinh tế,Tài chính - Kế toán,Trưởng nhóm tài chính,1,Ít,Có,9400000,18,11,2,4,1,2,1,3,2,3,0,0,0,0,0,Không
NV20261388,38,Nữ,Đã kết hôn,Hà Nội,Toàn thời gian,Cao đẳng,Kinh tế,Vận hành,Trưởng nhóm vận hành,4,Không công tác,Có,29500000,12,10,3,5,1,3,3,3,3,2,15,10,6,3,3,Có
NV20261389,31,Nam,Đã kết hôn,Bình Dương,Hợp đồng xác định thời hạn,Đại học,Công nghệ thông tin,Công nghệ thông tin,Trưởng nhóm kỹ thuật,1,Ít,Không,15100000,5,3,4,2,4,4,5,4,5,5,10,1,1,1,1,Không
NV20261390,28,Nam,Độc thân,Hà Nội,Hợp đồng xác định thời hạn,Cao đẳng,Công nghệ thông tin,Kinh doanh,Quản lý kinh doanh,3,Thường xuyên,Có,22100000,8,5,2,2,4,3,4,5,3,3,8,4,3,3,3,Không
NV20261391,33,Nam,Đã kết hôn,TP. Hồ Chí Minh,Toàn thời gian,Đại học,Marketing,Chăm sóc khách hàng,Trưởng nhóm chăm sóc khách hàng,3,Không công tác,Có,23100000,16,7,1,5,3,4,3,5,4,0,13,5,2,1,4,Không
NV20261392,26,Nữ,Độc thân,Hải Phòng,Toàn thời gian,Đại học,Marketing,Nhân sự,Chuyên viên nhân sự,3,Ít,Không,22700000,7,10,4,3,5,5,3,1,2,2,8,5,3,2,3,Không
NV20261393,20,Nữ,Độc thân,TP. Hồ Chí Minh,Toàn thời gian,Đại học,Công nghệ thông tin,Chăm sóc khách hàng,Nhân viên chăm sóc khách hàng,1,Ít,Không,13500000,13,13,4,1,1,2,3,3,5,0,2,0,0,0,0,Không
NV20261394,20,Nam,Đã kết hôn,Đà Nẵng,Toàn thời gian,Đại học,Nhân sự,Kinh doanh,Trưởng nhóm kinh doanh,1,Không công tác,Không,12600000,8,8,3,4,4,3,2,3,4,0,0,0,0,0,0,Không
NV20261395,39,Nữ,Đã kết hôn,Đà Nẵng,Hợp đồng xác định thời hạn,Cao đẳng,Tài chính,Vận hành,Nhân viên vận hành,4,Ít,Không,29600000,9,14,3,4,2,5,2,3,6,5,11,9,7,4,6,Không
NV20261396,39,Nam,Đã kết hôn,TP. Hồ Chí Minh,Thử việc,Thạc sĩ,Kỹ thuật,Kinh doanh,Trưởng nhóm kinh doanh,4,Không công tác,Có,28400000,12,2,4,5,5,3,1,3,3,1,14,8,4,3,3,Có
NV20261397,31,Nữ,Đã kết hôn,Bình Dương,Hợp đồng xác định thời hạn,Đại học,Tài chính,Kinh doanh,Quản lý kinh doanh,3,Ít,Không,22800000,11,8,4,3,5,5,2,3,4,1,11,4,3,3,2,Có
NV20261398,31,Nam,Đã kết hôn,TP. Hồ Chí Minh,Toàn thời gian,Đại học,Khác,Công nghệ thông tin,Trưởng nhóm kỹ thuật,3,Không công tác,Có,24000000,6,4,5,2,4,3,2,2,5,3,13,4,2,2,2,Có
NV20261399,33,Nam,Độc thân,Đà Nẵng,Toàn thời gian,Cao đẳng,Tài chính,Công nghệ thông tin,Lập trình viên,2,Ít,Không,23200000,10,7,5,2,3,3,4,1,4,2,14,2,1,2,1,Không
NV20261400,41,Nữ,Ly hôn,Đà Nẵng,Toàn thời gian,Đại học,Công nghệ thông tin,Tài chính - Kế toán,Trưởng nhóm tài chính,2,Ít,Không,17700000,9,15,3,2,3,4,5,4,2,1,10,2,2,1,1,Không
NV20261401,21,Nữ,Đã kết hôn,Bình Dương,Toàn thời gian,Cao đẳng,Khác,Công nghệ thông tin,Kỹ sư kiểm thử,1,Không công tác,Không,12000000,10,3,4,3,3,2,4,3,4,1,0,0,0,0,0,Không
NV20261402,37,Nam,Đã kết hôn,Hà Nội,Hợp đồng xác định thời hạn,Thạc sĩ,Kỹ thuật,Tài chính - Kế toán,Trưởng nhóm tài chính,2,Ít,Có,21200000,14,2,4,3,4,3,3,2,4,1,14,2,1,1,2,Không
NV20261403,41,Nam,Đã kết hôn,Hà Nội,Toàn thời gian,Đại học,Kinh tế,Tài chính - Kế toán,Kế toán viên,3,Không công tác,Không,29400000,9,6,4,3,1,3,4,3,5,3,23,6,3,4,4,Có
NV20261404,31,Nữ,Ly hôn,TP. Hồ Chí Minh,Toàn thời gian,Cao đẳng,Nhân sự,Marketing,Trưởng nhóm marketing,4,Không công tác,Không,28200000,14,21,5,4,5,3,4,3,4,1,11,10,6,7,5,Không
NV20261405,41,Nữ,Đã kết hôn,Hà Nội,Hợp đồng xác định thời hạn,Đại học,Công nghệ thông tin,Marketing,Chuyên viên nội dung,2,Không công tác,Không,27700000,7,13,4,3,5,4,3,3,4,3,23,2,1,2,1,Có
NV20261406,28,Nam,Đã kết hôn,Hà Nội,Toàn thời gian,Tiến sĩ,Kỹ thuật,Kinh doanh,Nhân viên kinh doanh,4,Thường xuyên,Không,25400000,7,14,3,3,5,2,4,4,2,2,8,8,4,5,4,Có
NV20261407,39,Nữ,Độc thân,Hải Phòng,Toàn thời gian,Cao đẳng,Kỹ thuật,Tài chính - Kế toán,Chuyên viên tài chính,3,Không công tác,Không,26400000,10,8,4,4,4,4,5,2,4,4,10,4,2,1,1,Không
NV20261408,39,Nam,Đã kết hôn,Hải Phòng,Toàn thời gian,Đại học,Kỹ thuật,Kinh doanh,Nhân viên kinh doanh,2,Ít,Không,22800000,13,4,5,5,3,2,2,4,3,1,18,3,1,1,1,Không
NV20261409,34,Nam,Đã kết hôn,Cần Thơ,Toàn thời gian,Cao đẳng,Khác,Công nghệ thông tin,Kỹ sư kiểm thử,2,Ít,Không,19800000,7,5,4,4,4,4,3,5,0,1,11,2,1,1,1,Không
NV20261410,47,Nữ,Đã kết hôn,Hải Phòng,Toàn thời gian,Đại học,Kinh tế,Vận hành,Điều phối viên,2,Ít,Không,19700000,11,3,3,4,4,5,4,4,5,1,20,2,1,2,1,Không
NV20261411,36,Nam,Độc thân,Hà Nội,Toàn thời gian,Đại học,Marketing,Công nghệ thông tin,Lập trình viên,1,Ít,Không,11900000,12,8,2,4,5,4,4,2,4,1,1,1,1,1,0,Không
NV20261412,30,Nam,Đã kết hôn,Hà Nội,Toàn thời gian,Đại học,Công nghệ thông tin,Marketing,Chuyên viên nội dung,2,Ít,Có,18300000,3,4,2,4,4,3,2,2,4,4,6,2,1,1,2,Có
NV20261413,31,Nữ,Ly hôn,TP. Hồ Chí Minh,Toàn thời gian,Cao đẳng,Kỹ thuật,Công nghệ thông tin,Kỹ sư dữ liệu,3,Không công tác,Có,25900000,8,6,3,4,1,4,2,3,3,0,12,5,4,3,3,Không
NV20261414,29,Nữ,Đã kết hôn,Hải Phòng,Toàn thời gian,Cao đẳng,Kinh tế,Kinh doanh,Trưởng nhóm kinh doanh,3,Ít,Không,22500000,7,13,4,3,5,3,5,4,2,2,7,4,3,1,3,Không
NV20261415,36,Nam,Đã kết hôn,Bình Dương,Toàn thời gian,Thạc sĩ,Công nghệ thông tin,Vận hành,Trưởng nhóm vận hành,3,Ít,Không,25000000,12,8,3,1,3,3,3,3,3,5,14,5,4,2,4,Không
NV20261416,20,Nữ,Đã kết hôn,Bình Dương,Toàn thời gian,Đại học,Kinh tế,Marketing,Chuyên viên nội dung,1,Ít,Có,11400000,3,12,3,4,1,4,2,3,3,1,0,0,0,0,0,Có
NV20261417,33,Nam,Đã kết hôn,Bình Dương,Thử việc,Đại học,Tài chính,Công nghệ thông tin,Trưởng nhóm kỹ thuật,3,Không công tác,Không,23800000,9,7,4,2,2,3,4,3,4,0,11,4,3,3,3,Không
NV20261418,30,Nam,Đã kết hôn,Đà Nẵng,Toàn thời gian,Đại học,Tài chính,Vận hành,Nhân viên vận hành,2,Không công tác,Có,15200000,8,13,5,2,3,5,2,2,3,3,3,3,2,1,1,Có
NV20261419,26,Nam,Độc thân,TP. Hồ Chí Minh,Toàn thời gian,Đại học,Kinh tế,Chăm sóc khách hàng,Nhân viên chăm sóc khách hàng,1,Ít,Không,11500000,9,13,3,5,4,1,4,2,3,2,0,0,0,0,0,Không
NV20261420,26,Nam,Ly hôn,TP. Hồ Chí Minh,Thử việc,Đại học,Công nghệ thông tin,Marketing,Trưởng nhóm marketing,1,Không công tác,Không,9800000,13,12,3,3,3,4,3,3,3,2,0,0,0,0,0,Không
NV20261421,40,Nữ,Đã kết hôn,Cần Thơ,Toàn thời gian,Đại học,Kỹ thuật,Nghiên cứu và Phát triển,Chuyên viên R&D,1,Thường xuyên,Có,22800000,10,10,5,3,1,1,4,3,2,1,21,1,1,1,1,Có
NV20261422,30,Nữ,Độc thân,Bình Dương,Toàn thời gian,Đại học,Kỹ thuật,Vận hành,Nhân viên vận hành,3,Không công tác,Không,20800000,10,3,1,5,3,2,4,3,0,5,5,5,2,2,2,Không
NV20261423,23,Nữ,Đã kết hôn,TP. Hồ Chí Minh,Toàn thời gian,Đại học,Công nghệ thông tin,Kinh doanh,Quản lý kinh doanh,1,Không công tác,Không,10500000,10,11,3,3,3,4,3,4,4,2,0,0,0,0,0,Có
NV20261424,33,Nam,Độc thân,Hà Nội,Hợp đồng xác định thời hạn,Cao đẳng,Công nghệ thông tin,Vận hành,Trưởng nhóm vận hành,4,Ít,Có,26500000,3,5,3,4,4,4,4,2,4,2,10,9,7,4,6,Không
NV20261425,30,Nữ,Ly hôn,Bình Dương,Hợp đồng xác định thời hạn,Đại học,Kinh tế,Kinh doanh,Quản lý kinh doanh,4,Không công tác,Không,27700000,3,3,4,5,4,4,4,2,3,2,12,8,5,4,7,Không
NV20261426,20,Nữ,Độc thân,Hà Nội,Toàn thời gian,THPT,Công nghệ thông tin,Marketing,Trưởng nhóm marketing,1,Ít,Có,14400000,10,12,3,1,2,4,2,4,6,2,0,0,0,0,0,Có
NV20261427,32,Nam,Ly hôn,Hà Nội,Toàn thời gian,Đại học,Khác,Vận hành,Điều phối viên,1,Ít,Không,14700000,8,37,3,3,4,5,3,3,2,2,1,1,1,0,0,Không
NV20261428,29,Nam,Độc thân,Đà Nẵng,Toàn thời gian,THPT,Công nghệ thông tin,Vận hành,Trưởng nhóm vận hành,2,Không công tác,Không,17100000,10,10,4,5,4,2,3,3,2,1,2,2,1,1,2,Không
NV20261429,44,Nữ,Đã kết hôn,Đà Nẵng,Toàn thời gian,Đại học,Công nghệ thông tin,Marketing,Trưởng nhóm marketing,2,Ít,Không,22200000,16,5,4,4,2,3,3,3,1,5,16,2,1,1,1,Không
NV20261430,46,Nữ,Đã kết hôn,TP. Hồ Chí Minh,Toàn thời gian,Đại học,Marketing,Marketing,Chuyên viên nội dung,3,Không công tác,Không,29700000,12,3,3,3,1,3,2,3,2,5,28,7,5,5,6,Không
NV20261431,35,Nữ,Độc thân,TP. Hồ Chí Minh,Toàn thời gian,Cao đẳng,Kỹ thuật,Marketing,Trưởng nhóm marketing,3,Thường xuyên,Không,22800000,12,4,4,4,4,4,4,2,4,4,5,5,2,2,4,Không
NV20261432,36,Nam,Đã kết hôn,Hà Nội,Toàn thời gian,Đại học,Khác,Kinh doanh,Nhân viên kinh doanh,4,Không công tác,Có,26700000,9,8,4,4,3,2,3,3,4,3,8,8,4,4,6,Không
NV20261433,32,Nữ,Độc thân,TP. Hồ Chí Minh,Thử việc,Thạc sĩ,Kỹ thuật,Công nghệ thông tin,Trưởng nhóm kỹ thuật,3,Ít,Không,21700000,16,19,5,3,2,5,3,5,3,1,6,4,2,2,2,Không
NV20261434,38,Nữ,Độc thân,Hải Phòng,Toàn thời gian,THPT,Khác,Marketing,Chuyên viên marketing,3,Không công tác,Không,24600000,13,1,4,3,3,2,5,2,4,1,15,4,3,2,3,Không
NV20261435,35,Nữ,Độc thân,TP. Hồ Chí Minh,Toàn thời gian,Thạc sĩ,Khác,Tài chính - Kế toán,Trưởng nhóm tài chính,1,Không công tác,Không,20500000,15,22,5,3,4,4,3,2,5,3,17,1,1,0,1,Không
NV20261436,21,Nam,Đã kết hôn,TP. Hồ Chí Minh,Toàn thời gian,Đại học,Kỹ thuật,Marketing,Trưởng nhóm marketing,1,Không công tác,Không,12100000,10,12,2,3,2,2,5,2,5,8,2,1,1,1,1,Không
NV20261437,41,Nữ,Đã kết hôn,Hà Nội,Toàn thời gian,Đại học,Công nghệ thông tin,Kinh doanh,Nhân viên kinh doanh,2,Ít,Không,21500000,11,4,2,3,3,3,3,2,2,3,9,3,2,1,2,Có
NV20261438,37,Nam,Độc thân,TP. Hồ Chí Minh,Thử việc,Đại học,Kinh tế,Công nghệ thông tin,Kỹ sư kiểm thử,2,Không công tác,Có,19500000,8,14,5,1,5,1,5,5,3,7,11,3,2,1,1,Có
NV20261439,34,Nam,Đã kết hôn,Hà Nội,Thử việc,Đại học,Tài chính,Chăm sóc khách hàng,Nhân viên chăm sóc khách hàng,3,Ít,Không,23000000,9,6,4,3,1,3,5,3,4,2,11,4,3,2,1,Không
NV20261440,31,Nam,Độc thân,Hà Nội,Toàn thời gian,THPT,Tài chính,Vận hành,Trưởng nhóm vận hành,3,Ít,Không,26000000,7,3,5,2,3,4,5,5,4,3,11,5,2,3,3,Không
NV20261441,38,Nữ,Độc thân,Hà Nội,Hợp đồng xác định thời hạn,Đại học,Công nghệ thông tin,Kinh doanh,Nhân viên kinh doanh,1,Không công tác,Không,21100000,4,6,5,4,3,3,2,4,6,1,17,1,0,1,0,Không
NV20261442,35,Nữ,Đã kết hôn,TP. Hồ Chí Minh,Toàn thời gian,Đại học,Nhân sự,Vận hành,Điều phối viên,4,Không công tác,Không,27800000,4,8,2,3,2,4,2,3,2,1,12,10,6,8,6,Có
NV20261443,27,Nữ,Độc thân,TP. Hồ Chí Minh,Toàn thời gian,Đại học,Nhân sự,Công nghệ thông tin,Kỹ sư dữ liệu,2,Không công tác,Có,19800000,16,7,2,2,4,3,1,2,2,1,9,3,2,1,2,Có
NV20261444,33,Nữ,Đã kết hôn,Hà Nội,Hợp đồng xác định thời hạn,Đại học,Khác,Kinh doanh,Quản lý kinh doanh,1,Không công tác,Không,16500000,11,5,2,2,3,4,5,3,4,1,12,1,1,0,1,Có
NV20261445,25,Nữ,Đã kết hôn,Đà Nẵng,Toàn thời gian,Cao đẳng,Công nghệ thông tin,Công nghệ thông tin,Kỹ sư dữ liệu,1,Ít,Không,12600000,6,22,3,3,5,3,5,2,5,1,0,0,0,0,0,Không
NV20261446,26,Nam,Đã kết hôn,Hải Phòng,Thử việc,Cao đẳng,Công nghệ thông tin,Kinh doanh,Trưởng nhóm kinh doanh,3,Không công tác,Không,24000000,6,4,1,3,5,5,3,3,3,1,8,6,5,2,2,Có
NV20261447,36,Nữ,Đã kết hôn,Hải Phòng,Toàn thời gian,THPT,Công nghệ thông tin,Marketing,Chuyên viên marketing,2,Không công tác,Không,21000000,13,6,3,3,3,5,3,4,3,2,12,2,1,1,1,Không
NV20261448,30,Nữ,Đã kết hôn,TP. Hồ Chí Minh,Hợp đồng xác định thời hạn,Thạc sĩ,Khác,Kinh doanh,Quản lý kinh doanh,2,Ít,Có,17100000,9,6,3,4,4,3,4,4,4,0,2,2,1,1,2,Không
NV20261449,40,Nữ,Độc thân,Hải Phòng,Toàn thời gian,Đại học,Công nghệ thông tin,Kinh doanh,Quản lý kinh doanh,4,Không công tác,Có,33900000,13,5,4,2,1,3,4,2,3,3,18,8,6,5,2,Có
NV20261450,30,Nam,Độc thân,Hà Nội,Toàn thời gian,Đại học,Công nghệ thông tin,Vận hành,Nhân viên vận hành,4,Không công tác,Có,24400000,10,3,2,4,2,4,2,4,1,6,8,8,3,3,4,Có
NV20261451,32,Nữ,Độc thân,TP. Hồ Chí Minh,Toàn thời gian,Thạc sĩ,Nhân sự,Kinh doanh,Quản lý kinh doanh,1,Ít,Không,12300000,3,12,5,5,2,4,5,4,3,4,5,1,1,1,0,Không
NV20261452,29,Nam,Đã kết hôn,Đà Nẵng,Hợp đồng xác định thời hạn,Đại học,Kỹ thuật,Nhân sự,Chuyên viên nhân sự,2,Ít,Không,15600000,4,3,3,3,2,5,3,5,6,0,2,2,2,1,1,Không
NV20261453,28,Nữ,Độc thân,Hà Nội,Toàn thời gian,THPT,Tài chính,Kinh doanh,Nhân viên kinh doanh,3,Không công tác,Có,22900000,11,3,3,5,3,2,2,2,4,1,9,4,3,2,2,Có
NV20261454,30,Nữ,Đã kết hôn,TP. Hồ Chí Minh,Toàn thời gian,Cao đẳng,Công nghệ thông tin,Công nghệ thông tin,Kỹ sư dữ liệu,2,Thường xuyên,Không,21200000,12,9,5,2,4,3,4,4,2,2,12,2,2,1,2,Có
NV20261455,41,Nam,Độc thân,Hà Nội,Toàn thời gian,Thạc sĩ,Marketing,Kinh doanh,Trưởng nhóm kinh doanh,2,Ít,Có,28600000,15,9,3,3,4,3,3,3,4,0,22,3,2,2,2,Có
NV20261456,32,Nam,Đã kết hôn,Hải Phòng,Toàn thời gian,Thạc sĩ,Kỹ thuật,Công nghệ thông tin,Kỹ sư kiểm thử,3,Ít,Có,22100000,8,7,3,3,4,2,5,3,2,2,6,6,3,3,5,Có
NV20261457,28,Nam,Đã kết hôn,Đà Nẵng,Toàn thời gian,Đại học,Kỹ thuật,Marketing,Chuyên viên marketing,1,Ít,Không,17200000,6,5,4,5,4,4,4,3,2,1,10,1,1,1,0,Không
NV20261458,46,Nam,Độc thân,Bình Dương,Toàn thời gian,Đại học,Công nghệ thông tin,Vận hành,Nhân viên vận hành,4,Không công tác,Không,32900000,6,17,3,4,3,3,3,3,4,3,22,10,8,6,3,Không
NV20261459,33,Nam,Ly hôn,Đà Nẵng,Toàn thời gian,Thạc sĩ,Kinh tế,Marketing,Chuyên viên marketing,1,Ít,Không,17300000,13,7,4,1,1,3,3,2,3,0,4,1,0,0,1,Có
NV20261460,29,Nam,Đã kết hôn,TP. Hồ Chí Minh,Toàn thời gian,Thạc sĩ,Kỹ thuật,Nhân sự,Chuyên viên nhân sự,1,Thường xuyên,Không,12400000,10,28,3,3,4,4,3,4,4,1,6,1,1,0,1,Không
NV20261461,28,Nam,Độc thân,Hà Nội,Thử việc,Thạc sĩ,Kinh tế,Marketing,Chuyên viên nội dung,3,Ít,Có,19700000,8,5,2,4,3,4,4,3,2,1,4,4,1,2,2,Không
NV20261462,39,Nam,Độc thân,Bình Dương,Thử việc,Cao đẳng,Kinh tế,Nhân sự,Chuyên viên nhân sự,1,Ít,Có,16500000,12,14,2,2,2,3,4,3,2,1,16,1,0,1,1,Có
NV20261463,38,Nữ,Độc thân,Hà Nội,Toàn thời gian,Thạc sĩ,Nhân sự,Nhân sự,Chuyên viên nhân sự,5,Không công tác,Không,31800000,14,7,4,2,4,4,4,3,4,1,14,14,6,6,11,Có
NV20261464,26,Nam,Đã kết hôn,TP. Hồ Chí Minh,Hợp đồng xác định thời hạn,Cao đẳng,Tài chính,Công nghệ thông tin,Trưởng nhóm kỹ thuật,3,Ít,Không,24800000,13,7,2,3,1,3,3,3,1,2,7,6,4,2,2,Không
NV20261465,30,Nữ,Đã kết hôn,TP. Hồ Chí Minh,Toàn thời gian,Đại học,Nhân sự,Tài chính - Kế toán,Chuyên viên tài chính,3,Không công tác,Có,25500000,11,10,2,4,2,3,4,4,2,2,12,7,3,3,3,Có
NV20261466,23,Nữ,Độc thân,TP. Hồ Chí Minh,Thử việc,Tiến sĩ,Công nghệ thông tin,Nghiên cứu và Phát triển,Chuyên viên R&D,1,Ít,Có,13700000,12,11,3,3,3,4,4,3,2,1,1,1,1,1,1,Không
NV20261467,31,Nam,Độc thân,Bình Dương,Hợp đồng xác định thời hạn,Đại học,Công nghệ thông tin,Kinh doanh,Nhân viên kinh doanh,3,Ít,Không,21700000,7,9,3,4,4,3,3,3,2,1,10,4,3,1,1,Không
NV20261468,44,Nữ,Độc thân,TP. Hồ Chí Minh,Toàn thời gian,Đại học,Công nghệ thông tin,Nghiên cứu và Phát triển,Trưởng nhóm R&D,2,Ít,Không,28400000,10,9,4,2,3,5,3,2,6,1,26,2,1,1,1,Không
NV20261469,30,Nữ,Đã kết hôn,Đà Nẵng,Toàn thời gian,Thạc sĩ,Kỹ thuật,Vận hành,Điều phối viên,3,Ít,Không,19700000,9,13,3,4,3,2,3,3,1,2,8,7,6,5,4,Có
NV20261470,25,Nam,Độc thân,TP. Hồ Chí Minh,Toàn thời gian,Đại học,Công nghệ thông tin,Vận hành,Trưởng nhóm vận hành,1,Không công tác,Không,12600000,13,1,4,4,4,3,4,2,1,3,0,0,0,0,0,Không
NV20261471,46,Nữ,Độc thân,Hải Phòng,Hợp đồng xác định thời hạn,Thạc sĩ,Kinh tế,Marketing,Chuyên viên nội dung,3,Không công tác,Không,29300000,14,7,3,4,4,4,5,2,3,4,26,6,3,3,3,Không
NV20261472,35,Nữ,Độc thân,Hà Nội,Hợp đồng xác định thời hạn,Đại học,Kinh tế,Nghiên cứu và Phát triển,Kỹ sư R&D,4,Không công tác,Có,31100000,11,8,4,5,3,3,4,3,1,2,15,8,5,4,4,Có
NV20261473,38,Nữ,Đã kết hôn,Hải Phòng,Toàn thời gian,Cao đẳng,Khác,Công nghệ thông tin,Trưởng nhóm kỹ thuật,2,Ít,Không,18700000,9,13,4,4,5,2,4,3,5,4,12,3,2,2,2,Không
NV20261474,21,Nam,Độc thân,TP. Hồ Chí Minh,Toàn thời gian,Cao đẳng,Công nghệ thông tin,Marketing,Chuyên viên marketing,1,Ít,Không,13500000,13,2,4,5,2,4,4,3,6,1,1,1,0,0,1,Có
NV20261475,33,Nam,Độc thân,Đà Nẵng,Toàn thời gian,THPT,Nhân sự,Kinh doanh,Trưởng nhóm kinh doanh,1,Ít,Không,13100000,15,2,4,4,3,4,3,2,5,1,7,1,1,0,1,Có
NV20261476,40,Nam,Độc thân,Hà Nội,Toàn thời gian,Thạc sĩ,Kỹ thuật,Công nghệ thông tin,Kỹ sư dữ liệu,1,Ít,Có,23100000,11,3,3,4,2,3,5,5,4,1,20,1,1,0,1,Có
NV20261477,36,Nam,Độc thân,Hà Nội,Thử việc,Cao đẳng,Công nghệ thông tin,Kinh doanh,Quản lý kinh doanh,3,Không công tác,Có,26300000,14,12,2,2,2,2,2,3,4,2,15,5,3,2,2,Có
NV20261478,26,Nữ,Độc thân,TP. Hồ Chí Minh,Toàn thời gian,Cao đẳng,Kinh tế,Marketing,Chuyên viên marketing,1,Ít,Có,11100000,8,17,1,3,3,5,2,4,4,1,1,1,1,1,1,Có
NV20261479,38,Nam,Ly hôn,Hà Nội,Toàn thời gian,Cao đẳng,Kinh tế,Marketing,Chuyên viên marketing,1,Không công tác,Có,18700000,8,9,3,4,3,4,1,3,3,2,13,1,1,0,0,Có
NV20261480,26,Nam,Đã kết hôn,Hải Phòng,Hợp đồng xác định thời hạn,Thạc sĩ,Công nghệ thông tin,Công nghệ thông tin,Trưởng nhóm kỹ thuật,3,Không công tác,Có,20700000,7,20,3,4,4,1,4,3,2,1,4,4,2,3,3,Không
NV20261481,23,Nam,Độc thân,TP. Hồ Chí Minh,Toàn thời gian,Cao đẳng,Tài chính,Chăm sóc khách hàng,Trưởng nhóm chăm sóc khách hàng,2,Thường xuyên,Không,17400000,3,4,5,3,2,2,4,3,3,1,3,3,1,1,2,Có
NV20261482,31,Nữ,Độc thân,TP. Hồ Chí Minh,Toàn thời gian,Đại học,Công nghệ thông tin,Vận hành,Trưởng nhóm vận hành,2,Không công tác,Không,18400000,9,11,4,1,4,5,4,5,2,5,5,3,1,2,2,Không
NV20261483,35,Nữ,Đã kết hôn,Đà Nẵng,Hợp đồng xác định thời hạn,Thạc sĩ,Kinh tế,Công nghệ thông tin,Lập trình viên,2,Không công tác,Không,21900000,10,13,4,1,3,4,3,3,3,2,12,3,2,2,1,Không
NV20261484,35,Nữ,Đã kết hôn,TP. Hồ Chí Minh,Toàn thời gian,Đại học,Kinh tế,Công nghệ thông tin,Kỹ sư dữ liệu,3,Không công tác,Không,20800000,10,5,3,2,2,3,4,3,2,1,7,6,4,3,3,Không
NV20261485,33,Nam,Đã kết hôn,Hà Nội,Toàn thời gian,Cao đẳng,Marketing,Công nghệ thông tin,Kỹ sư dữ liệu,3,Không công tác,Có,26800000,11,5,2,4,2,2,2,3,4,1,15,7,5,4,2,Có
NV20261486,34,Nữ,Độc thân,TP. Hồ Chí Minh,Hợp đồng xác định thời hạn,Cao đẳng,Công nghệ thông tin,Tài chính - Kế toán,Trưởng nhóm tài chính,1,Thường xuyên,Không,16500000,9,8,5,3,3,4,3,2,6,5,8,1,1,0,1,Không
NV20261487,26,Nữ,Đã kết hôn,TP. Hồ Chí Minh,Toàn thời gian,Đại học,Công nghệ thông tin,Kinh doanh,Trưởng nhóm kinh doanh,3,Không công tác,Có,20500000,7,4,3,3,3,4,4,4,2,1,8,6,5,4,5,Không
NV20261488,34,Nữ,Đã kết hôn,TP. Hồ Chí Minh,Hợp đồng xác định thời hạn,Thạc sĩ,Kỹ thuật,Kinh doanh,Quản lý kinh doanh,3,Ít,Có,22300000,13,7,4,1,4,2,2,4,5,1,10,4,2,1,2,Có
NV20261489,43,Nữ,Độc thân,Cần Thơ,Hợp đồng xác định thời hạn,Thạc sĩ,Công nghệ thông tin,Nhân sự,Trưởng nhóm nhân sự,3,Không công tác,Có,29400000,7,11,4,3,4,3,3,2,3,1,23,6,5,2,2,Có
NV20261490,21,Nữ,Đã kết hôn,Hà Nội,Toàn thời gian,Đại học,Tài chính,Kinh doanh,Nhân viên kinh doanh,1,Ít,Không,12700000,6,3,2,1,3,2,4,3,3,2,0,0,0,0,0,Không
NV20261491,32,Nữ,Đã kết hôn,Hà Nội,Thử việc,Cao đẳng,Marketing,Nhân sự,Chuyên viên tuyển dụng,3,Không công tác,Có,23800000,6,7,3,5,3,3,5,3,4,3,6,6,4,2,2,Không
NV20261492,37,Nam,Độc thân,Bình Dương,Toàn thời gian,Thạc sĩ,Kinh tế,Tài chính - Kế toán,Trưởng nhóm tài chính,2,Không công tác,Không,23100000,14,11,4,5,4,4,2,2,3,2,19,2,1,1,1,Có
NV20261493,36,Nữ,Đã kết hôn,Hải Phòng,Toàn thời gian,Cao đẳng,Khác,Nghiên cứu và Phát triển,Chuyên viên R&D,3,Ít,Không,27200000,7,11,2,2,3,3,4,3,4,0,16,4,2,1,2,Không
NV20261494,23,Nữ,Độc thân,TP. Hồ Chí Minh,Toàn thời gian,Thạc sĩ,Tài chính,Tài chính - Kế toán,Trưởng nhóm tài chính,1,Ít,Không,11900000,7,7,5,3,2,3,3,3,5,5,0,0,0,0,0,Không
NV20261495,42,Nữ,Đã kết hôn,Hà Nội,Toàn thời gian,Thạc sĩ,Kinh tế,Kinh doanh,Quản lý kinh doanh,1,Ít,Có,21900000,12,18,3,2,3,3,3,3,3,5,18,1,1,1,1,Không
NV20261496,32,Nam,Độc thân,Bình Dương,Toàn thời gian,Đại học,Công nghệ thông tin,Vận hành,Nhân viên vận hành,2,Ít,Không,16100000,11,10,5,5,3,4,2,4,5,1,3,3,2,2,1,Không
NV20261497,39,Nam,Đã kết hôn,Bình Dương,Toàn thời gian,Đại học,Kinh tế,Công nghệ thông tin,Kỹ sư kiểm thử,2,Ít,Không,20300000,11,14,4,3,1,4,4,4,2,0,12,3,2,2,1,Không
NV20261498,33,Nữ,Độc thân,Hà Nội,Toàn thời gian,Cao đẳng,Khác,Chăm sóc khách hàng,Trưởng nhóm chăm sóc khách hàng,2,Không công tác,Không,22300000,13,4,5,3,3,3,4,2,1,1,12,2,1,1,2,Không
NV20261499,37,Nữ,Độc thân,Bình Dương,Toàn thời gian,Cao đẳng,Công nghệ thông tin,Vận hành,Điều phối viên,3,Không công tác,Không,26700000,10,12,3,4,4,4,2,5,4,5,19,4,3,2,1,Không
NV20261500,38,Nữ,Đã kết hôn,Hà Nội,Hợp đồng xác định thời hạn,Cao đẳng,Công nghệ thông tin,Chăm sóc khách hàng,Nhân viên chăm sóc khách hàng,3,Không công tác,Có,23400000,8,9,5,3,2,2,2,3,3,3,11,5,4,2,2,Có
NV20261501,35,Nam,Độc thân,Hà Nội,Toàn thời gian,Thạc sĩ,Nhân sự,Kinh doanh,Trưởng nhóm kinh doanh,3,Không công tác,Không,22300000,10,19,3,4,4,4,4,3,4,3,6,6,3,3,2,Không
NV20261502,52,Nữ,Độc thân,Bình Dương,Hợp đồng xác định thời hạn,Thạc sĩ,Kỹ thuật,Kinh doanh,Quản lý kinh doanh,2,Không công tác,Không,27700000,9,5,1,3,4,3,2,2,5,5,25,2,1,1,2,Không
NV20261503,39,Nam,Đã kết hôn,TP. Hồ Chí Minh,Hợp đồng xác định thời hạn,Đại học,Công nghệ thông tin,Nhân sự,Chuyên viên nhân sự,4,Không công tác,Có,30300000,8,11,2,4,3,4,2,4,3,5,10,8,5,6,5,Không
NV20261504,42,Nam,Đã kết hôn,Bình Dương,Toàn thời gian,Đại học,Công nghệ thông tin,Tài chính - Kế toán,Chuyên viên tài chính,2,Không công tác,Có,26700000,5,16,3,4,3,4,4,5,1,1,24,3,2,1,1,Không
NV20261505,27,Nam,Độc thân,Bình Dương,Toàn thời gian,Cao đẳng,Công nghệ thông tin,Nhân sự,Chuyên viên tuyển dụng,3,Không công tác,Không,23000000,8,7,4,3,4,4,3,3,1,2,8,5,2,2,3,Không
NV20261506,26,Nam,Đã kết hôn,Bình Dương,Toàn thời gian,Cao đẳng,Công nghệ thông tin,Marketing,Trưởng nhóm marketing,3,Ít,Không,19700000,8,23,4,4,4,3,4,4,5,1,6,4,3,3,1,Không
NV20261507,20,Nữ,Độc thân,Hải Phòng,Toàn thời gian,Cao đẳng,Kỹ thuật,Công nghệ thông tin,Kỹ sư kiểm thử,1,Ít,Có,13400000,12,16,3,2,3,1,5,4,4,2,0,0,0,0,0,Không
NV20261508,22,Nữ,Độc thân,Hà Nội,Toàn thời gian,Tiến sĩ,Khác,Công nghệ thông tin,Trưởng nhóm kỹ thuật,1,Ít,Có,11400000,12,15,2,4,3,3,3,3,3,1,0,0,0,0,0,Có
NV20261509,37,Nữ,Độc thân,Đà Nẵng,Toàn thời gian,Đại học,Nhân sự,Kinh doanh,Nhân viên kinh doanh,2,Ít,Không,21700000,7,3,2,3,1,2,4,2,3,1,13,3,2,2,2,Không
NV20261510,22,Nữ,Độc thân,Hà Nội,Toàn thời gian,Tiến sĩ,Marketing,Vận hành,Trưởng nhóm vận hành,2,Không công tác,Không,16700000,10,14,3,4,4,3,5,2,2,1,2,2,1,1,1,Có
NV20261511,22,Nam,Đã kết hôn,TP. Hồ Chí Minh,Toàn thời gian,Thạc sĩ,Marketing,Công nghệ thông tin,Kỹ sư dữ liệu,1,Thường xuyên,Có,11200000,8,19,2,4,4,3,5,4,2,1,0,0,0,0,0,Có
NV20261512,36,Nam,Độc thân,TP. Hồ Chí Minh,Toàn thời gian,Thạc sĩ,Công nghệ thông tin,Công nghệ thông tin,Lập trình viên,3,Không công tác,Có,25400000,10,8,2,2,2,5,5,2,3,8,13,6,4,3,2,Có
NV20261513,41,Nữ,Đã kết hôn,Bình Dương,Toàn thời gian,Đại học,Tài chính,Công nghệ thông tin,Lập trình viên,2,Không công tác,Không,26800000,13,7,4,5,2,5,5,3,3,2,23,2,1,0,1,Có
NV20261514,34,Nữ,Ly hôn,TP. Hồ Chí Minh,Toàn thời gian,Đại học,Kinh tế,Kinh doanh,Nhân viên kinh doanh,1,Không công tác,Không,18600000,9,2,3,3,1,3,4,4,3,2,12,1,1,1,1,Không
NV20261515,35,Nữ,Đã kết hôn,Hà Nội,Hợp đồng xác định thời hạn,Thạc sĩ,Công nghệ thông tin,Nhân sự,Chuyên viên tuyển dụng,3,Không công tác,Có,18400000,7,5,1,1,4,4,2,4,2,2,4,4,3,2,3,Không
NV20261516,24,Nữ,Đã kết hôn,TP. Hồ Chí Minh,Thử việc,Đại học,Công nghệ thông tin,Marketing,Trưởng nhóm marketing,1,Không công tác,Có,12500000,7,11,2,3,4,4,3,4,4,1,0,0,0,0,0,Có
NV20261517,30,Nữ,Đã kết hôn,Cần Thơ,Hợp đồng xác định thời hạn,Đại học,Công nghệ thông tin,Công nghệ thông tin,Trưởng nhóm kỹ thuật,2,Thường xuyên,Không,22400000,7,5,4,5,3,3,3,3,3,3,12,3,2,1,2,Không
NV20261518,22,Nữ,Đã kết hôn,Đà Nẵng,Toàn thời gian,Đại học,Kinh tế,Nhân sự,Chuyên viên nhân sự,2,Không công tác,Không,18000000,9,5,4,4,2,4,4,3,4,1,2,2,1,1,1,Không
NV20261519,31,Nam,Đã kết hôn,Đà Nẵng,Toàn thời gian,Đại học,Tài chính,Nhân sự,Trưởng nhóm nhân sự,2,Không công tác,Có,17600000,9,14,4,1,3,2,3,3,5,0,6,2,1,1,2,Có
NV20261520,26,Nữ,Đã kết hôn,Hải Phòng,Toàn thời gian,Tiến sĩ,Công nghệ thông tin,Nhân sự,Trưởng nhóm nhân sự,1,Không công tác,Không,11900000,9,13,1,2,2,4,3,4,2,2,0,0,0,0,0,Có
NV20261521,26,Nữ,Độc thân,TP. Hồ Chí Minh,Hợp đồng xác định thời hạn,Đại học,Kỹ thuật,Kinh doanh,Nhân viên kinh doanh,1,Ít,Có,12300000,10,6,3,3,3,3,3,3,3,3,1,1,1,0,1,Có
NV20261522,29,Nam,Đã kết hôn,TP. Hồ Chí Minh,Toàn thời gian,Đại học,Kỹ thuật,Công nghệ thông tin,Lập trình viên,2,Ít,Không,14200000,7,13,2,3,4,3,2,4,3,4,3,2,1,1,1,Không
NV20261523,35,Nữ,Độc thân,Hà Nội,Toàn thời gian,Đại học,Nhân sự,Tài chính - Kế toán,Chuyên viên tài chính,2,Ít,Không,17900000,7,18,5,4,4,4,4,2,5,2,5,2,1,2,1,Không
NV20261524,34,Nam,Đã kết hôn,Đà Nẵng,Toàn thời gian,Thạc sĩ,Công nghệ thông tin,Công nghệ thông tin,Kỹ sư dữ liệu,3,Ít,Không,23100000,7,22,4,4,3,3,4,3,2,4,12,5,2,4,3,Không
NV20261525,27,Nữ,Đã kết hôn,TP. Hồ Chí Minh,Toàn thời gian,Thạc sĩ,Công nghệ thông tin,Nghiên cứu và Phát triển,Trưởng nhóm R&D,2,Thường xuyên,Không,19600000,11,16,4,4,4,3,3,1,2,0,7,3,3,1,1,Không
NV20261526,29,Nữ,Độc thân,Hà Nội,Hợp đồng xác định thời hạn,Đại học,Kỹ thuật,Nhân sự,Trưởng nhóm nhân sự,4,Không công tác,Không,26700000,3,6,3,3,1,3,1,5,4,1,8,8,3,4,6,Có
NV20261527,20,Nam,Độc thân,Cần Thơ,Toàn thời gian,Thạc sĩ,Khác,Nhân sự,Chuyên viên tuyển dụng,1,Ít,Không,10600000,9,5,3,4,1,1,4,3,2,0,0,0,0,0,0,Không
NV20261528,26,Nam,Độc thân,Đà Nẵng,Toàn thời gian,Đại học,Kỹ thuật,Công nghệ thông tin,Trưởng nhóm kỹ thuật,2,Không công tác,Không,17800000,9,4,3,1,3,1,4,3,4,1,4,3,2,2,2,Không
NV20261529,27,Nam,Đã kết hôn,Đà Nẵng,Toàn thời gian,THPT,Công nghệ thông tin,Chăm sóc khách hàng,Trưởng nhóm chăm sóc khách hàng,2,Không công tác,Không,20700000,8,5,4,2,3,5,4,3,4,0,7,3,2,1,2,Không
NV20261530,21,Nam,Đã kết hôn,Hà Nội,Thử việc,Thạc sĩ,Công nghệ thông tin,Kinh doanh,Nhân viên kinh doanh,1,Không công tác,Không,12000000,10,2,3,3,4,4,3,2,4,1,3,1,1,1,1,Không
NV20261531,35,Nữ,Độc thân,Bình Dương,Toàn thời gian,Thạc sĩ,Công nghệ thông tin,Kinh doanh,Trưởng nhóm kinh doanh,2,Ít,Không,23600000,11,13,3,2,3,1,4,4,4,3,17,2,1,1,1,Không
NV20261532,36,Nam,Độc thân,Hải Phòng,Hợp đồng xác định thời hạn,Thạc sĩ,Tài chính,Marketing,Trưởng nhóm marketing,3,Ít,Không,24600000,17,9,2,5,2,4,2,4,6,3,16,4,3,2,2,Không
NV20261533,31,Nữ,Đã kết hôn,Hà Nội,Toàn thời gian,Đại học,Công nghệ thông tin,Chăm sóc khách hàng,Trưởng nhóm chăm sóc khách hàng,2,Không công tác,Không,23300000,12,3,4,3,2,5,5,3,3,2,9,2,1,0,1,Không
NV20261534,34,Nữ,Đã kết hôn,TP. Hồ Chí Minh,Toàn thời gian,THPT,Tài chính,Marketing,Chuyên viên marketing,3,Ít,Không,22300000,13,12,3,4,2,2,4,3,7,3,8,4,2,3,2,Không
NV20261535,32,Nam,Độc thân,TP. Hồ Chí Minh,Toàn thời gian,Đại học,Công nghệ thông tin,Công nghệ thông tin,Kỹ sư dữ liệu,2,Không công tác,Không,21000000,9,1,4,3,1,3,3,4,4,3,8,2,1,1,1,Có
NV20261536,45,Nữ,Đã kết hôn,TP. Hồ Chí Minh,Toàn thời gian,Đại học,Kinh tế,Công nghệ thông tin,Trưởng nhóm kỹ thuật,2,Không công tác,Không,29300000,8,17,4,3,3,3,2,2,1,2,26,2,1,1,2,Không
NV20261537,32,Nữ,Độc thân,Hà Nội,Toàn thời gian,Đại học,Kỹ thuật,Công nghệ thông tin,Kỹ sư dữ liệu,2,Ít,Không,20600000,9,13,2,3,3,3,2,4,4,2,9,3,2,1,2,Không
NV20261538,27,Nam,Độc thân,TP. Hồ Chí Minh,Toàn thời gian,Thạc sĩ,Tài chính,Vận hành,Trưởng nhóm vận hành,1,Ít,Không,12700000,10,11,4,3,5,2,4,3,3,0,0,0,0,0,0,Không
NV20261539,36,Nam,Độc thân,Hà Nội,Toàn thời gian,Cao đẳng,Kỹ thuật,Nghiên cứu và Phát triển,Trưởng nhóm R&D,3,Không công tác,Không,25000000,14,9,2,4,4,1,3,1,3,1,8,5,4,3,3,Không
NV20261540,36,Nam,Đã kết hôn,TP. Hồ Chí Minh,Toàn thời gian,Đại học,Khác,Nhân sự,Trưởng nhóm nhân sự,1,Ít,Có,22700000,9,10,3,4,1,4,5,3,1,4,17,1,1,0,1,Có
NV20261541,33,Nam,Độc thân,TP. Hồ Chí Minh,Toàn thời gian,Cao đẳng,Công nghệ thông tin,Kinh doanh,Nhân viên kinh doanh,3,Ít,Không,21200000,9,17,3,3,4,5,4,4,2,1,6,6,2,2,5,Không
NV20261542,38,Nữ,Đã kết hôn,Hà Nội,Thử việc,Đại học,Nhân sự,Công nghệ thông tin,Trưởng nhóm kỹ thuật,3,Không công tác,Không,25900000,10,18,4,5,3,2,4,3,5,1,12,6,4,3,4,Không
NV20261543,34,Nam,Độc thân,Bình Dương,Toàn thời gian,Đại học,Công nghệ thông tin,Nhân sự,Trưởng nhóm nhân sự,2,Không công tác,Có,18100000,4,10,2,4,4,5,2,1,4,2,3,3,2,1,1,Không
NV20261544,32,Nam,Độc thân,Hà Nội,Toàn thời gian,Thạc sĩ,Marketing,Công nghệ thông tin,Trưởng nhóm kỹ thuật,4,Không công tác,Không,26900000,12,8,3,4,5,4,4,4,4,2,8,8,5,4,5,Không
NV20261545,35,Nam,Đã kết hôn,TP. Hồ Chí Minh,Hợp đồng xác định thời hạn,Đại học,Công nghệ thông tin,Nhân sự,Trưởng nhóm nhân sự,3,Không công tác,Không,20200000,9,4,2,3,3,5,4,5,1,2,9,5,3,2,2,Có
NV20261546,44,Nữ,Đã kết hôn,Hải Phòng,Thử việc,Thạc sĩ,Công nghệ thông tin,Marketing,Trưởng nhóm marketing,4,Ít,Không,34800000,9,11,4,3,3,4,4,2,3,2,26,8,5,2,7,Không
NV20261547,27,Nam,Đã kết hôn,Hà Nội,Toàn thời gian,Đại học,Nhân sự,Nghiên cứu và Phát triển,Kỹ sư R&D,1,Ít,Không,15000000,5,12,4,2,4,3,3,5,4,4,0,0,0,0,0,Có
NV20261548,34,Nữ,Độc thân,TP. Hồ Chí Minh,Hợp đồng xác định thời hạn,Thạc sĩ,Kinh tế,Chăm sóc khách hàng,Nhân viên chăm sóc khách hàng,2,Ít,Không,22900000,10,3,5,4,3,3,4,3,3,0,16,2,1,1,2,Không
NV20261549,23,Nữ,Độc thân,Hải Phòng,Hợp đồng xác định thời hạn,THPT,Công nghệ thông tin,Vận hành,Trưởng nhóm vận hành,1,Không công tác,Không,11700000,4,5,2,3,3,1,2,4,3,3,0,0,0,0,0,Có
NV20261550,27,Nữ,Độc thân,Đà Nẵng,Toàn thời gian,Đại học,Công nghệ thông tin,Marketing,Chuyên viên marketing,1,Không công tác,Không,10900000,8,9,1,3,3,4,3,4,4,2,0,0,0,0,0,Có
NV20261551,28,Nam,Độc thân,TP. Hồ Chí Minh,Toàn thời gian,Cao đẳng,Kinh tế,Tài chính - Kế toán,Kế toán viên,2,Ít,Không,19700000,12,11,1,3,5,5,2,2,3,2,3,3,1,2,1,Có
NV20261552,30,Nam,Độc thân,Hà Nội,Toàn thời gian,Đại học,Marketing,Vận hành,Điều phối viên,3,Ít,Không,20600000,12,12,2,2,3,3,3,2,3,3,4,4,2,2,2,Có
NV20261553,32,Nam,Đã kết hôn,Hà Nội,Toàn thời gian,Tiến sĩ,Tài chính,Kinh doanh,Quản lý kinh doanh,2,Ít,Có,22400000,14,4,3,4,5,3,3,3,5,5,12,3,2,2,1,Không
NV20261554,36,Nữ,Độc thân,TP. Hồ Chí Minh,Toàn thời gian,Thạc sĩ,Tài chính,Công nghệ thông tin,Trưởng nhóm kỹ thuật,3,Không công tác,Có,24300000,6,23,4,3,1,3,2,5,6,4,9,5,3,2,3,Không
NV20261555,26,Nam,Độc thân,TP. Hồ Chí Minh,Toàn thời gian,Đại học,Tài chính,Công nghệ thông tin,Trưởng nhóm kỹ thuật,3,Ít,Không,23600000,10,9,4,2,5,5,4,3,4,2,8,6,2,1,5,Không
NV20261556,30,Nữ,Độc thân,Đà Nẵng,Toàn thời gian,Đại học,Công nghệ thông tin,Công nghệ thông tin,Kỹ sư dữ liệu,3,Không công tác,Không,22000000,9,3,1,5,3,4,5,3,2,1,10,4,2,2,3,Có
NV20261557,35,Nữ,Đã kết hôn,Hà Nội,Toàn thời gian,Đại học,Công nghệ thông tin,Chăm sóc khách hàng,Trưởng nhóm chăm sóc khách hàng,4,Ít,Có,28500000,7,7,2,2,3,4,4,3,5,3,12,9,5,3,7,Không
NV20261558,42,Nam,Đã kết hôn,Hà Nội,Thử việc,Cao đẳng,Kỹ thuật,Marketing,Chuyên viên marketing,3,Không công tác,Không,23100000,8,4,2,4,3,3,4,4,3,1,11,5,3,1,4,Có
NV20261559,20,Nữ,Độc thân,TP. Hồ Chí Minh,Hợp đồng xác định thời hạn,Cao đẳng,Kỹ thuật,Công nghệ thông tin,Kỹ sư kiểm thử,1,Ít,Không,13900000,7,1,1,3,3,4,3,4,3,0,2,0,0,0,0,Không
NV20261560,31,Nữ,Độc thân,Hà Nội,Toàn thời gian,Cao đẳng,Công nghệ thông tin,Kinh doanh,Trưởng nhóm kinh doanh,2,Ít,Không,17800000,5,14,3,3,5,3,1,4,3,1,5,2,1,0,1,Không
NV20261561,24,Nam,Độc thân,TP. Hồ Chí Minh,Hợp đồng xác định thời hạn,Đại học,Tài chính,Công nghệ thông tin,Lập trình viên,1,Không công tác,Không,14100000,11,8,4,4,4,4,3,4,2,2,0,0,0,0,0,Không
NV20261562,30,Nam,Độc thân,Bình Dương,Toàn thời gian,Đại học,Kỹ thuật,Kinh doanh,Quản lý kinh doanh,3,Thường xuyên,Không,20800000,5,6,4,4,4,5,3,3,2,2,5,5,2,3,4,Không
NV20261563,35,Nữ,Độc thân,TP. Hồ Chí Minh,Toàn thời gian,Thạc sĩ,Nhân sự,Nhân sự,Chuyên viên nhân sự,2,Ít,Không,22800000,10,4,3,4,3,5,3,2,4,3,17,2,1,1,1,Không
NV20261564,36,Nam,Độc thân,Bình Dương,Hợp đồng xác định thời hạn,Đại học,Công nghệ thông tin,Vận hành,Điều phối viên,2,Thường xuyên,Có,21500000,7,12,3,5,3,3,4,3,4,4,15,2,1,2,1,Không
NV20261565,36,Nữ,Độc thân,Hà Nội,Hợp đồng xác định thời hạn,Đại học,Công nghệ thông tin,Công nghệ thông tin,Lập trình viên,3,Không công tác,Không,23500000,11,8,3,1,5,4,2,3,3,1,10,7,3,5,4,Không
NV20261566,33,Nữ,Độc thân,Hà Nội,Toàn thời gian,Đại học,Công nghệ thông tin,Vận hành,Nhân viên vận hành,4,Thường xuyên,Không,33500000,12,11,3,4,5,3,3,4,3,2,14,8,7,4,6,Không
NV20261567,22,Nam,Độc thân,TP. Hồ Chí Minh,Toàn thời gian,Đại học,Khác,Nhân sự,Chuyên viên tuyển dụng,1,Ít,Không,12800000,10,4,4,5,4,3,5,4,2,1,0,0,0,0,0,Có
NV20261568,42,Nữ,Độc thân,TP. Hồ Chí Minh,Toàn thời gian,Đại học,Kinh tế,Vận hành,Nhân viên vận hành,3,Không công tác,Không,24400000,10,13,2,2,2,3,5,4,4,5,15,5,4,3,3,Không
NV20261569,25,Nam,Ly hôn,Cần Thơ,Toàn thời gian,Đại học,Kỹ thuật,Nghiên cứu và Phát triển,Chuyên viên R&D,1,Ít,Có,11700000,9,5,4,5,5,3,3,3,1,7,0,0,0,0,0,Không
NV20261570,30,Nữ,Đã kết hôn,TP. Hồ Chí Minh,Hợp đồng xác định thời hạn,Đại học,Kinh tế,Công nghệ thông tin,Kỹ sư kiểm thử,3,Ít,Không,23700000,5,14,4,5,1,4,4,4,1,1,6,6,5,4,3,Có
NV20261571,29,Nam,Ly hôn,TP. Hồ Chí Minh,Hợp đồng xác định thời hạn,Cao đẳng,Kỹ thuật,Nhân sự,Trưởng nhóm nhân sự,2,Không công tác,Không,16800000,11,14,5,2,3,4,3,4,1,0,6,2,2,1,2,Không
NV20261572,33,Nam,Đã kết hôn,Đà Nẵng,Hợp đồng xác định thời hạn,Thạc sĩ,Công nghệ thông tin,Marketing,Trưởng nhóm marketing,3,Ít,Không,24500000,15,2,3,4,4,4,5,3,4,1,12,4,2,2,2,Không
NV20261573,43,Nữ,Độc thân,TP. Hồ Chí Minh,Toàn thời gian,Cao đẳng,Marketing,Tài chính - Kế toán,Kế toán viên,3,Không công tác,Có,30100000,10,7,4,4,2,3,3,3,4,2,25,7,6,5,6,Có
NV20261574,23,Nam,Đã kết hôn,TP. Hồ Chí Minh,Toàn thời gian,Đại học,Nhân sự,Chăm sóc khách hàng,Trưởng nhóm chăm sóc khách hàng,2,Ít,Có,17600000,11,6,2,4,2,3,3,3,4,4,5,3,2,1,1,Không
NV20261575,32,Nam,Độc thân,Hải Phòng,Toàn thời gian,Thạc sĩ,Kỹ thuật,Tài chính - Kế toán,Trưởng nhóm tài chính,3,Ít,Không,24700000,12,11,2,1,5,4,3,3,2,2,12,7,6,5,3,Có
NV20261576,20,Nữ,Độc thân,TP. Hồ Chí Minh,Toàn thời gian,Đại học,Tài chính,Công nghệ thông tin,Kỹ sư kiểm thử,1,Ít,Không,13500000,5,8,4,3,5,5,5,4,0,2,0,0,0,0,0,Có
NV20261577,25,Nữ,Đã kết hôn,Hà Nội,Toàn thời gian,Đại học,Công nghệ thông tin,Kinh doanh,Quản lý kinh doanh,1,Không công tác,Có,12200000,6,3,3,3,3,5,3,4,2,4,0,0,0,0,0,Có
NV20261578,29,Nam,Độc thân,TP. Hồ Chí Minh,Hợp đồng xác định thời hạn,Đại học,Kỹ thuật,Vận hành,Nhân viên vận hành,3,Ít,Không,21500000,6,4,3,5,1,4,3,3,2,1,6,5,4,3,2,Không
NV20261579,27,Nữ,Đã kết hôn,TP. Hồ Chí Minh,Toàn thời gian,Cao đẳng,Kinh tế,Công nghệ thông tin,Kỹ sư kiểm thử,2,Không công tác,Không,20400000,4,5,1,3,4,4,4,2,4,1,6,3,3,2,2,Không
NV20261580,29,Nữ,Độc thân,Đà Nẵng,Toàn thời gian,Tiến sĩ,Khác,Tài chính - Kế toán,Kế toán viên,1,Ít,Có,14200000,12,5,3,4,3,2,4,4,4,0,4,1,1,0,1,Có
NV20261581,26,Nam,Đã kết hôn,Đà Nẵng,Toàn thời gian,Thạc sĩ,Công nghệ thông tin,Nhân sự,Trưởng nhóm nhân sự,1,Ít,Không,11900000,8,3,5,4,3,5,4,5,5,3,0,0,0,0,0,Không
NV20261582,28,Nam,Độc thân,TP. Hồ Chí Minh,Toàn thời gian,Đại học,Kinh tế,Vận hành,Nhân viên vận hành,3,Ít,Không,20400000,15,2,1,4,4,5,4,5,3,1,4,4,2,1,2,Không
NV20261583,30,Nữ,Độc thân,Cần Thơ,Thử việc,Đại học,Khác,Công nghệ thông tin,Trưởng nhóm kỹ thuật,2,Ít,Có,19300000,13,7,1,4,1,2,3,4,5,0,12,3,2,2,2,Có
NV20261584,21,Nam,Độc thân,TP. Hồ Chí Minh,Toàn thời gian,THPT,Công nghệ thông tin,Marketing,Chuyên viên nội dung,1,Thường xuyên,Không,14200000,7,2,3,3,2,5,4,3,2,2,0,0,0,0,0,Không
NV20261585,32,Nam,Độc thân,Hà Nội,Toàn thời gian,THPT,Tài chính,Vận hành,Nhân viên vận hành,3,Ít,Không,27500000,12,5,3,4,3,2,3,3,4,1,14,4,2,2,3,Không
NV20261586,22,Nam,Đã kết hôn,Cần Thơ,Toàn thời gian,Đại học,Nhân sự,Marketing,Trưởng nhóm marketing,2,Không công tác,Không,16900000,15,17,4,5,2,1,3,2,3,8,2,2,1,1,2,Có
NV20261587,27,Nữ,Độc thân,Hà Nội,Toàn thời gian,Cao đẳng,Công nghệ thông tin,Kinh doanh,Trưởng nhóm kinh doanh,1,Ít,Không,12200000,5,17,3,3,4,3,3,4,3,1,1,1,0,0,1,Không
NV20261588,26,Nữ,Độc thân,TP. Hồ Chí Minh,Toàn thời gian,Đại học,Công nghệ thông tin,Công nghệ thông tin,Lập trình viên,2,Ít,Có,16700000,9,17,5,3,5,4,5,3,2,2,5,3,2,1,2,Có
NV20261589,39,Nữ,Đã kết hôn,Hà Nội,Toàn thời gian,Đại học,Khác,Công nghệ thông tin,Kỹ sư kiểm thử,3,Không công tác,Không,29500000,5,5,3,2,3,5,3,3,5,1,19,7,3,4,5,Không
NV20261590,41,Nam,Độc thân,TP. Hồ Chí Minh,Toàn thời gian,Đại học,Công nghệ thông tin,Công nghệ thông tin,Trưởng nhóm kỹ thuật,1,Ít,Có,17400000,10,8,3,4,3,4,4,2,3,3,12,1,1,1,0,Có
NV20261591,35,Nam,Đã kết hôn,Bình Dương,Toàn thời gian,Thạc sĩ,Công nghệ thông tin,Chăm sóc khách hàng,Trưởng nhóm chăm sóc khách hàng,4,Không công tác,Không,28200000,8,9,2,2,5,3,3,3,4,2,11,11,9,8,4,Không
NV20261592,40,Nam,Độc thân,Hà Nội,Toàn thời gian,Cao đẳng,Công nghệ thông tin,Kinh doanh,Nhân viên kinh doanh,2,Ít,Không,25700000,7,15,4,4,3,5,3,3,2,4,18,3,2,2,1,Không
NV20261593,26,Nam,Đã kết hôn,TP. Hồ Chí Minh,Toàn thời gian,Đại học,Khác,Marketing,Chuyên viên nội dung,2,Không công tác,Có,14200000,8,7,2,3,4,4,5,2,3,2,2,2,1,1,1,Không
NV20261594,43,Nam,Đã kết hôn,Hà Nội,Thử việc,Đại học,Công nghệ thông tin,Tài chính - Kế toán,Kế toán viên,3,Không công tác,Không,30500000,12,7,4,5,5,3,3,5,2,2,22,5,3,1,2,Không
NV20261595,33,Nữ,Độc thân,Hà Nội,Toàn thời gian,Đại học,Công nghệ thông tin,Marketing,Trưởng nhóm marketing,2,Không công tác,Không,16700000,7,4,5,4,4,4,4,2,4,1,5,2,1,1,1,Không
NV20261596,32,Nam,Độc thân,TP. Hồ Chí Minh,Toàn thời gian,Đại học,Công nghệ thông tin,Vận hành,Trưởng nhóm vận hành,3,Không công tác,Không,26500000,3,17,3,4,3,4,2,5,2,3,14,7,4,2,5,Không
NV20261597,33,Nữ,Đã kết hôn,Hà Nội,Hợp đồng xác định thời hạn,Thạc sĩ,Khác,Nhân sự,Trưởng nhóm nhân sự,1,Không công tác,Không,12800000,10,7,3,2,5,2,5,2,5,0,1,1,0,0,1,Không
NV20261598,32,Nam,Độc thân,Đà Nẵng,Toàn thời gian,Cao đẳng,Công nghệ thông tin,Nhân sự,Chuyên viên nhân sự,3,Thường xuyên,Có,24300000,9,4,4,3,1,3,3,2,4,2,11,6,2,2,2,Không
NV20261599,40,Nam,Độc thân,Bình Dương,Hợp đồng xác định thời hạn,Đại học,Kỹ thuật,Chăm sóc khách hàng,Trưởng nhóm chăm sóc khách hàng,4,Không công tác,Không,28400000,7,10,4,1,3,4,4,2,4,3,16,12,7,8,7,Không
NV20261600,24,Nam,Độc thân,Hà Nội,Toàn thời gian,Cao đẳng,Khác,Tài chính - Kế toán,Kế toán viên,2,Thường xuyên,Không,18200000,6,10,4,5,5,5,5,3,5,2,6,2,1,1,1,Không
NV20261601,30,Nam,Đã kết hôn,TP. Hồ Chí Minh,Toàn thời gian,Thạc sĩ,Công nghệ thông tin,Kinh doanh,Nhân viên kinh doanh,1,Không công tác,Có,18600000,7,12,3,4,4,4,4,2,3,1,12,1,1,0,1,Không
NV20261602,34,Nữ,Độc thân,TP. Hồ Chí Minh,Thử việc,Cao đẳng,Tài chính,Công nghệ thông tin,Lập trình viên,3,Không công tác,Không,20400000,9,6,2,5,3,3,1,3,1,4,4,4,2,1,3,Không
NV20261603,27,Nữ,Đã kết hôn,Cần Thơ,Toàn thời gian,Thạc sĩ,Công nghệ thông tin,Công nghệ thông tin,Kỹ sư dữ liệu,3,Ít,Không,24900000,14,15,4,4,2,3,2,4,5,2,7,4,3,2,3,Không
NV20261604,27,Nam,Ly hôn,Hải Phòng,Toàn thời gian,Đại học,Kinh tế,Kinh doanh,Quản lý kinh doanh,2,Không công tác,Có,19200000,4,25,2,4,4,1,4,4,3,2,7,3,2,2,2,Có
NV20261605,36,Nam,Độc thân,Hà Nội,Toàn thời gian,Thạc sĩ,Công nghệ thông tin,Công nghệ thông tin,Kỹ sư dữ liệu,4,Không công tác,Không,30900000,12,14,4,4,3,4,4,3,4,1,15,8,5,2,6,Không
NV20261606,30,Nữ,Ly hôn,TP. Hồ Chí Minh,Toàn thời gian,Đại học,Kỹ thuật,Kinh doanh,Nhân viên kinh doanh,2,Thường xuyên,Không,17400000,8,5,4,4,5,1,3,3,4,2,4,3,2,1,3,Không
NV20261607,36,Nữ,Độc thân,Bình Dương,Thử việc,Đại học,Công nghệ thông tin,Vận hành,Nhân viên vận hành,3,Ít,Có,24700000,10,4,3,3,4,5,4,4,2,1,10,6,3,3,3,Không
NV20261608,37,Nam,Độc thân,Hải Phòng,Toàn thời gian,Cao đẳng,Marketing,Marketing,Trưởng nhóm marketing,4,Ít,Không,30800000,10,9,3,3,3,4,3,3,2,1,16,8,4,3,5,Không
NV20261609,30,Nam,Đã kết hôn,TP. Hồ Chí Minh,Toàn thời gian,THPT,Công nghệ thông tin,Marketing,Chuyên viên nội dung,4,Ít,Có,24000000,13,20,1,3,1,2,3,4,4,3,8,8,4,6,6,Có
NV20261610,23,Nữ,Đã kết hôn,TP. Hồ Chí Minh,Toàn thời gian,Đại học,Công nghệ thông tin,Công nghệ thông tin,Kỹ sư dữ liệu,1,Không công tác,Có,12300000,10,5,5,2,1,3,4,5,2,2,0,0,0,0,0,Có
NV20261611,34,Nam,Độc thân,Bình Dương,Toàn thời gian,Thạc sĩ,Kỹ thuật,Công nghệ thông tin,Trưởng nhóm kỹ thuật,3,Ít,Không,26700000,10,14,1,3,4,5,3,1,5,2,15,4,2,1,3,Không
NV20261612,46,Nam,Độc thân,TP. Hồ Chí Minh,Hợp đồng xác định thời hạn,Đại học,Kỹ thuật,Kinh doanh,Nhân viên kinh doanh,4,Không công tác,Không,32400000,7,2,4,3,4,3,1,4,2,5,20,8,5,2,6,Không
NV20261613,20,Nữ,Đã kết hôn,TP. Hồ Chí Minh,Thử việc,Đại học,Kỹ thuật,Công nghệ thông tin,Kỹ sư kiểm thử,1,Không công tác,Không,13800000,6,15,3,4,2,5,5,2,1,1,2,0,0,0,0,Không
NV20261614,26,Nam,Đã kết hôn,TP. Hồ Chí Minh,Toàn thời gian,Đại học,Marketing,Vận hành,Điều phối viên,1,Không công tác,Không,12200000,6,8,2,3,2,5,4,4,4,1,0,0,0,0,0,Có
NV20261615,29,Nữ,Độc thân,TP. Hồ Chí Minh,Thử việc,Đại học,Kinh tế,Kinh doanh,Quản lý kinh doanh,1,Không công tác,Không,15800000,10,9,2,4,5,4,3,4,6,1,9,1,1,0,1,Không
NV20261616,31,Nữ,Độc thân,TP. Hồ Chí Minh,Toàn thời gian,Cao đẳng,Marketing,Nghiên cứu và Phát triển,Chuyên viên R&D,3,Không công tác,Không,24200000,10,17,4,4,4,1,5,2,3,4,7,4,2,2,1,Có
NV20261617,26,Nam,Độc thân,Đà Nẵng,Toàn thời gian,Đại học,Tài chính,Nhân sự,Chuyên viên nhân sự,1,Không công tác,Không,10700000,12,7,3,3,4,4,4,3,3,3,1,1,1,0,1,Không
NV20261618,37,Nữ,Độc thân,TP. Hồ Chí Minh,Hợp đồng xác định thời hạn,Cao đẳng,Kinh tế,Kinh doanh,Nhân viên kinh doanh,3,Ít,Có,27700000,12,3,2,4,3,5,2,1,3,2,19,5,3,2,2,Không
NV20261619,30,Nam,Độc thân,TP. Hồ Chí Minh,Hợp đồng xác định thời hạn,Đại học,Nhân sự,Vận hành,Điều phối viên,3,Không công tác,Không,22500000,6,10,3,2,4,4,2,4,1,1,7,4,3,3,1,Không
NV20261620,34,Nam,Đã kết hôn,Cần Thơ,Toàn thời gian,Cao đẳng,Công nghệ thông tin,Vận hành,Điều phối viên,3,Ít,Không,23300000,12,9,2,5,3,4,2,4,4,0,10,4,2,2,2,Không
NV20261621,37,Nữ,Đã kết hôn,Bình Dương,Thử việc,Thạc sĩ,Kinh tế,Tài chính - Kế toán,Chuyên viên tài chính,4,Không công tác,Không,26000000,5,5,2,1,3,2,3,3,2,1,13,8,4,2,6,Không
NV20261622,42,Nam,Độc thân,Hà Nội,Thử việc,Thạc sĩ,Kinh tế,Công nghệ thông tin,Trưởng nhóm kỹ thuật,4,Thường xuyên,Không,31100000,11,21,5,4,4,4,4,3,4,1,17,8,6,2,4,Không
NV20261623,30,Nam,Độc thân,TP. Hồ Chí Minh,Toàn thời gian,Thạc sĩ,Kỹ thuật,Công nghệ thông tin,Trưởng nhóm kỹ thuật,2,Thường xuyên,Có,20500000,10,6,3,2,2,5,2,3,2,1,8,3,2,2,2,Không
NV20261624,34,Nữ,Ly hôn,Hải Phòng,Toàn thời gian,Đại học,Công nghệ thông tin,Công nghệ thông tin,Trưởng nhóm kỹ thuật,2,Ít,Không,22200000,11,6,2,5,3,3,2,3,4,2,11,3,1,2,1,Không
NV20261625,37,Nữ,Đã kết hôn,Hà Nội,Thử việc,Thạc sĩ,Khác,Kinh doanh,Trưởng nhóm kinh doanh,2,Ít,Có,20400000,5,7,3,2,2,3,3,5,4,4,9,2,1,0,2,Có
NV20261626,28,Nam,Độc thân,Cần Thơ,Thử việc,Cao đẳng,Tài chính,Marketing,Chuyên viên nội dung,3,Không công tác,Không,26200000,11,15,3,3,3,5,4,2,4,0,10,6,4,3,4,Không
NV20261627,35,Nữ,Độc thân,TP. Hồ Chí Minh,Toàn thời gian,Thạc sĩ,Công nghệ thông tin,Tài chính - Kế toán,Chuyên viên tài chính,3,Ít,Không,25800000,6,4,4,5,4,2,3,2,3,2,14,6,4,2,4,Không
NV20261628,31,Nữ,Đã kết hôn,Bình Dương,Toàn thời gian,Đại học,Công nghệ thông tin,Vận hành,Nhân viên vận hành,1,Ít,Không,12500000,11,5,4,3,4,4,4,5,4,1,0,0,0,0,0,Không
NV20261629,27,Nữ,Độc thân,Hải Phòng,Toàn thời gian,Cao đẳng,Khác,Tài chính - Kế toán,Chuyên viên tài chính,2,Không công tác,Không,13800000,9,2,3,4,4,3,3,4,4,3,3,3,2,2,1,Không
NV20261630,27,Nam,Đã kết hôn,Hà Nội,Toàn thời gian,Thạc sĩ,Khác,Chăm sóc khách hàng,Trưởng nhóm chăm sóc khách hàng,3,Ít,Không,19000000,7,8,3,4,2,4,3,3,2,1,5,5,2,4,4,Không
NV20261631,29,Nữ,Độc thân,Hải Phòng,Toàn thời gian,Thạc sĩ,Marketing,Chăm sóc khách hàng,Trưởng nhóm chăm sóc khách hàng,2,Không công tác,Không,18500000,13,2,2,3,3,4,5,4,2,2,8,3,2,2,1,Không
NV20261632,29,Nữ,Đã kết hôn,Hà Nội,Toàn thời gian,Cao đẳng,Công nghệ thông tin,Tài chính - Kế toán,Kế toán viên,2,Không công tác,Có,18600000,7,8,4,3,4,4,3,4,4,2,8,3,2,2,2,Có
NV20261633,44,Nam,Độc thân,Cần Thơ,Toàn thời gian,Thạc sĩ,Kỹ thuật,Kinh doanh,Nhân viên kinh doanh,3,Ít,Không,30300000,4,5,2,1,3,2,4,3,0,2,26,6,3,4,3,Không
NV20261634,31,Nam,Ly hôn,TP. Hồ Chí Minh,Hợp đồng xác định thời hạn,Đại học,Công nghệ thông tin,Kinh doanh,Trưởng nhóm kinh doanh,1,Không công tác,Không,11800000,11,5,3,5,3,2,4,3,3,1,0,0,0,0,0,Không
NV20261635,37,Nữ,Độc thân,TP. Hồ Chí Minh,Toàn thời gian,Đại học,Công nghệ thông tin,Nghiên cứu và Phát triển,Trưởng nhóm R&D,3,Ít,Có,24000000,5,12,4,4,4,4,3,4,3,1,10,5,2,3,3,Không
NV20261636,20,Nam,Đã kết hôn,Hà Nội,Hợp đồng xác định thời hạn,Đại học,Nhân sự,Kinh doanh,Trưởng nhóm kinh doanh,1,Ít,Không,12900000,7,6,2,3,4,4,3,2,4,2,0,0,0,0,0,Không
NV20261637,22,Nam,Ly hôn,TP. Hồ Chí Minh,Toàn thời gian,Đại học,Kinh tế,Nhân sự,Chuyên viên nhân sự,1,Không công tác,Không,11000000,8,7,3,2,3,4,3,3,2,3,0,0,0,0,0,Có
NV20261638,22,Nữ,Đã kết hôn,Bình Dương,Thử việc,Đại học,Kỹ thuật,Nhân sự,Trưởng nhóm nhân sự,2,Không công tác,Không,18900000,12,3,4,5,3,1,2,3,4,1,2,2,1,1,1,Không
NV20261639,42,Nữ,Độc thân,TP. Hồ Chí Minh,Hợp đồng xác định thời hạn,Đại học,Công nghệ thông tin,Vận hành,Điều phối viên,3,Không công tác,Không,28500000,12,9,2,3,4,2,4,2,4,2,20,4,3,2,3,Không
NV20261640,21,Nữ,Độc thân,TP. Hồ Chí Minh,Toàn thời gian,Thạc sĩ,Kỹ thuật,Vận hành,Trưởng nhóm vận hành,1,Không công tác,Có,14900000,11,19,4,3,5,2,4,3,2,1,1,1,1,1,1,Có
NV20261641,32,Nữ,Đã kết hôn,Hải Phòng,Toàn thời gian,Đại học,Marketing,Marketing,Trưởng nhóm marketing,1,Ít,Có,15400000,13,8,3,3,4,3,4,2,7,4,9,0,0,0,0,Không
NV20261642,23,Nữ,Đã kết hôn,Hà Nội,Toàn thời gian,THPT,Kỹ thuật,Công nghệ thông tin,Trưởng nhóm kỹ thuật,1,Không công tác,Có,15000000,5,1,4,3,1,3,4,3,3,1,0,0,0,0,0,Không
NV20261643,35,Nữ,Độc thân,Hà Nội,Toàn thời gian,Đại học,Công nghệ thông tin,Kinh doanh,Nhân viên kinh doanh,2,Không công tác,Không,24100000,3,6,3,4,3,2,3,3,2,1,17,3,2,2,2,Không
NV20261644,24,Nữ,Độc thân,Đà Nẵng,Toàn thời gian,Đại học,Tài chính,Công nghệ thông tin,Lập trình viên,2,Không công tác,Không,16300000,12,32,5,3,2,4,2,4,3,1,3,3,2,1,2,Có
NV20261645,25,Nữ,Đã kết hôn,Hải Phòng,Hợp đồng xác định thời hạn,Đại học,Kinh tế,Nghiên cứu và Phát triển,Chuyên viên R&D,1,Không công tác,Có,11800000,15,3,2,3,5,4,3,3,2,1,0,0,0,0,0,Không
NV20261646,22,Nữ,Độc thân,Hà Nội,Toàn thời gian,Thạc sĩ,Kinh tế,Công nghệ thông tin,Kỹ sư dữ liệu,1,Ít,Không,12400000,5,6,4,4,1,5,4,3,4,1,0,0,0,0,0,Không
NV20261647,32,Nữ,Đã kết hôn,Hải Phòng,Toàn thời gian,Đại học,Công nghệ thông tin,Kinh doanh,Quản lý kinh doanh,2,Không công tác,Không,22900000,7,6,2,1,3,2,4,3,2,0,14,2,1,1,1,Có
NV20261648,26,Nữ,Độc thân,Hà Nội,Toàn thời gian,Thạc sĩ,Kỹ thuật,Chăm sóc khách hàng,Nhân viên chăm sóc khách hàng,3,Không công tác,Không,21700000,10,3,4,3,3,4,3,4,5,1,7,6,3,2,4,Không
NV20261649,28,Nữ,Độc thân,Hải Phòng,Toàn thời gian,Đại học,Nhân sự,Công nghệ thông tin,Kỹ sư kiểm thử,3,Ít,Có,21000000,8,9,5,4,4,5,4,3,4,2,5,4,2,1,2,Không
NV20261650,21,Nam,Đã kết hôn,Cần Thơ,Toàn thời gian,Đại học,Kỹ thuật,Nghiên cứu và Phát triển,Trưởng nhóm R&D,1,Ít,Không,14600000,6,5,5,3,3,4,4,4,3,2,0,0,0,0,0,Không
NV20261651,25,Nam,Độc thân,TP. Hồ Chí Minh,Hợp đồng xác định thời hạn,Thạc sĩ,Khác,Công nghệ thông tin,Kỹ sư kiểm thử,1,Ít,Không,10100000,12,2,3,5,2,5,4,5,1,2,0,0,0,0,0,Có
NV20261652,34,Nữ,Độc thân,Cần Thơ,Toàn thời gian,Thạc sĩ,Tài chính,Nhân sự,Chuyên viên nhân sự,2,Không công tác,Không,19800000,8,9,2,3,3,3,4,3,2,3,11,3,2,2,2,Không
NV20261653,39,Nữ,Độc thân,Hà Nội,Toàn thời gian,Đại học,Kỹ thuật,Kinh doanh,Trưởng nhóm kinh doanh,3,Không công tác,Có,28800000,10,7,3,4,4,5,4,2,2,2,20,6,4,4,2,Không
NV20261654,32,Nam,Độc thân,Đà Nẵng,Toàn thời gian,Đại học,Kinh tế,Marketing,Chuyên viên nội dung,1,Không công tác,Không,11900000,10,10,5,3,4,5,4,2,4,1,0,0,0,0,0,Không
NV20261655,21,Nữ,Độc thân,TP. Hồ Chí Minh,Toàn thời gian,Đại học,Kinh tế,Công nghệ thông tin,Kỹ sư dữ liệu,1,Ít,Không,11500000,4,7,5,3,3,3,5,3,3,4,0,0,0,0,0,Không
NV20261656,35,Nữ,Ly hôn,Hải Phòng,Toàn thời gian,Đại học,Công nghệ thông tin,Marketing,Chuyên viên marketing,4,Không công tác,Có,28900000,9,21,3,1,3,3,3,3,2,2,8,8,6,5,6,Không
NV20261657,20,Nam,Ly hôn,TP. Hồ Chí Minh,Thử việc,THPT,Công nghệ thông tin,Công nghệ thông tin,Kỹ sư kiểm thử,1,Không công tác,Không,11900000,13,8,3,3,1,3,3,3,1,1,0,0,0,0,0,Không
NV20261658,35,Nam,Độc thân,TP. Hồ Chí Minh,Toàn thời gian,Cao đẳng,Kinh tế,Công nghệ thông tin,Trưởng nhóm kỹ thuật,3,Ít,Không,23600000,5,12,3,2,4,2,3,3,2,1,10,6,4,5,2,Có
NV20261659,23,Nữ,Đã kết hôn,Hà Nội,Toàn thời gian,Cao đẳng,Kỹ thuật,Nhân sự,Chuyên viên nhân sự,2,Ít,Không,17800000,9,2,2,5,4,3,4,3,4,1,5,2,1,0,1,Không
NV20261660,20,Nam,Độc thân,Hà Nội,Thử việc,Thạc sĩ,Khác,Marketing,Chuyên viên nội dung,1,Không công tác,Không,12700000,9,7,4,3,4,3,1,2,5,2,0,0,0,0,0,Không
NV20261661,28,Nữ,Độc thân,Đà Nẵng,Thử việc,Cao đẳng,Kỹ thuật,Marketing,Chuyên viên marketing,2,Ít,Không,19300000,9,6,1,5,3,1,3,4,3,3,9,3,2,1,3,Không
NV20261662,25,Nữ,Đã kết hôn,Hải Phòng,Toàn thời gian,Thạc sĩ,Khác,Công nghệ thông tin,Kỹ sư kiểm thử,1,Không công tác,Có,14400000,7,8,2,4,3,4,4,4,3,1,4,1,1,1,1,Có
NV20261663,35,Nam,Đã kết hôn,TP. Hồ Chí Minh,Toàn thời gian,Đại học,Kỹ thuật,Tài chính - Kế toán,Chuyên viên tài chính,3,Thường xuyên,Có,22500000,7,16,3,4,3,2,1,2,1,0,7,6,3,3,5,Có
NV20261664,30,Nữ,Đã kết hôn,Hà Nội,Toàn thời gian,Cao đẳng,Kỹ thuật,Công nghệ thông tin,Kỹ sư kiểm thử,1,Ít,Không,10900000,11,8,2,2,3,2,3,2,2,3,0,0,0,0,0,Không
NV20261665,30,Nam,Độc thân,Hải Phòng,Toàn thời gian,Đại học,Kỹ thuật,Kinh doanh,Nhân viên kinh doanh,1,Không công tác,Không,10900000,9,6,2,5,2,4,3,5,2,1,1,1,1,1,1,Không
NV20261666,40,Nam,Đã kết hôn,Hà Nội,Hợp đồng xác định thời hạn,Đại học,Kỹ thuật,Công nghệ thông tin,Trưởng nhóm kỹ thuật,2,Thường xuyên,Không,21900000,7,7,4,3,3,4,2,3,3,1,11,2,1,1,2,Có
NV20261667,24,Nữ,Độc thân,Cần Thơ,Toàn thời gian,Đại học,Nhân sự,Kinh doanh,Trưởng nhóm kinh doanh,1,Không công tác,Không,12000000,4,6,5,4,2,3,2,4,3,1,3,1,1,0,0,Không
NV20261668,25,Nam,Độc thân,Đà Nẵng,Toàn thời gian,Thạc sĩ,Kinh tế,Marketing,Chuyên viên nội dung,2,Ít,Không,21600000,12,8,1,2,3,4,3,3,2,2,7,2,1,1,1,Không
NV20261669,23,Nữ,Độc thân,TP. Hồ Chí Minh,Toàn thời gian,Đại học,Công nghệ thông tin,Tài chính - Kế toán,Chuyên viên tài chính,2,Không công tác,Không,17700000,9,15,4,1,3,2,1,4,3,0,5,3,2,2,2,Không
NV20261670,31,Nữ,Đã kết hôn,TP. Hồ Chí Minh,Hợp đồng xác định thời hạn,THPT,Khác,Nhân sự,Chuyên viên tuyển dụng,3,Không công tác,Có,21600000,12,8,4,4,3,3,4,4,3,1,5,4,3,1,2,Không
NV20261671,24,Nam,Đã kết hôn,TP. Hồ Chí Minh,Toàn thời gian,Đại học,Marketing,Tài chính - Kế toán,Trưởng nhóm tài chính,1,Thường xuyên,Có,11800000,14,2,1,5,4,2,5,5,7,2,0,0,0,0,0,Không
NV20261672,20,Nữ,Đã kết hôn,Bình Dương,Hợp đồng xác định thời hạn,Đại học,Công nghệ thông tin,Chăm sóc khách hàng,Trưởng nhóm chăm sóc khách hàng,1,Ít,Không,10300000,7,5,1,4,1,4,3,4,1,3,0,0,0,0,0,Không
NV20261673,33,Nữ,Độc thân,Đà Nẵng,Hợp đồng xác định thời hạn,Đại học,Kinh tế,Vận hành,Nhân viên vận hành,3,Không công tác,Có,29800000,9,7,4,4,5,4,4,2,4,0,14,7,3,5,3,Không
NV20261674,25,Nam,Độc thân,TP. Hồ Chí Minh,Toàn thời gian,Thạc sĩ,Nhân sự,Kinh doanh,Nhân viên kinh doanh,3,Không công tác,Không,20200000,9,4,4,2,5,4,4,4,3,2,7,4,2,3,3,Có
NV20261675,42,Nam,Đã kết hôn,TP. Hồ Chí Minh,Toàn thời gian,Đại học,Kỹ thuật,Nhân sự,Chuyên viên nhân sự,3,Không công tác,Có,25200000,11,1,1,4,1,3,3,1,7,2,17,5,3,1,4,Không
NV20261676,28,Nam,Độc thân,Bình Dương,Toàn thời gian,Đại học,Nhân sự,Kinh doanh,Trưởng nhóm kinh doanh,1,Không công tác,Không,10300000,9,3,3,4,3,2,4,5,4,4,0,0,0,0,0,Có
NV20261677,37,Nam,Ly hôn,Hà Nội,Thử việc,Đại học,Kỹ thuật,Chăm sóc khách hàng,Nhân viên chăm sóc khách hàng,3,Ít,Không,23400000,13,1,5,4,2,4,2,3,1,3,9,4,3,2,1,Không
NV20261678,32,Nam,Độc thân,TP. Hồ Chí Minh,Toàn thời gian,Đại học,Công nghệ thông tin,Chăm sóc khách hàng,Trưởng nhóm chăm sóc khách hàng,3,Ít,Có,23800000,9,2,4,4,2,2,4,3,7,1,11,5,4,3,4,Có
NV20261679,29,Nữ,Đã kết hôn,TP. Hồ Chí Minh,Hợp đồng xác định thời hạn,Đại học,Kỹ thuật,Nhân sự,Chuyên viên nhân sự,3,Thường xuyên,Có,21900000,7,13,3,3,4,4,5,3,6,1,6,6,3,3,5,Không
NV20261680,37,Nữ,Độc thân,Đà Nẵng,Hợp đồng xác định thời hạn,Đại học,Khác,Chăm sóc khách hàng,Nhân viên chăm sóc khách hàng,4,Ít,Có,30900000,9,4,3,4,5,4,4,4,3,8,13,9,5,7,3,Không
NV20261681,36,Nam,Độc thân,TP. Hồ Chí Minh,Hợp đồng xác định thời hạn,Đại học,Công nghệ thông tin,Công nghệ thông tin,Lập trình viên,1,Ít,Có,16000000,8,1,3,2,4,3,3,4,3,2,9,1,1,1,1,Có
NV20261682,26,Nữ,Đã kết hôn,TP. Hồ Chí Minh,Hợp đồng xác định thời hạn,Thạc sĩ,Marketing,Công nghệ thông tin,Trưởng nhóm kỹ thuật,1,Không công tác,Không,14400000,10,11,4,2,4,2,3,2,5,2,0,0,0,0,0,Không
NV20261683,33,Nữ,Độc thân,Hà Nội,Toàn thời gian,Đại học,Nhân sự,Tài chính - Kế toán,Kế toán viên,2,Ít,Có,18100000,7,15,3,5,3,3,3,4,1,4,6,3,2,2,2,Có
NV20261684,27,Nam,Độc thân,Hải Phòng,Hợp đồng xác định thời hạn,Đại học,Marketing,Nghiên cứu và Phát triển,Chuyên viên R&D,2,Thường xuyên,Có,21000000,9,4,5,4,3,2,4,4,5,1,9,3,1,1,1,Không
NV20261685,29,Nam,Đã kết hôn,TP. Hồ Chí Minh,Toàn thời gian,Đại học,Công nghệ thông tin,Kinh doanh,Nhân viên kinh doanh,1,Ít,Không,11800000,10,6,3,3,4,3,2,4,3,1,0,0,0,0,0,Không
NV20261686,37,Nữ,Độc thân,Hà Nội,Toàn thời gian,Đại học,Marketing,Tài chính - Kế toán,Kế toán viên,4,Không công tác,Không,29400000,10,4,4,4,4,5,4,4,5,1,14,11,5,8,8,Không
NV20261687,31,Nữ,Đã kết hôn,TP. Hồ Chí Minh,Toàn thời gian,Thạc sĩ,Công nghệ thông tin,Vận hành,Điều phối viên,2,Ít,Không,20800000,6,13,2,1,2,4,4,4,4,1,9,2,2,1,2,Không
NV20261688,27,Nam,Độc thân,Hà Nội,Toàn thời gian,Đại học,Nhân sự,Kinh doanh,Trưởng nhóm kinh doanh,1,Ít,Có,10700000,13,9,5,3,2,2,5,4,6,5,1,1,1,1,0,Có
NV20261689,33,Nam,Đã kết hôn,TP. Hồ Chí Minh,Toàn thời gian,Đại học,Tài chính,Chăm sóc khách hàng,Trưởng nhóm chăm sóc khách hàng,4,Ít,Không,27400000,12,7,5,4,5,3,3,4,2,0,14,10,7,3,4,Có
NV20261690,36,Nữ,Đã kết hôn,TP. Hồ Chí Minh,Toàn thời gian,Cao đẳng,Kinh tế,Vận hành,Điều phối viên,2,Không công tác,Không,21900000,9,10,2,3,3,4,2,3,5,1,15,3,2,2,2,Có
NV20261691,37,Nam,Độc thân,Hà Nội,Toàn thời gian,Đại học,Công nghệ thông tin,Tài chính - Kế toán,Chuyên viên tài chính,3,Không công tác,Không,27600000,12,6,2,2,3,3,4,2,4,1,19,4,3,2,4,Không
NV20261692,30,Nam,Đã kết hôn,Hà Nội,Toàn thời gian,Đại học,Công nghệ thông tin,Công nghệ thông tin,Trưởng nhóm kỹ thuật,3,Không công tác,Không,24000000,10,9,4,3,4,5,4,3,5,2,7,7,4,5,3,Không
NV20261693,39,Nữ,Độc thân,Hà Nội,Hợp đồng xác định thời hạn,Cao đẳng,Công nghệ thông tin,Kinh doanh,Nhân viên kinh doanh,3,Ít,Không,30000000,13,11,2,5,5,2,4,2,5,3,21,4,3,2,2,Không
NV20261694,29,Nam,Đã kết hôn,Đà Nẵng,Toàn thời gian,Đại học,Tài chính,Tài chính - Kế toán,Chuyên viên tài chính,1,Không công tác,Không,14900000,14,16,3,3,4,4,4,2,4,0,0,0,0,0,0,Có
NV20261695,37,Nam,Độc thân,TP. Hồ Chí Minh,Toàn thời gian,Đại học,Công nghệ thông tin,Công nghệ thông tin,Kỹ sư dữ liệu,3,Không công tác,Không,26100000,5,5,2,4,4,4,2,4,3,2,16,4,2,1,3,Không
NV20261696,28,Nam,Đã kết hôn,Hà Nội,Toàn thời gian,Đại học,Tài chính,Nhân sự,Chuyên viên tuyển dụng,4,Không công tác,Có,27500000,6,7,3,4,4,4,5,3,1,2,9,8,6,4,6,Không
NV20261697,34,Nữ,Đã kết hôn,Hà Nội,Hợp đồng xác định thời hạn,Đại học,Kinh tế,Nhân sự,Chuyên viên tuyển dụng,1,Ít,Có,15100000,10,5,3,4,5,3,5,3,1,1,11,1,0,1,1,Có
NV20261698,20,Nữ,Đã kết hôn,Hà Nội,Hợp đồng xác định thời hạn,Thạc sĩ,Khác,Tài chính - Kế toán,Trưởng nhóm tài chính,1,Ít,Có,13300000,7,5,4,3,5,4,3,3,4,1,1,0,0,0,0,Không
NV20261699,27,Nam,Độc thân,Đà Nẵng,Toàn thời gian,Cao đẳng,Tài chính,Chăm sóc khách hàng,Nhân viên chăm sóc khách hàng,2,Ít,Không,16800000,13,1,4,5,3,4,2,4,3,1,7,3,2,2,2,Không
NV20261700,33,Nữ,Độc thân,Đà Nẵng,Toàn thời gian,Đại học,Công nghệ thông tin,Vận hành,Trưởng nhóm vận hành,1,Thường xuyên,Không,10300000,11,8,4,3,4,4,3,4,2,4,1,1,1,0,1,Không
NV20261701,31,Nam,Đã kết hôn,Hà Nội,Thử việc,Cao đẳng,Tài chính,Chăm sóc khách hàng,Nhân viên chăm sóc khách hàng,1,Ít,Có,14400000,10,3,3,4,3,4,4,3,1,4,3,1,1,0,1,Không
NV20261702,33,Nam,Độc thân,TP. Hồ Chí Minh,Toàn thời gian,Đại học,Kinh tế,Kinh doanh,Nhân viên kinh doanh,2,Ít,Có,21900000,8,5,3,1,2,4,2,3,5,3,15,3,2,1,2,Không
NV20261703,20,Nam,Đã kết hôn,Đà Nẵng,Hợp đồng xác định thời hạn,Đại học,Kinh tế,Kinh doanh,Quản lý kinh doanh,1,Thường xuyên,Không,11500000,8,7,1,4,1,4,2,2,4,4,0,0,0,0,0,Có
NV20261704,23,Nữ,Độc thân,Hải Phòng,Hợp đồng xác định thời hạn,Cao đẳng,Khác,Công nghệ thông tin,Kỹ sư kiểm thử,1,Ít,Không,9900000,13,8,2,4,3,3,3,2,4,2,0,0,0,0,0,Không
NV20261705,21,Nam,Độc thân,Bình Dương,Hợp đồng xác định thời hạn,Đại học,Kỹ thuật,Nhân sự,Trưởng nhóm nhân sự,1,Ít,Có,12900000,4,11,4,2,4,3,3,3,3,2,0,0,0,0,0,Không
NV20261706,24,Nữ,Đã kết hôn,Hà Nội,Hợp đồng xác định thời hạn,Thạc sĩ,Công nghệ thông tin,Công nghệ thông tin,Lập trình viên,1,Ít,Không,13500000,10,6,3,2,4,3,4,2,2,3,3,1,1,1,1,Không
NV20261707,29,Nữ,Độc thân,Đà Nẵng,Hợp đồng xác định thời hạn,Đại học,Kỹ thuật,Kinh doanh,Quản lý kinh doanh,3,Ít,Có,25400000,7,12,3,4,2,4,4,3,2,1,8,5,3,2,3,Không
NV20261708,20,Nam,Độc thân,Đà Nẵng,Hợp đồng xác định thời hạn,Thạc sĩ,Kỹ thuật,Marketing,Chuyên viên nội dung,1,Không công tác,Không,13800000,7,13,5,3,2,4,4,4,1,6,0,0,0,0,0,Không
NV20261709,30,Nam,Đã kết hôn,TP. Hồ Chí Minh,Toàn thời gian,Cao đẳng,Công nghệ thông tin,Vận hành,Nhân viên vận hành,3,Không công tác,Không,22400000,4,8,4,2,4,2,3,5,4,2,7,5,4,2,2,Không
NV20261710,33,Nữ,Đã kết hôn,TP. Hồ Chí Minh,Hợp đồng xác định thời hạn,Cao đẳng,Công nghệ thông tin,Kinh doanh,Nhân viên kinh doanh,3,Thường xuyên,Không,24800000,3,4,3,3,3,2,4,2,4,1,10,4,3,1,1,Không
NV20261711,40,Nữ,Đã kết hôn,Hà Nội,Toàn thời gian,Đại học,Nhân sự,Kinh doanh,Quản lý kinh doanh,1,Không công tác,Không,21700000,12,18,2,5,2,3,4,3,3,1,19,1,1,0,1,Có
NV20261712,33,Nữ,Đã kết hôn,Đà Nẵng,Toàn thời gian,Đại học,Marketing,Công nghệ thông tin,Lập trình viên,2,Không công tác,Không,23100000,10,3,1,3,3,4,2,4,5,1,12,2,1,1,2,Không
NV20261713,20,Nam,Độc thân,TP. Hồ Chí Minh,Toàn thời gian,Đại học,Khác,Nhân sự,Chuyên viên nhân sự,1,Thường xuyên,Không,13100000,10,1,4,3,5,4,5,3,2,0,0,0,0,0,0,Không
NV20261714,34,Nữ,Đã kết hôn,Cần Thơ,Toàn thời gian,Đại học,Kỹ thuật,Chăm sóc khách hàng,Nhân viên chăm sóc khách hàng,3,Không công tác,Không,21500000,9,6,5,3,3,2,3,4,3,2,4,4,2,1,2,Không
NV20261715,21,Nam,Độc thân,Hải Phòng,Thử việc,Đại học,Marketing,Công nghệ thông tin,Kỹ sư kiểm thử,1,Không công tác,Không,15000000,5,5,5,4,3,4,3,4,4,1,2,1,0,1,1,Không
NV20261716,33,Nam,Đã kết hôn,TP. Hồ Chí Minh,Toàn thời gian,Thạc sĩ,Nhân sự,Công nghệ thông tin,Kỹ sư dữ liệu,3,Ít,Không,24400000,14,6,4,3,3,4,3,4,3,0,10,6,5,4,5,Không
NV20261717,24,Nữ,Đã kết hôn,TP. Hồ Chí Minh,Toàn thời gian,Thạc sĩ,Kinh tế,Nhân sự,Chuyên viên tuyển dụng,1,Không công tác,Không,11500000,12,20,5,4,4,3,2,4,4,3,0,0,0,0,0,Không
NV20261718,27,Nam,Đã kết hôn,Hà Nội,Toàn thời gian,Đại học,Khác,Marketing,Chuyên viên marketing,3,Ít,Không,21900000,13,6,3,4,5,3,2,3,4,7,6,5,4,1,4,Không
NV20261719,24,Nam,Độc thân,Hà Nội,Hợp đồng xác định thời hạn,Đại học,Kỹ thuật,Tài chính - Kế toán,Kế toán viên,1,Không công tác,Không,10200000,9,4,1,2,4,3,2,1,3,0,0,0,0,0,0,Không
NV20261720,25,Nam,Đã kết hôn,Hà Nội,Toàn thời gian,Cao đẳng,Công nghệ thông tin,Công nghệ thông tin,Trưởng nhóm kỹ thuật,1,Không công tác,Không,11400000,12,7,1,2,2,2,5,3,3,4,0,0,0,0,0,Có
NV20261721,28,Nam,Độc thân,Hà Nội,Thử việc,Cao đẳng,Khác,Vận hành,Nhân viên vận hành,1,Ít,Không,10300000,10,8,3,4,4,3,3,2,3,1,0,0,0,0,0,Không
NV20261722,32,Nữ,Đã kết hôn,TP. Hồ Chí Minh,Toàn thời gian,Cao đẳng,Kinh tế,Tài chính - Kế toán,Kế toán viên,1,Thường xuyên,Không,17300000,18,5,2,4,4,4,4,4,3,1,11,1,1,1,0,Không
NV20261723,28,Nam,Độc thân,TP. Hồ Chí Minh,Toàn thời gian,Thạc sĩ,Công nghệ thông tin,Nhân sự,Trưởng nhóm nhân sự,3,Không công tác,Có,19800000,10,9,4,2,3,4,4,2,4,1,5,4,3,3,2,Không
NV20261724,34,Nữ,Đã kết hôn,Đà Nẵng,Toàn thời gian,Đại học,Marketing,Chăm sóc khách hàng,Nhân viên chăm sóc khách hàng,2,Ít,Có,20300000,10,10,1,1,2,5,4,3,3,1,12,2,1,1,1,Không
NV20261725,33,Nữ,Đã kết hôn,Cần Thơ,Toàn thời gian,THPT,Tài chính,Nghiên cứu và Phát triển,Chuyên viên R&D,3,Ít,Không,21900000,13,9,2,4,3,4,4,2,2,3,4,4,3,2,3,Không
NV20261726,37,Nữ,Đã kết hôn,Hải Phòng,Toàn thời gian,Đại học,Marketing,Marketing,Chuyên viên nội dung,2,Ít,Không,21200000,6,12,4,5,5,4,2,5,4,2,13,3,2,2,2,Không
NV20261727,22,Nam,Độc thân,TP. Hồ Chí Minh,Toàn thời gian,Đại học,Kỹ thuật,Công nghệ thông tin,Lập trình viên,2,Không công tác,Không,17200000,10,5,4,4,2,3,3,3,3,1,4,2,1,2,1,Không
NV20261728,22,Nam,Đã kết hôn,TP. Hồ Chí Minh,Toàn thời gian,Cao đẳng,Khác,Vận hành,Điều phối viên,2,Không công tác,Không,16100000,5,8,1,5,4,2,3,3,3,3,4,2,1,1,2,Có
NV20261729,28,Nam,Độc thân,Hà Nội,Toàn thời gian,Đại học,Công nghệ thông tin,Nhân sự,Trưởng nhóm nhân sự,1,Ít,Không,11200000,16,18,3,3,3,4,3,4,5,3,0,0,0,0,0,Không
NV20261730,23,Nữ,Đã kết hôn,TP. Hồ Chí Minh,Toàn thời gian,Đại học,Nhân sự,Tài chính - Kế toán,Chuyên viên tài chính,2,Ít,Có,15600000,12,3,5,2,4,4,5,4,2,2,3,2,1,1,1,Không
NV20261731,44,Nam,Độc thân,Hà Nội,Thử việc,Đại học,Công nghệ thông tin,Marketing,Chuyên viên marketing,2,Không công tác,Không,26900000,11,6,1,4,4,4,3,4,4,5,24,3,1,2,1,Có
NV20261732,36,Nam,Đã kết hôn,TP. Hồ Chí Minh,Toàn thời gian,Thạc sĩ,Kỹ thuật,Công nghệ thông tin,Lập trình viên,2,Không công tác,Có,19500000,9,2,2,4,4,4,4,1,2,0,11,3,1,2,2,Có
NV20261733,25,Nữ,Đã kết hôn,Đà Nẵng,Toàn thời gian,Đại học,Kỹ thuật,Kinh doanh,Nhân viên kinh doanh,1,Ít,Không,13800000,7,14,1,4,4,5,3,4,2,3,5,1,0,0,1,Không
NV20261734,28,Nữ,Đã kết hôn,TP. Hồ Chí Minh,Toàn thời gian,Đại học,Marketing,Công nghệ thông tin,Lập trình viên,2,Không công tác,Có,18600000,7,10,3,4,3,3,4,4,3,0,3,3,2,1,2,Có
NV20261735,27,Nam,Độc thân,Hà Nội,Thử việc,Đại học,Kinh tế,Nghiên cứu và Phát triển,Kỹ sư R&D,3,Ít,Có,25400000,13,6,3,3,3,4,5,4,3,2,8,6,3,3,3,Không
NV20261736,36,Nam,Độc thân,Hà Nội,Toàn thời gian,Đại học,Kỹ thuật,Kinh doanh,Nhân viên kinh doanh,3,Không công tác,Không,25500000,9,11,3,3,3,4,4,3,4,3,17,6,4,4,4,Không
NV20261737,33,Nữ,Độc thân,TP. Hồ Chí Minh,Thử việc,Đại học,Nhân sự,Vận hành,Nhân viên vận hành,3,Không công tác,Không,27300000,4,5,4,3,3,4,2,5,2,1,15,6,4,4,4,Không
NV20261738,30,Nữ,Đã kết hôn,Đà Nẵng,Hợp đồng xác định thời hạn,Tiến sĩ,Marketing,Kinh doanh,Nhân viên kinh doanh,3,Thường xuyên,Có,23300000,13,20,5,4,2,4,3,2,5,1,8,7,6,5,6,Không
NV20261739,24,Nam,Đã kết hôn,Đà Nẵng,Toàn thời gian,THPT,Kinh tế,Công nghệ thông tin,Trưởng nhóm kỹ thuật,1,Không công tác,Không,14000000,9,12,5,4,3,2,1,2,4,8,0,0,0,0,0,Không
NV20261740,23,Nam,Đã kết hôn,TP. Hồ Chí Minh,Toàn thời gian,Đại học,Công nghệ thông tin,Tài chính - Kế toán,Kế toán viên,1,Không công tác,Không,11500000,14,6,2,3,2,5,5,3,5,2,1,1,1,1,0,Có
NV20261741,32,Nam,Độc thân,TP. Hồ Chí Minh,Toàn thời gian,Đại học,Kỹ thuật,Vận hành,Điều phối viên,1,Thường xuyên,Không,18400000,13,11,5,4,2,3,4,2,5,2,14,1,0,1,1,Không
NV20261742,29,Nữ,Độc thân,Bình Dương,Toàn thời gian,Đại học,Công nghệ thông tin,Kinh doanh,Nhân viên kinh doanh,2,Ít,Không,16600000,5,7,4,3,3,4,2,4,3,1,3,2,1,1,1,Không
NV20261743,30,Nam,Độc thân,TP. Hồ Chí Minh,Hợp đồng xác định thời hạn,Cao đẳng,Kỹ thuật,Kinh doanh,Quản lý kinh doanh,1,Thường xuyên,Không,12500000,11,4,4,3,5,3,2,3,2,2,0,0,0,0,0,Không
NV20261744,31,Nam,Đã kết hôn,TP. Hồ Chí Minh,Toàn thời gian,Thạc sĩ,Khác,Chăm sóc khách hàng,Nhân viên chăm sóc khách hàng,2,Ít,Không,18200000,4,2,3,2,3,5,2,2,5,2,4,3,2,1,2,Có
NV20261745,43,Nam,Độc thân,Đà Nẵng,Toàn thời gian,Đại học,Tài chính,Marketing,Trưởng nhóm marketing,3,Không công tác,Không,28200000,12,9,2,2,4,4,2,4,4,1,17,6,4,1,4,Không
NV20261746,37,Nam,Độc thân,Đà Nẵng,Toàn thời gian,Cao đẳng,Công nghệ thông tin,Kinh doanh,Quản lý kinh doanh,3,Ít,Không,26900000,12,10,1,3,4,3,4,3,1,1,16,5,2,3,4,Không
NV20261747,34,Nam,Ly hôn,TP. Hồ Chí Minh,Hợp đồng xác định thời hạn,Cao đẳng,Công nghệ thông tin,Tài chính - Kế toán,Trưởng nhóm tài chính,3,Ít,Có,26800000,6,5,4,5,1,3,4,3,3,2,12,6,3,1,4,Có
NV20261748,31,Nữ,Độc thân,Hải Phòng,Toàn thời gian,Đại học,Kinh tế,Kinh doanh,Nhân viên kinh doanh,3,Không công tác,Có,21900000,6,4,3,2,5,3,3,3,1,0,7,7,5,3,4,Có
NV20261749,36,Nam,Độc thân,TP. Hồ Chí Minh,Hợp đồng xác định thời hạn,Đại học,Kinh tế,Vận hành,Điều phối viên,3,Ít,Có,22900000,15,3,4,4,2,4,3,2,5,2,10,5,4,2,4,Có
NV20261750,23,Nam,Đã kết hôn,Bình Dương,Thử việc,Đại học,Kinh tế,Marketing,Trưởng nhóm marketing,1,Không công tác,Có,11700000,13,22,4,5,3,4,1,4,4,0,1,1,1,1,0,Không
NV20261751,23,Nam,Độc thân,TP. Hồ Chí Minh,Hợp đồng xác định thời hạn,Thạc sĩ,Công nghệ thông tin,Nhân sự,Chuyên viên nhân sự,1,Ít,Có,12900000,14,13,5,4,3,3,2,4,4,2,0,0,0,0,0,Không
NV20261752,34,Nữ,Độc thân,Cần Thơ,Hợp đồng xác định thời hạn,THPT,Khác,Marketing,Trưởng nhóm marketing,2,Không công tác,Có,23100000,8,15,4,2,4,3,1,3,2,2,14,3,1,1,3,Không
NV20261753,28,Nữ,Độc thân,Cần Thơ,Toàn thời gian,Đại học,Công nghệ thông tin,Kinh doanh,Quản lý kinh doanh,2,Ít,Có,15100000,8,5,4,3,4,5,4,3,2,3,7,2,1,1,1,Không
NV20261754,31,Nữ,Ly hôn,Hà Nội,Toàn thời gian,THPT,Kỹ thuật,Kinh doanh,Quản lý kinh doanh,2,Không công tác,Có,19200000,16,7,4,3,3,3,4,5,2,3,8,3,2,1,2,Không
NV20261755,21,Nam,Độc thân,Bình Dương,Toàn thời gian,THPT,Công nghệ thông tin,Kinh doanh,Quản lý kinh doanh,1,Không công tác,Không,12900000,9,13,2,1,3,2,2,2,2,4,2,1,1,0,1,Không
NV20261756,36,Nam,Độc thân,Hà Nội,Toàn thời gian,Đại học,Công nghệ thông tin,Vận hành,Nhân viên vận hành,1,Không công tác,Có,15400000,7,5,3,4,4,4,3,2,2,1,12,1,1,1,1,Không
NV20261757,33,Nữ,Độc thân,Cần Thơ,Thử việc,Đại học,Công nghệ thông tin,Kinh doanh,Quản lý kinh doanh,2,Ít,Có,19800000,5,8,5,1,3,3,5,2,2,2,9,2,1,1,2,Không
NV20261758,38,Nữ,Đã kết hôn,Hà Nội,Hợp đồng xác định thời hạn,Đại học,Kỹ thuật,Marketing,Trưởng nhóm marketing,4,Không công tác,Có,32100000,13,6,2,4,5,4,4,4,2,1,20,10,6,4,4,Có
NV20261759,26,Nữ,Độc thân,Hải Phòng,Hợp đồng xác định thời hạn,Thạc sĩ,Công nghệ thông tin,Công nghệ thông tin,Kỹ sư kiểm thử,3,Không công tác,Không,23500000,7,3,1,4,3,4,3,3,1,4,4,4,3,1,1,Không
NV20261760,32,Nam,Độc thân,TP. Hồ Chí Minh,Hợp đồng xác định thời hạn,Đại học,Công nghệ thông tin,Công nghệ thông tin,Trưởng nhóm kỹ thuật,3,Thường xuyên,Có,23600000,9,4,4,3,2,3,5,2,4,1,9,7,6,3,6,Không
NV20261761,32,Nam,Đã kết hôn,Hà Nội,Hợp đồng xác định thời hạn,Thạc sĩ,Kinh tế,Marketing,Trưởng nhóm marketing,3,Không công tác,Không,23400000,11,16,5,1,2,2,4,4,2,0,8,7,4,3,6,Có
NV20261762,29,Nam,Đã kết hôn,Đà Nẵng,Toàn thời gian,Đại học,Tài chính,Vận hành,Điều phối viên,3,Ít,Không,23300000,8,8,3,2,4,4,3,2,3,1,8,6,4,4,5,Không
NV20261763,43,Nam,Đã kết hôn,TP. Hồ Chí Minh,Toàn thời gian,Đại học,Công nghệ thông tin,Công nghệ thông tin,Kỹ sư kiểm thử,2,Ít,Không,25900000,12,3,1,4,4,4,5,4,3,4,20,2,1,2,1,Không
NV20261764,32,Nữ,Đã kết hôn,Hà Nội,Hợp đồng xác định thời hạn,Đại học,Kỹ thuật,Công nghệ thông tin,Trưởng nhóm kỹ thuật,3,Không công tác,Không,23600000,10,13,4,4,4,4,3,3,3,2,14,5,2,2,3,Không
NV20261765,27,Nữ,Độc thân,TP. Hồ Chí Minh,Toàn thời gian,Đại học,Công nghệ thông tin,Vận hành,Nhân viên vận hành,2,Ít,Không,16200000,10,2,5,5,3,4,2,2,3,1,2,2,1,1,1,Không
NV20261766,32,Nam,Đã kết hôn,Cần Thơ,Toàn thời gian,Cao đẳng,Công nghệ thông tin,Nghiên cứu và Phát triển,Kỹ sư R&D,1,Không công tác,Không,15700000,9,3,4,3,5,2,4,3,2,1,10,1,1,0,1,Không
NV20261767,28,Nam,Đã kết hôn,Đà Nẵng,Toàn thời gian,Đại học,Nhân sự,Nghiên cứu và Phát triển,Kỹ sư R&D,2,Không công tác,Không,20600000,7,2,3,3,3,2,3,2,4,1,5,2,1,1,1,Không
NV20261768,21,Nam,Độc thân,TP. Hồ Chí Minh,Toàn thời gian,Tiến sĩ,Kỹ thuật,Vận hành,Điều phối viên,1,Không công tác,Không,9200000,5,7,4,5,5,4,4,3,2,0,2,1,0,0,1,Không
NV20261769,40,Nữ,Đã kết hôn,TP. Hồ Chí Minh,Thử việc,Đại học,Công nghệ thông tin,Công nghệ thông tin,Kỹ sư kiểm thử,3,Không công tác,Có,25600000,9,4,5,3,2,4,4,3,4,2,13,7,3,4,6,Không
NV20261770,22,Nam,Đã kết hôn,Cần Thơ,Toàn thời gian,Cao đẳng,Tài chính,Nhân sự,Trưởng nhóm nhân sự,1,Không công tác,Không,12200000,6,11,3,4,1,5,3,4,4,1,0,0,0,0,0,Không
NV20261771,30,Nữ,Đã kết hôn,Hà Nội,Thử việc,Đại học,Công nghệ thông tin,Nghiên cứu và Phát triển,Chuyên viên R&D,2,Ít,Có,18400000,9,7,5,3,4,2,1,3,2,2,3,3,2,2,2,Có
NV20261772,40,Nữ,Độc thân,Hà Nội,Toàn thời gian,Thạc sĩ,Khác,Chăm sóc khách hàng,Nhân viên chăm sóc khách hàng,4,Ít,Không,28900000,6,5,4,4,3,4,4,2,1,2,14,9,5,6,5,Không
NV20261773,23,Nam,Ly hôn,TP. Hồ Chí Minh,Toàn thời gian,Đại học,Tài chính,Tài chính - Kế toán,Kế toán viên,2,Thường xuyên,Không,17600000,5,10,3,4,1,3,3,3,3,5,2,2,1,1,1,Có
NV20261774,38,Nam,Ly hôn,Hà Nội,Toàn thời gian,Thạc sĩ,Công nghệ thông tin,Kinh doanh,Quản lý kinh doanh,2,Không công tác,Không,21700000,11,8,4,5,2,4,3,3,4,2,13,2,2,1,1,Có
NV20261775,38,Nữ,Đã kết hôn,TP. Hồ Chí Minh,Toàn thời gian,Đại học,Nhân sự,Vận hành,Nhân viên vận hành,3,Thường xuyên,Có,22600000,5,14,5,3,5,3,3,3,6,3,9,4,3,3,3,Không
NV20261776,27,Nữ,Độc thân,TP. Hồ Chí Minh,Toàn thời gian,Đại học,Công nghệ thông tin,Kinh doanh,Nhân viên kinh doanh,3,Không công tác,Không,23700000,9,7,5,4,5,2,4,3,1,1,9,6,4,3,5,Có
NV20261777,35,Nam,Đã kết hôn,Hải Phòng,Thử việc,Đại học,Kỹ thuật,Kinh doanh,Trưởng nhóm kinh doanh,2,Không công tác,Có,19700000,12,3,3,4,4,4,4,4,4,2,12,2,1,1,1,Không
NV20261778,49,Nữ,Độc thân,Hà Nội,Hợp đồng xác định thời hạn,THPT,Khác,Vận hành,Trưởng nhóm vận hành,4,Ít,Không,37400000,17,8,1,5,2,4,4,3,3,1,31,12,6,9,8,Không
NV20261779,36,Nữ,Độc thân,TP. Hồ Chí Minh,Toàn thời gian,Thạc sĩ,Tài chính,Công nghệ thông tin,Lập trình viên,2,Ít,Không,25800000,7,13,4,4,5,4,5,2,4,1,14,2,1,1,1,Không
NV20261780,37,Nữ,Đã kết hôn,Hà Nội,Toàn thời gian,Cao đẳng,Marketing,Chăm sóc khách hàng,Nhân viên chăm sóc khách hàng,2,Không công tác,Có,22500000,9,8,3,3,3,4,3,3,3,2,10,3,2,2,2,Có
NV20261781,34,Nam,Độc thân,Cần Thơ,Thử việc,THPT,Công nghệ thông tin,Kinh doanh,Quản lý kinh doanh,3,Thường xuyên,Không,23500000,15,4,4,2,4,4,3,4,3,2,8,4,2,2,2,Có
NV20261782,37,Nam,Ly hôn,TP. Hồ Chí Minh,Toàn thời gian,THPT,Kinh tế,Kinh doanh,Trưởng nhóm kinh doanh,3,Không công tác,Không,23800000,6,7,4,1,3,4,1,2,2,2,13,5,3,2,4,Không
NV20261783,32,Nữ,Độc thân,Hà Nội,Toàn thời gian,Cao đẳng,Công nghệ thông tin,Tài chính - Kế toán,Chuyên viên tài chính,3,Ít,Không,27500000,13,7,4,2,4,3,5,3,3,1,13,4,3,2,2,Không
NV20261784,27,Nam,Độc thân,Bình Dương,Thử việc,Cao đẳng,Kinh tế,Kinh doanh,Nhân viên kinh doanh,2,Không công tác,Không,18300000,11,5,2,4,4,3,2,4,4,3,3,3,1,1,2,Có
NV20261785,34,Nam,Đã kết hôn,TP. Hồ Chí Minh,Toàn thời gian,Đại học,Kinh tế,Nhân sự,Chuyên viên nhân sự,3,Không công tác,Có,21000000,7,10,1,4,4,3,2,1,4,0,7,5,4,2,4,Không
NV20261786,29,Nam,Đã kết hôn,TP. Hồ Chí Minh,Toàn thời gian,Thạc sĩ,Tài chính,Marketing,Chuyên viên nội dung,1,Không công tác,Không,16700000,13,13,2,2,4,4,4,4,5,2,2,1,1,0,1,Không
NV20261787,35,Nữ,Độc thân,Đà Nẵng,Toàn thời gian,Đại học,Tài chính,Công nghệ thông tin,Lập trình viên,2,Ít,Không,20400000,9,3,1,2,4,4,4,3,2,5,11,3,2,1,1,Không
NV20261788,33,Nữ,Độc thân,Hải Phòng,Toàn thời gian,Đại học,Marketing,Kinh doanh,Quản lý kinh doanh,2,Ít,Không,22800000,13,8,4,3,3,5,3,4,4,2,12,2,1,1,2,Không
NV20261789,24,Nữ,Ly hôn,Hà Nội,Thử việc,Đại học,Marketing,Marketing,Trưởng nhóm marketing,1,Ít,Không,11300000,14,9,5,4,3,4,3,3,5,1,0,0,0,0,0,Có
NV20261790,34,Nam,Độc thân,Hà Nội,Toàn thời gian,Thạc sĩ,Công nghệ thông tin,Kinh doanh,Quản lý kinh doanh,1,Không công tác,Không,17500000,13,12,3,2,2,1,3,3,1,2,11,1,1,1,1,Không
NV20261791,20,Nữ,Độc thân,TP. Hồ Chí Minh,Thử việc,Đại học,Nhân sự,Nghiên cứu và Phát triển,Kỹ sư R&D,1,Ít,Không,13100000,8,6,4,5,3,3,3,3,4,4,2,0,0,0,0,Không
NV20261792,33,Nam,Đã kết hôn,Hà Nội,Thử việc,Đại học,Marketing,Tài chính - Kế toán,Kế toán viên,3,Ít,Không,25100000,17,12,2,3,2,3,5,2,5,2,15,7,3,4,3,Có
NV20261793,37,Nam,Ly hôn,TP. Hồ Chí Minh,Toàn thời gian,Cao đẳng,Khác,Công nghệ thông tin,Kỹ sư dữ liệu,4,Ít,Không,27700000,10,19,2,3,4,4,4,4,5,1,13,10,4,2,8,Không
NV20261794,34,Nữ,Ly hôn,TP. Hồ Chí Minh,Hợp đồng xác định thời hạn,Đại học,Công nghệ thông tin,Vận hành,Trưởng nhóm vận hành,3,Không công tác,Không,19700000,13,10,5,5,1,4,4,3,5,4,6,6,4,3,5,Có
NV20261795,33,Nam,Đã kết hôn,TP. Hồ Chí Minh,Hợp đồng xác định thời hạn,Thạc sĩ,Marketing,Nghiên cứu và Phát triển,Chuyên viên R&D,4,Ít,Không,27600000,8,14,5,3,1,3,4,2,6,2,13,8,6,2,7,Không
NV20261796,33,Nam,Độc thân,Đà Nẵng,Toàn thời gian,Đại học,Khác,Chăm sóc khách hàng,Nhân viên chăm sóc khách hàng,1,Không công tác,Không,17300000,9,7,2,2,3,4,3,3,2,1,11,1,1,1,1,Không
NV20261797,28,Nữ,Độc thân,TP. Hồ Chí Minh,Hợp đồng xác định thời hạn,Thạc sĩ,Tài chính,Công nghệ thông tin,Trưởng nhóm kỹ thuật,3,Ít,Không,24000000,10,20,2,3,3,5,3,4,2,2,10,5,3,3,4,Có
NV20261798,36,Nữ,Đã kết hôn,TP. Hồ Chí Minh,Hợp đồng xác định thời hạn,Đại học,Công nghệ thông tin,Vận hành,Trưởng nhóm vận hành,3,Không công tác,Có,25700000,11,8,5,2,3,5,3,4,3,1,13,7,5,5,6,Không
NV20261799,38,Nam,Đã kết hôn,Cần Thơ,Toàn thời gian,Cao đẳng,Kỹ thuật,Tài chính - Kế toán,Trưởng nhóm tài chính,1,Ít,Không,17700000,9,4,3,4,1,4,4,3,5,2,14,1,1,1,1,Có
NV20261800,35,Nữ,Đã kết hôn,Hà Nội,Hợp đồng xác định thời hạn,Đại học,Kỹ thuật,Công nghệ thông tin,Kỹ sư dữ liệu,2,Không công tác,Không,20500000,11,2,2,5,2,4,5,3,4,0,14,3,2,1,1,Không
NV20261801,33,Nữ,Đã kết hôn,Hà Nội,Thử việc,Đại học,Công nghệ thông tin,Chăm sóc khách hàng,Trưởng nhóm chăm sóc khách hàng,4,Không công tác,Có,29700000,16,9,4,4,4,3,4,2,3,1,15,12,4,6,10,Không
NV20261802,36,Nam,Đã kết hôn,Hải Phòng,Toàn thời gian,Đại học,Tài chính,Kinh doanh,Nhân viên kinh doanh,3,Ít,Không,27800000,4,16,2,4,3,4,3,3,2,2,15,6,3,3,3,Có
NV20261803,24,Nữ,Độc thân,Cần Thơ,Toàn thời gian,Cao đẳng,Công nghệ thông tin,Tài chính - Kế toán,Trưởng nhóm tài chính,3,Ít,Có,21000000,9,4,3,3,4,4,3,2,3,2,6,4,3,2,2,Không
NV20261804,27,Nữ,Độc thân,Hà Nội,Toàn thời gian,Thạc sĩ,Công nghệ thông tin,Nhân sự,Chuyên viên tuyển dụng,2,Không công tác,Không,19200000,6,14,5,2,4,4,3,1,4,1,4,3,2,2,2,Không
NV20261805,38,Nữ,Đã kết hôn,TP. Hồ Chí Minh,Toàn thời gian,Đại học,Tài chính,Marketing,Trưởng nhóm marketing,2,Ít,Không,24600000,13,6,3,2,4,4,1,3,5,3,18,3,1,1,2,Không
NV20261806,37,Nữ,Độc thân,Hà Nội,Toàn thời gian,Đại học,Công nghệ thông tin,Kinh doanh,Quản lý kinh doanh,2,Không công tác,Không,20900000,9,21,4,5,4,1,5,3,3,4,14,3,2,1,2,Không
NV20261807,20,Nữ,Đã kết hôn,TP. Hồ Chí Minh,Hợp đồng xác định thời hạn,Đại học,Nhân sự,Tài chính - Kế toán,Kế toán viên,1,Ít,Không,14700000,12,1,4,3,2,3,3,3,4,1,2,0,0,0,0,Có
NV20261808,44,Nữ,Đã kết hôn,TP. Hồ Chí Minh,Toàn thời gian,Cao đẳng,Marketing,Công nghệ thông tin,Lập trình viên,2,Ít,Không,23400000,9,9,4,4,4,5,2,2,4,3,15,2,1,1,2,Không
NV20261809,32,Nam,Độc thân,Bình Dương,Toàn thời gian,Đại học,Khác,Marketing,Chuyên viên marketing,2,Thường xuyên,Có,23500000,11,7,5,2,3,4,3,4,4,2,14,2,1,1,1,Không
NV20261810,30,Nam,Ly hôn,Bình Dương,Toàn thời gian,Thạc sĩ,Kỹ thuật,Vận hành,Nhân viên vận hành,1,Không công tác,Có,14200000,8,10,2,3,2,2,4,3,3,1,10,1,1,1,0,Có
NV20261811,38,Nữ,Đã kết hôn,Bình Dương,Toàn thời gian,Đại học,Công nghệ thông tin,Công nghệ thông tin,Kỹ sư dữ liệu,2,Thường xuyên,Không,23900000,14,5,3,3,4,1,4,2,4,0,14,3,2,2,2,Không
NV20261812,36,Nam,Độc thân,Bình Dương,Toàn thời gian,Đại học,Công nghệ thông tin,Công nghệ thông tin,Kỹ sư kiểm thử,3,Ít,Có,25900000,10,9,4,3,3,3,2,3,4,2,15,7,6,3,4,Không
NV20261813,27,Nữ,Độc thân,Hà Nội,Toàn thời gian,THPT,Kỹ thuật,Kinh doanh,Nhân viên kinh doanh,3,Không công tác,Không,21600000,11,9,3,3,3,4,3,2,1,3,4,4,3,2,1,Không
NV20261814,26,Nữ,Độc thân,Hà Nội,Toàn thời gian,Đại học,Kinh tế,Kinh doanh,Quản lý kinh doanh,3,Ít,Không,22200000,10,9,3,4,1,3,3,2,2,5,6,6,4,2,5,Không
NV20261815,26,Nam,Đã kết hôn,Bình Dương,Toàn thời gian,THPT,Công nghệ thông tin,Kinh doanh,Trưởng nhóm kinh doanh,1,Thường xuyên,Không,12100000,12,5,3,2,3,3,2,3,4,2,0,0,0,0,0,Không
NV20261816,46,Nam,Độc thân,TP. Hồ Chí Minh,Toàn thời gian,Thạc sĩ,Công nghệ thông tin,Nghiên cứu và Phát triển,Kỹ sư R&D,3,Không công tác,Không,33400000,15,7,2,4,3,3,3,4,1,0,26,4,2,2,1,Không
NV20261817,36,Nữ,Độc thân,Hải Phòng,Toàn thời gian,THPT,Khác,Nhân sự,Chuyên viên tuyển dụng,2,Thường xuyên,Không,18000000,8,20,4,2,3,1,3,4,3,2,9,2,1,1,1,Không
NV20261818,24,Nữ,Đã kết hôn,TP. Hồ Chí Minh,Toàn thời gian,THPT,Kinh tế,Kinh doanh,Nhân viên kinh doanh,3,Ít,Không,21000000,9,5,3,3,3,2,4,3,6,2,5,4,3,1,2,Không
NV20261819,30,Nam,Ly hôn,Cần Thơ,Hợp đồng xác định thời hạn,Đại học,Kỹ thuật,Công nghệ thông tin,Kỹ sư dữ liệu,3,Không công tác,Có,25300000,11,7,2,4,3,2,3,4,4,1,12,5,3,2,4,Có
NV20261820,34,Nữ,Đã kết hôn,Hà Nội,Toàn thời gian,Đại học,Nhân sự,Tài chính - Kế toán,Trưởng nhóm tài chính,2,Không công tác,Có,21900000,8,7,2,4,5,2,3,3,3,0,15,2,1,1,1,Có
NV20261821,28,Nữ,Độc thân,Hải Phòng,Toàn thời gian,Thạc sĩ,Khác,Vận hành,Trưởng nhóm vận hành,3,Ít,Có,23300000,3,4,4,3,4,5,4,4,2,4,6,6,5,1,3,Không
NV20261822,23,Nữ,Ly hôn,TP. Hồ Chí Minh,Toàn thời gian,Đại học,Khác,Công nghệ thông tin,Kỹ sư kiểm thử,1,Không công tác,Không,14400000,3,7,4,5,5,4,3,3,2,2,1,1,1,1,0,Không
NV20261823,27,Nam,Độc thân,TP. Hồ Chí Minh,Toàn thời gian,Đại học,Marketing,Kinh doanh,Quản lý kinh doanh,2,Không công tác,Không,17900000,11,19,3,3,4,2,5,3,4,6,4,2,1,1,1,Không
NV20261824,22,Nam,Đã kết hôn,Bình Dương,Toàn thời gian,THPT,Công nghệ thông tin,Marketing,Trưởng nhóm marketing,2,Không công tác,Không,15400000,10,1,2,4,3,3,4,3,2,1,2,2,1,1,1,Không
NV20261825,38,Nam,Đã kết hôn,Hải Phòng,Toàn thời gian,THPT,Tài chính,Chăm sóc khách hàng,Trưởng nhóm chăm sóc khách hàng,3,Không công tác,Không,24100000,10,2,2,1,4,5,5,2,2,3,13,5,3,4,4,Không
NV20261826,41,Nữ,Đã kết hôn,Hà Nội,Toàn thời gian,Đại học,Marketing,Tài chính - Kế toán,Trưởng nhóm tài chính,3,Ít,Không,25900000,6,7,4,2,4,4,4,3,5,1,13,5,4,1,3,Không
NV20261827,31,Nam,Đã kết hôn,Đà Nẵng,Toàn thời gian,Đại học,Công nghệ thông tin,Kinh doanh,Quản lý kinh doanh,1,Ít,Có,17000000,7,12,3,4,3,4,3,5,3,5,9,1,1,0,1,Không
NV20261828,20,Nữ,Đã kết hôn,Cần Thơ,Toàn thời gian,Đại học,Công nghệ thông tin,Vận hành,Điều phối viên,1,Ít,Có,13300000,14,9,4,4,4,2,4,2,4,2,2,0,0,0,0,Có
NV20261829,24,Nữ,Độc thân,Hà Nội,Toàn thời gian,Đại học,Khác,Công nghệ thông tin,Trưởng nhóm kỹ thuật,2,Không công tác,Không,19600000,9,6,4,4,2,2,3,3,3,0,4,2,2,1,1,Không
NV20261830,30,Nam,Đã kết hôn,TP. Hồ Chí Minh,Toàn thời gian,Cao đẳng,Công nghệ thông tin,Nghiên cứu và Phát triển,Chuyên viên R&D,4,Ít,Có,27000000,12,12,2,3,4,4,5,2,5,4,8,8,4,4,3,Có
NV20261831,29,Nam,Ly hôn,Bình Dương,Toàn thời gian,Cao đẳng,Công nghệ thông tin,Tài chính - Kế toán,Kế toán viên,1,Không công tác,Không,13600000,10,12,4,3,3,4,4,4,4,2,0,0,0,0,0,Không
NV20261832,30,Nam,Đã kết hôn,TP. Hồ Chí Minh,Toàn thời gian,Đại học,Công nghệ thông tin,Chăm sóc khách hàng,Trưởng nhóm chăm sóc khách hàng,2,Ít,Có,18900000,5,9,2,2,5,3,4,3,2,1,8,3,2,1,2,Có
NV20261833,24,Nữ,Đã kết hôn,Hà Nội,Thử việc,Đại học,Công nghệ thông tin,Kinh doanh,Nhân viên kinh doanh,1,Ít,Không,10800000,13,17,2,5,5,1,3,3,2,3,0,0,0,0,0,Có
NV20261834,28,Nam,Đã kết hôn,Cần Thơ,Thử việc,Tiến sĩ,Marketing,Nhân sự,Chuyên viên tuyển dụng,2,Ít,Không,19200000,9,9,2,4,4,4,5,4,1,2,7,2,1,1,1,Có
NV20261835,20,Nữ,Độc thân,Đà Nẵng,Toàn thời gian,Đại học,Nhân sự,Chăm sóc khách hàng,Nhân viên chăm sóc khách hàng,1,Ít,Không,12000000,7,3,5,2,3,4,5,4,5,3,0,0,0,0,0,Không
NV20261836,35,Nam,Độc thân,TP. Hồ Chí Minh,Toàn thời gian,Đại học,Nhân sự,Chăm sóc khách hàng,Trưởng nhóm chăm sóc khách hàng,2,Không công tác,Không,22200000,5,8,5,5,4,5,4,2,5,7,13,2,1,1,2,Không
NV20261837,41,Nữ,Đã kết hôn,Bình Dương,Toàn thời gian,Đại học,Khác,Công nghệ thông tin,Kỹ sư kiểm thử,5,Không công tác,Có,37100000,3,15,2,2,3,5,3,3,3,2,18,13,8,5,10,Không
NV20261838,41,Nữ,Đã kết hôn,Hà Nội,Hợp đồng xác định thời hạn,Đại học,Tài chính,Kinh doanh,Quản lý kinh doanh,4,Ít,Không,25200000,13,15,1,1,2,1,4,4,6,1,11,10,7,8,9,Không
NV20261839,32,Nam,Đã kết hôn,Hà Nội,Toàn thời gian,Cao đẳng,Kỹ thuật,Công nghệ thông tin,Kỹ sư kiểm thử,2,Ít,Không,21100000,10,12,4,5,5,3,1,2,4,2,5,2,1,1,2,Không
NV20261840,33,Nam,Đã kết hôn,TP. Hồ Chí Minh,Toàn thời gian,Thạc sĩ,Marketing,Tài chính - Kế toán,Kế toán viên,3,Không công tác,Không,25400000,7,22,1,1,4,4,3,5,4,1,13,4,3,2,1,Có
NV20261841,30,Nam,Độc thân,Hà Nội,Toàn thời gian,Đại học,Công nghệ thông tin,Nhân sự,Chuyên viên nhân sự,4,Không công tác,Không,33600000,11,19,3,2,4,2,4,5,1,4,12,8,5,4,3,Không
NV20261842,36,Nam,Độc thân,TP. Hồ Chí Minh,Hợp đồng xác định thời hạn,Cao đẳng,Kỹ thuật,Nghiên cứu và Phát triển,Kỹ sư R&D,2,Ít,Có,21800000,10,9,3,3,2,4,4,3,3,1,11,2,1,1,1,Không
NV20261843,37,Nữ,Độc thân,Cần Thơ,Toàn thời gian,Đại học,Khác,Chăm sóc khách hàng,Nhân viên chăm sóc khách hàng,4,Không công tác,Không,30400000,11,11,2,2,5,3,2,2,4,1,19,10,7,6,5,Không
NV20261844,36,Nam,Đã kết hôn,TP. Hồ Chí Minh,Toàn thời gian,Thạc sĩ,Tài chính,Nghiên cứu và Phát triển,Chuyên viên R&D,2,Ít,Không,20500000,7,13,3,4,5,3,3,3,5,3,11,2,1,1,1,Có
NV20261845,33,Nam,Đã kết hôn,Đà Nẵng,Hợp đồng xác định thời hạn,THPT,Kỹ thuật,Công nghệ thông tin,Kỹ sư kiểm thử,3,Ít,Không,25200000,13,3,5,5,4,4,4,3,2,3,8,5,2,4,4,Không
NV20261846,35,Nữ,Độc thân,Hải Phòng,Toàn thời gian,Đại học,Kinh tế,Kinh doanh,Trưởng nhóm kinh doanh,3,Không công tác,Không,24800000,5,6,4,2,4,3,4,3,2,1,12,4,2,1,2,Không
NV20261847,38,Nam,Đã kết hôn,Hà Nội,Toàn thời gian,Cao đẳng,Công nghệ thông tin,Vận hành,Điều phối viên,3,Thường xuyên,Không,25600000,6,2,4,4,4,2,4,1,1,2,18,5,4,1,3,Không
NV20261848,32,Nam,Ly hôn,TP. Hồ Chí Minh,Toàn thời gian,Đại học,Nhân sự,Tài chính - Kế toán,Trưởng nhóm tài chính,4,Thường xuyên,Không,25800000,11,9,5,5,5,3,2,3,4,0,10,10,8,4,3,Không
NV20261849,31,Nam,Đã kết hôn,Bình Dương,Hợp đồng xác định thời hạn,Đại học,Marketing,Tài chính - Kế toán,Trưởng nhóm tài chính,3,Không công tác,Không,22900000,10,19,1,2,3,5,5,4,4,2,8,6,4,1,3,Không
NV20261850,35,Nam,Độc thân,Cần Thơ,Toàn thời gian,Cao đẳng,Kỹ thuật,Vận hành,Điều phối viên,2,Không công tác,Không,24900000,9,2,4,3,3,3,3,5,5,2,17,2,1,1,1,Không
NV20261851,21,Nam,Đã kết hôn,Hải Phòng,Toàn thời gian,Đại học,Kỹ thuật,Nhân sự,Trưởng nhóm nhân sự,1,Không công tác,Không,12700000,8,18,5,3,2,5,5,4,3,0,2,1,1,1,1,Không
NV20261852,26,Nam,Đã kết hôn,Hải Phòng,Toàn thời gian,Cao đẳng,Công nghệ thông tin,Kinh doanh,Trưởng nhóm kinh doanh,2,Không công tác,Không,17500000,14,6,5,2,4,4,5,5,3,0,2,2,1,2,1,Không
NV20261853,37,Nữ,Độc thân,Cần Thơ,Toàn thời gian,THPT,Kỹ thuật,Nghiên cứu và Phát triển,Trưởng nhóm R&D,4,Thường xuyên,Có,30600000,6,7,4,1,5,3,4,3,2,2,17,8,6,2,6,Không
NV20261854,30,Nam,Đã kết hôn,Hà Nội,Toàn thời gian,Đại học,Nhân sự,Marketing,Trưởng nhóm marketing,3,Thường xuyên,Có,22100000,9,6,3,4,3,5,4,3,6,1,8,6,3,3,2,Không
NV20261855,33,Nam,Độc thân,Hà Nội,Toàn thời gian,Cao đẳng,Khác,Chăm sóc khách hàng,Trưởng nhóm chăm sóc khách hàng,3,Ít,Không,27300000,7,7,5,4,4,4,2,4,3,3,13,7,4,5,5,Không
NV20261856,38,Nữ,Độc thân,Cần Thơ,Toàn thời gian,Đại học,Công nghệ thông tin,Tài chính - Kế toán,Trưởng nhóm tài chính,2,Ít,Có,25800000,8,8,3,4,3,2,4,3,2,2,19,3,2,1,2,Có
NV20261857,36,Nữ,Đã kết hôn,Bình Dương,Toàn thời gian,Đại học,Công nghệ thông tin,Công nghệ thông tin,Trưởng nhóm kỹ thuật,3,Ít,Không,23300000,10,3,3,2,3,2,4,2,4,3,7,5,4,3,3,Không
NV20261858,26,Nữ,Đã kết hôn,Hà Nội,Toàn thời gian,Thạc sĩ,Công nghệ thông tin,Kinh doanh,Quản lý kinh doanh,2,Không công tác,Có,16900000,20,12,2,5,3,4,4,4,2,4,3,3,3,2,2,Có
NV20261859,26,Nam,Độc thân,Hà Nội,Toàn thời gian,Cao đẳng,Kinh tế,Chăm sóc khách hàng,Nhân viên chăm sóc khách hàng,2,Ít,Không,18400000,5,22,5,4,3,3,4,3,3,3,8,2,1,0,2,Có
NV20261860,33,Nữ,Ly hôn,TP. Hồ Chí Minh,Hợp đồng xác định thời hạn,Đại học,Marketing,Kinh doanh,Quản lý kinh doanh,3,Không công tác,Có,23300000,8,8,2,5,3,3,2,5,2,1,5,5,4,2,2,Không
NV20261861,20,Nữ,Đã kết hôn,TP. Hồ Chí Minh,Toàn thời gian,Đại học,Kỹ thuật,Công nghệ thông tin,Trưởng nhóm kỹ thuật,1,Ít,Không,11400000,7,27,5,5,4,4,4,2,1,1,0,0,0,0,0,Không
NV20261862,36,Nữ,Đã kết hôn,TP. Hồ Chí Minh,Hợp đồng xác định thời hạn,THPT,Marketing,Kinh doanh,Trưởng nhóm kinh doanh,2,Ít,Không,20700000,9,4,1,4,5,1,5,3,2,1,11,3,2,2,2,Không
NV20261863,33,Nam,Ly hôn,Hà Nội,Toàn thời gian,Thạc sĩ,Công nghệ thông tin,Marketing,Trưởng nhóm marketing,3,Không công tác,Không,26400000,14,5,2,2,5,3,2,4,2,0,10,6,4,3,2,Không
NV20261864,23,Nữ,Đã kết hôn,Hà Nội,Hợp đồng xác định thời hạn,Cao đẳng,Marketing,Công nghệ thông tin,Kỹ sư dữ liệu,1,Ít,Không,13100000,10,6,4,5,4,4,4,3,2,2,5,1,1,0,1,Không
NV20261865,29,Nam,Độc thân,TP. Hồ Chí Minh,Toàn thời gian,Đại học,Kỹ thuật,Tài chính - Kế toán,Trưởng nhóm tài chính,3,Không công tác,Có,22300000,5,23,4,3,4,4,3,5,2,3,7,5,3,2,4,Không
NV20261866,21,Nam,Ly hôn,TP. Hồ Chí Minh,Toàn thời gian,Đại học,Công nghệ thông tin,Công nghệ thông tin,Trưởng nhóm kỹ thuật,1,Ít,Không,13700000,9,10,2,3,5,5,4,3,4,1,1,0,0,0,0,Không
NV20261867,27,Nam,Ly hôn,TP. Hồ Chí Minh,Thử việc,Cao đẳng,Kinh tế,Nhân sự,Chuyên viên nhân sự,1,Không công tác,Không,10800000,7,7,2,2,5,3,3,2,4,0,0,0,0,0,0,Không
NV20261868,26,Nữ,Độc thân,Hà Nội,Toàn thời gian,Đại học,Công nghệ thông tin,Nhân sự,Trưởng nhóm nhân sự,3,Không công tác,Không,20200000,14,10,3,2,4,4,4,4,2,4,7,6,4,4,3,Không
NV20261869,23,Nữ,Ly hôn,Hà Nội,Toàn thời gian,Thạc sĩ,Kinh tế,Công nghệ thông tin,Kỹ sư dữ liệu,1,Ít,Có,10800000,7,15,2,3,4,4,4,3,3,0,0,0,0,0,0,Có
NV20261870,39,Nữ,Ly hôn,Hải Phòng,Toàn thời gian,Đại học,Tài chính,Marketing,Trưởng nhóm marketing,4,Ít,Có,29500000,6,23,2,3,4,4,4,3,0,3,10,8,7,4,6,Có
NV20261871,39,Nữ,Độc thân,TP. Hồ Chí Minh,Hợp đồng xác định thời hạn,Đại học,Khác,Chăm sóc khách hàng,Trưởng nhóm chăm sóc khách hàng,2,Ít,Có,18100000,7,9,1,4,2,2,1,4,4,1,10,3,1,2,1,Có
NV20261872,27,Nam,Độc thân,Hà Nội,Toàn thời gian,Cao đẳng,Tài chính,Vận hành,Trưởng nhóm vận hành,3,Ít,Không,25100000,18,8,3,3,3,1,4,4,4,1,9,6,3,3,3,Không
NV20261873,29,Nam,Độc thân,TP. Hồ Chí Minh,Toàn thời gian,Đại học,Công nghệ thông tin,Công nghệ thông tin,Trưởng nhóm kỹ thuật,1,Không công tác,Có,14200000,16,26,5,3,5,3,4,2,3,2,1,1,0,1,0,Có
NV20261874,34,Nam,Đã kết hôn,Hải Phòng,Thử việc,Đại học,Khác,Tài chính - Kế toán,Kế toán viên,4,Không công tác,Không,29200000,8,5,5,4,5,4,2,3,3,2,15,10,5,5,7,Không
NV20261875,25,Nam,Độc thân,Bình Dương,Toàn thời gian,Đại học,Kinh tế,Chăm sóc khách hàng,Nhân viên chăm sóc khách hàng,3,Ít,Không,22200000,13,1,3,5,3,4,4,5,3,2,7,5,2,2,3,Không
NV20261876,30,Nữ,Độc thân,Đà Nẵng,Toàn thời gian,Đại học,Công nghệ thông tin,Công nghệ thông tin,Lập trình viên,3,Không công tác,Không,23300000,10,14,4,4,3,4,5,2,2,2,4,4,2,1,2,Không
NV20261877,33,Nữ,Ly hôn,TP. Hồ Chí Minh,Hợp đồng xác định thời hạn,Thạc sĩ,Công nghệ thông tin,Chăm sóc khách hàng,Nhân viên chăm sóc khách hàng,3,Ít,Không,26400000,10,2,2,1,5,1,1,3,3,2,13,5,3,2,3,Không
NV20261878,39,Nữ,Độc thân,Bình Dương,Toàn thời gian,Đại học,Công nghệ thông tin,Kinh doanh,Nhân viên kinh doanh,2,Ít,Không,24100000,9,11,2,4,3,4,2,5,2,4,16,2,1,2,1,Không
NV20261879,36,Nữ,Độc thân,TP. Hồ Chí Minh,Toàn thời gian,Đại học,Kỹ thuật,Kinh doanh,Nhân viên kinh doanh,3,Không công tác,Không,26100000,16,8,2,3,5,4,4,4,3,4,15,5,3,1,2,Không
NV20261880,34,Nữ,Đã kết hôn,Hà Nội,Toàn thời gian,Thạc sĩ,Marketing,Nghiên cứu và Phát triển,Kỹ sư R&D,2,Ít,Không,20300000,13,6,2,4,4,2,3,4,3,3,11,2,2,1,2,Không
NV20261881,31,Nam,Đã kết hôn,Hà Nội,Toàn thời gian,Thạc sĩ,Tài chính,Công nghệ thông tin,Lập trình viên,4,Ít,Không,29700000,6,6,3,3,1,3,3,4,3,0,10,9,5,6,7,Không
NV20261882,31,Nam,Độc thân,Hà Nội,Toàn thời gian,Cao đẳng,Công nghệ thông tin,Vận hành,Nhân viên vận hành,1,Thường xuyên,Không,13800000,11,4,3,4,3,3,5,3,3,1,0,0,0,0,0,Không
NV20261883,28,Nam,Đã kết hôn,Cần Thơ,Toàn thời gian,Đại học,Tài chính,Vận hành,Trưởng nhóm vận hành,3,Không công tác,Có,20200000,8,5,1,2,4,3,2,3,2,1,5,5,3,2,2,Không
NV20261884,32,Nam,Độc thân,TP. Hồ Chí Minh,Toàn thời gian,Đại học,Kỹ thuật,Tài chính - Kế toán,Chuyên viên tài chính,2,Ít,Không,17000000,7,10,4,4,1,3,4,5,3,1,6,3,1,2,2,Không
NV20261885,24,Nữ,Đã kết hôn,Hà Nội,Hợp đồng xác định thời hạn,Thạc sĩ,Nhân sự,Marketing,Chuyên viên nội dung,1,Thường xuyên,Có,11500000,8,9,3,3,4,2,5,3,1,1,0,0,0,0,0,Có
NV20261886,43,Nam,Độc thân,Hà Nội,Thử việc,Đại học,Kinh tế,Vận hành,Nhân viên vận hành,2,Thường xuyên,Không,26300000,15,14,2,3,3,3,3,4,1,1,25,3,2,2,2,Không
NV20261887,42,Nữ,Độc thân,TP. Hồ Chí Minh,Hợp đồng xác định thời hạn,Cao đẳng,Kỹ thuật,Nhân sự,Chuyên viên nhân sự,1,Ít,Không,21100000,8,4,4,1,3,5,3,2,4,1,19,1,1,0,1,Không
NV20261888,38,Nữ,Độc thân,Đà Nẵng,Toàn thời gian,Cao đẳng,Công nghệ thông tin,Marketing,Chuyên viên nội dung,2,Ít,Có,22900000,6,6,2,3,1,2,1,4,2,1,17,2,1,1,2,Có
NV20261889,20,Nữ,Ly hôn,TP. Hồ Chí Minh,Thử việc,Đại học,Khác,Công nghệ thông tin,Trưởng nhóm kỹ thuật,1,Không công tác,Có,12700000,9,7,5,5,4,3,4,4,3,0,0,0,0,0,0,Có
NV20261890,34,Nam,Độc thân,TP. Hồ Chí Minh,Thử việc,Đại học,Công nghệ thông tin,Kinh doanh,Quản lý kinh doanh,1,Ít,Không,17400000,12,3,3,4,3,3,5,3,1,4,14,1,1,0,1,Có
NV20261891,34,Nam,Độc thân,Bình Dương,Toàn thời gian,Cao đẳng,Tài chính,Vận hành,Nhân viên vận hành,3,Không công tác,Không,24300000,7,11,4,4,3,3,5,3,1,0,9,6,5,2,5,Không
NV20261892,25,Nữ,Đã kết hôn,Cần Thơ,Hợp đồng xác định thời hạn,Cao đẳng,Kinh tế,Tài chính - Kế toán,Chuyên viên tài chính,1,Không công tác,Có,13500000,12,13,2,5,3,3,4,3,3,2,1,1,1,1,0,Có
NV20261893,21,Nữ,Đã kết hôn,TP. Hồ Chí Minh,Toàn thời gian,Cao đẳng,Công nghệ thông tin,Nghiên cứu và Phát triển,Chuyên viên R&D,1,Ít,Không,12000000,11,7,4,4,5,2,3,2,4,2,3,1,1,0,1,Có
NV20261894,34,Nữ,Ly hôn,Hà Nội,Toàn thời gian,Đại học,Khác,Công nghệ thông tin,Trưởng nhóm kỹ thuật,4,Ít,Không,28900000,10,9,4,3,4,2,5,3,5,3,12,10,6,5,6,Không
NV20261895,38,Nữ,Độc thân,Đà Nẵng,Toàn thời gian,Thạc sĩ,Tài chính,Nghiên cứu và Phát triển,Chuyên viên R&D,1,Ít,Không,19100000,10,13,1,4,5,2,1,4,5,3,16,1,1,0,1,Có
NV20261896,36,Nam,Đã kết hôn,Hà Nội,Toàn thời gian,Đại học,Khác,Nghiên cứu và Phát triển,Chuyên viên R&D,2,Không công tác,Có,20100000,11,2,2,4,2,3,4,4,2,1,6,2,1,1,1,Không
NV20261897,28,Nam,Độc thân,Hà Nội,Toàn thời gian,Đại học,Tài chính,Công nghệ thông tin,Lập trình viên,3,Ít,Không,24300000,12,2,2,3,5,4,3,4,4,3,5,5,2,2,2,Không
NV20261898,40,Nam,Độc thân,Đà Nẵng,Toàn thời gian,Cao đẳng,Tài chính,Marketing,Trưởng nhóm marketing,1,Không công tác,Không,16600000,7,6,4,3,3,3,2,3,1,1,11,1,1,1,1,Không
NV20261899,40,Nam,Đã kết hôn,TP. Hồ Chí Minh,Toàn thời gian,Đại học,Công nghệ thông tin,Kinh doanh,Nhân viên kinh doanh,2,Không công tác,Không,23300000,13,3,3,5,2,3,4,3,4,1,14,2,1,1,1,Không
NV20261900,37,Nam,Đã kết hôn,TP. Hồ Chí Minh,Toàn thời gian,Đại học,Kỹ thuật,Chăm sóc khách hàng,Trưởng nhóm chăm sóc khách hàng,2,Ít,Không,20400000,6,5,4,5,3,1,5,2,3,5,13,2,1,1,1,Không
NV20261901,32,Nam,Đã kết hôn,TP. Hồ Chí Minh,Toàn thời gian,Đại học,Marketing,Tài chính - Kế toán,Trưởng nhóm tài chính,4,Không công tác,Không,28700000,7,8,4,4,3,2,5,4,3,3,14,10,4,8,4,Không
NV20261902,25,Nam,Đã kết hôn,TP. Hồ Chí Minh,Toàn thời gian,Thạc sĩ,Marketing,Marketing,Trưởng nhóm marketing,2,Ít,Không,15600000,12,14,4,3,2,3,3,2,0,1,5,3,1,1,1,Không
NV20261903,20,Nam,Đã kết hôn,Hà Nội,Toàn thời gian,THPT,Kinh tế,Tài chính - Kế toán,Chuyên viên tài chính,1,Không công tác,Có,9600000,9,6,2,3,4,2,3,2,3,1,0,0,0,0,0,Không
NV20261904,31,Nam,Ly hôn,Hà Nội,Hợp đồng xác định thời hạn,Đại học,Tài chính,Công nghệ thông tin,Kỹ sư kiểm thử,1,Thường xuyên,Có,13300000,9,9,3,2,4,3,4,3,2,2,4,1,0,1,0,Có
NV20261905,20,Nam,Đã kết hôn,Hải Phòng,Thử việc,THPT,Khác,Nghiên cứu và Phát triển,Trưởng nhóm R&D,1,Không công tác,Có,13300000,14,12,5,4,3,4,1,1,5,1,2,0,0,0,0,Có
NV20261906,24,Nam,Độc thân,TP. Hồ Chí Minh,Toàn thời gian,Đại học,Marketing,Kinh doanh,Trưởng nhóm kinh doanh,2,Không công tác,Có,18900000,12,11,3,3,1,1,1,5,2,2,6,3,2,1,3,Không
NV20261907,47,Nữ,Độc thân,Đà Nẵng,Toàn thời gian,Đại học,Kỹ thuật,Nhân sự,Chuyên viên tuyển dụng,2,Không công tác,Không,24300000,8,4,4,4,4,3,4,3,4,1,24,2,1,1,1,Không
NV20261908,21,Nam,Độc thân,TP. Hồ Chí Minh,Toàn thời gian,Đại học,Khác,Kinh doanh,Trưởng nhóm kinh doanh,1,Ít,Có,9700000,6,12,3,3,2,4,4,3,4,0,0,0,0,0,0,Có
NV20261909,24,Nữ,Đã kết hôn,TP. Hồ Chí Minh,Toàn thời gian,Cao đẳng,Kỹ thuật,Công nghệ thông tin,Kỹ sư kiểm thử,2,Ít,Không,17100000,9,19,4,5,5,3,4,3,2,3,2,2,2,1,1,Không
NV20261910,20,Nữ,Đã kết hôn,Hà Nội,Toàn thời gian,Đại học,Nhân sự,Công nghệ thông tin,Lập trình viên,1,Ít,Không,11600000,7,3,3,3,4,5,4,3,2,3,0,0,0,0,0,Không
NV20261911,27,Nam,Đã kết hôn,TP. Hồ Chí Minh,Toàn thời gian,Đại học,Tài chính,Marketing,Chuyên viên marketing,1,Ít,Không,11800000,6,3,4,4,3,3,1,3,6,3,0,0,0,0,0,Không
NV20261912,37,Nữ,Độc thân,TP. Hồ Chí Minh,Toàn thời gian,Cao đẳng,Marketing,Chăm sóc khách hàng,Trưởng nhóm chăm sóc khách hàng,4,Ít,Không,29600000,15,9,3,3,3,5,2,4,3,4,17,9,7,2,7,Không
NV20261913,28,Nữ,Độc thân,Đà Nẵng,Hợp đồng xác định thời hạn,Đại học,Công nghệ thông tin,Kinh doanh,Quản lý kinh doanh,3,Không công tác,Không,18500000,9,6,4,3,2,5,5,3,4,3,4,4,3,1,2,Không
NV20261914,27,Nam,Độc thân,Đà Nẵng,Toàn thời gian,Thạc sĩ,Kinh tế,Kinh doanh,Quản lý kinh doanh,1,Không công tác,Không,14000000,14,19,3,3,4,5,5,2,2,0,6,1,1,0,1,Không
NV20261915,38,Nam,Độc thân,TP. Hồ Chí Minh,Toàn thời gian,Đại học,Nhân sự,Kinh doanh,Quản lý kinh doanh,1,Không công tác,Có,19100000,9,8,4,2,1,2,3,3,4,1,18,1,1,0,1,Không
NV20261916,36,Nam,Độc thân,Hà Nội,Toàn thời gian,Thạc sĩ,Công nghệ thông tin,Kinh doanh,Nhân viên kinh doanh,2,Ít,Có,21100000,11,17,2,3,5,3,5,3,4,2,12,3,2,2,1,Có
NV20261917,21,Nam,Ly hôn,Cần Thơ,Hợp đồng xác định thời hạn,Tiến sĩ,Marketing,Nghiên cứu và Phát triển,Kỹ sư R&D,1,Không công tác,Không,12000000,6,8,2,4,3,2,4,4,4,2,0,0,0,0,0,Không
NV20261918,30,Nữ,Độc thân,Hải Phòng,Toàn thời gian,Đại học,Kỹ thuật,Công nghệ thông tin,Kỹ sư dữ liệu,3,Ít,Không,23700000,10,5,3,2,4,2,4,3,3,3,8,4,3,2,2,Có
NV20261919,33,Nam,Độc thân,TP. Hồ Chí Minh,Toàn thời gian,Cao đẳng,Kỹ thuật,Chăm sóc khách hàng,Nhân viên chăm sóc khách hàng,2,Không công tác,Không,17000000,6,12,4,3,2,3,3,3,4,1,2,2,2,1,2,Không
NV20261920,27,Nam,Đã kết hôn,TP. Hồ Chí Minh,Hợp đồng xác định thời hạn,THPT,Kỹ thuật,Nhân sự,Chuyên viên nhân sự,2,Ít,Không,18200000,13,23,4,5,4,5,4,3,2,6,3,3,2,1,2,Không
NV20261921,30,Nam,Đã kết hôn,Hà Nội,Hợp đồng xác định thời hạn,Cao đẳng,Khác,Công nghệ thông tin,Lập trình viên,4,Không công tác,Không,26300000,16,1,4,3,4,2,1,4,4,6,11,8,6,2,4,Không
NV20261922,31,Nam,Ly hôn,Hà Nội,Toàn thời gian,Tiến sĩ,Khác,Nghiên cứu và Phát triển,Kỹ sư R&D,3,Thường xuyên,Không,27500000,10,3,3,1,4,4,3,3,3,0,13,6,2,2,5,Không
NV20261923,34,Nữ,Đã kết hôn,Hà Nội,Toàn thời gian,Thạc sĩ,Công nghệ thông tin,Kinh doanh,Nhân viên kinh doanh,5,Ít,Không,31800000,7,6,3,2,4,5,2,3,6,5,14,13,8,6,4,Không
NV20261924,24,Nữ,Độc thân,Bình Dương,Toàn thời gian,Đại học,Kinh tế,Vận hành,Nhân viên vận hành,1,Không công tác,Có,11200000,11,10,4,3,3,4,2,5,4,0,0,0,0,0,0,Có
NV20261925,37,Nam,Đã kết hôn,Hà Nội,Hợp đồng xác định thời hạn,Đại học,Kỹ thuật,Công nghệ thông tin,Kỹ sư kiểm thử,2,Ít,Có,21400000,10,6,2,4,4,4,3,3,6,1,18,2,1,1,2,Có
NV20261926,26,Nữ,Đã kết hôn,TP. Hồ Chí Minh,Thử việc,Cao đẳng,Khác,Công nghệ thông tin,Trưởng nhóm kỹ thuật,1,Không công tác,Có,16800000,13,7,4,4,4,4,4,3,5,5,8,0,0,0,0,Không
NV20261927,39,Nữ,Độc thân,Hà Nội,Thử việc,Đại học,Công nghệ thông tin,Kinh doanh,Trưởng nhóm kinh doanh,3,Ít,Không,22600000,8,11,4,5,4,2,4,3,3,2,4,4,2,1,3,Không
NV20261928,20,Nữ,Độc thân,Hà Nội,Toàn thời gian,THPT,Công nghệ thông tin,Công nghệ thông tin,Trưởng nhóm kỹ thuật,1,Không công tác,Không,12900000,6,8,4,2,2,4,2,4,1,1,0,0,0,0,0,Không
NV20261929,25,Nam,Độc thân,TP. Hồ Chí Minh,Toàn thời gian,Đại học,Công nghệ thông tin,Kinh doanh,Trưởng nhóm kinh doanh,2,Thường xuyên,Không,15200000,11,7,5,4,5,3,2,4,1,1,3,3,2,1,2,Không
NV20261930,35,Nữ,Ly hôn,Hà Nội,Toàn thời gian,Cao đẳng,Khác,Marketing,Chuyên viên marketing,1,Thường xuyên,Không,20500000,11,4,1,4,4,4,4,4,2,5,16,1,1,1,1,Có
NV20261931,22,Nữ,Độc thân,TP. Hồ Chí Minh,Toàn thời gian,Đại học,Khác,Công nghệ thông tin,Lập trình viên,1,Không công tác,Có,13700000,8,13,2,2,3,4,5,4,5,1,0,0,0,0,0,Có
NV20261932,20,Nữ,Đã kết hôn,TP. Hồ Chí Minh,Toàn thời gian,Đại học,Nhân sự,Tài chính - Kế toán,Trưởng nhóm tài chính,1,Ít,Không,14600000,7,14,1,3,5,4,4,3,3,1,0,0,0,0,0,Không
NV20261933,20,Nam,Độc thân,Bình Dương,Toàn thời gian,Đại học,Marketing,Vận hành,Trưởng nhóm vận hành,1,Ít,Không,9900000,5,5,4,3,4,4,3,5,2,0,0,0,0,0,0,Không
NV20261934,43,Nữ,Đã kết hôn,Cần Thơ,Toàn thời gian,Thạc sĩ,Kỹ thuật,Công nghệ thông tin,Kỹ sư kiểm thử,2,Không công tác,Không,22600000,11,15,3,3,2,1,2,3,3,3,24,3,2,1,1,Có
NV20261935,46,Nam,Độc thân,TP. Hồ Chí Minh,Toàn thời gian,THPT,Kỹ thuật,Vận hành,Điều phối viên,2,Ít,Có,27900000,8,1,2,2,3,4,4,2,4,1,24,2,1,1,1,Không
NV20261936,28,Nữ,Đã kết hôn,Hà Nội,Toàn thời gian,Đại học,Kỹ thuật,Chăm sóc khách hàng,Trưởng nhóm chăm sóc khách hàng,3,Không công tác,Không,21600000,5,15,5,4,4,3,4,3,3,2,7,5,4,1,4,Không
NV20261937,38,Nữ,Độc thân,TP. Hồ Chí Minh,Toàn thời gian,Thạc sĩ,Công nghệ thông tin,Vận hành,Nhân viên vận hành,4,Ít,Có,31600000,11,12,4,4,4,5,3,5,4,2,20,8,4,2,7,Có
NV20261938,30,Nữ,Đã kết hôn,Hà Nội,Toàn thời gian,Cao đẳng,Nhân sự,Kinh doanh,Nhân viên kinh doanh,3,Không công tác,Có,20800000,8,8,3,4,2,4,2,3,1,5,11,5,3,1,4,Không
NV20261939,26,Nam,Đã kết hôn,Cần Thơ,Toàn thời gian,Đại học,Nhân sự,Công nghệ thông tin,Lập trình viên,1,Không công tác,Không,12700000,12,8,4,4,2,4,1,2,4,3,1,1,1,1,1,Không
NV20261940,20,Nữ,Đã kết hôn,Hà Nội,Toàn thời gian,Đại học,Marketing,Công nghệ thông tin,Kỹ sư kiểm thử,1,Không công tác,Không,15500000,6,6,4,4,5,2,4,4,3,1,0,0,0,0,0,Có
NV20261941,26,Nữ,Đã kết hôn,Hải Phòng,Toàn thời gian,Thạc sĩ,Marketing,Marketing,Chuyên viên marketing,1,Thường xuyên,Không,10300000,8,5,3,3,4,3,2,3,4,1,0,0,0,0,0,Có
NV20261942,23,Nam,Đã kết hôn,TP. Hồ Chí Minh,Toàn thời gian,Cao đẳng,Công nghệ thông tin,Chăm sóc khách hàng,Trưởng nhóm chăm sóc khách hàng,2,Ít,Có,17700000,13,2,5,2,5,5,4,4,4,3,4,3,2,1,2,Có
NV20261943,23,Nữ,Độc thân,Hà Nội,Hợp đồng xác định thời hạn,Đại học,Kinh tế,Marketing,Chuyên viên marketing,2,Ít,Không,15500000,11,11,4,2,4,5,4,3,4,4,2,2,1,1,1,Không
NV20261944,38,Nữ,Độc thân,Đà Nẵng,Thử việc,Đại học,Kinh tế,Tài chính - Kế toán,Trưởng nhóm tài chính,4,Không công tác,Có,32000000,16,7,4,2,2,2,2,2,1,4,20,10,8,5,4,Không
NV20261945,30,Nữ,Đã kết hôn,Hà Nội,Toàn thời gian,Cao đẳng,Kinh tế,Kinh doanh,Nhân viên kinh doanh,1,Không công tác,Không,12400000,6,7,3,4,2,2,3,3,3,1,1,1,0,0,1,Không
NV20261946,27,Nam,Độc thân,TP. Hồ Chí Minh,Toàn thời gian,Đại học,Tài chính,Marketing,Chuyên viên nội dung,2,Không công tác,Không,18700000,9,1,1,4,2,1,2,2,6,1,8,2,1,1,1,Không
NV20261947,40,Nam,Đã kết hôn,Hà Nội,Thử việc,Cao đẳng,Marketing,Công nghệ thông tin,Lập trình viên,3,Không công tác,Không,28400000,11,11,2,3,3,2,4,2,1,1,21,4,3,2,3,Có
NV20261948,28,Nữ,Đã kết hôn,Cần Thơ,Toàn thời gian,Thạc sĩ,Nhân sự,Công nghệ thông tin,Lập trình viên,3,Không công tác,Có,24800000,7,4,4,5,3,2,4,3,5,5,10,4,3,2,2,Có
NV20261949,27,Nam,Độc thân,TP. Hồ Chí Minh,Toàn thời gian,Cao đẳng,Kinh tế,Nhân sự,Chuyên viên tuyển dụng,1,Không công tác,Có,10800000,11,8,1,4,4,2,3,3,3,2,1,1,1,1,1,Không
NV20261950,36,Nam,Đã kết hôn,Cần Thơ,Hợp đồng xác định thời hạn,Thạc sĩ,Khác,Marketing,Chuyên viên marketing,3,Ít,Không,25400000,17,3,4,2,2,4,4,2,4,1,11,6,2,3,4,Có
NV20261951,31,Nữ,Độc thân,TP. Hồ Chí Minh,Toàn thời gian,Cao đẳng,Nhân sự,Chăm sóc khách hàng,Nhân viên chăm sóc khách hàng,2,Ít,Có,21500000,7,7,5,2,2,3,3,4,3,0,12,3,1,1,2,Không
NV20261952,24,Nam,Đã kết hôn,Hải Phòng,Toàn thời gian,Đại học,Nhân sự,Nhân sự,Chuyên viên tuyển dụng,1,Ít,Không,11400000,7,5,2,4,3,3,3,4,3,2,1,1,0,0,0,Không
NV20261953,30,Nam,Độc thân,Hải Phòng,Thử việc,Thạc sĩ,Công nghệ thông tin,Công nghệ thông tin,Kỹ sư dữ liệu,3,Ít,Không,23900000,11,10,2,2,1,3,2,2,3,0,10,4,3,3,3,Không
NV20261954,30,Nam,Độc thân,TP. Hồ Chí Minh,Toàn thời gian,Đại học,Công nghệ thông tin,Công nghệ thông tin,Kỹ sư dữ liệu,2,Ít,Không,17700000,3,7,5,3,3,5,5,4,0,2,6,3,1,1,1,Không
NV20261955,36,Nữ,Đã kết hôn,Hà Nội,Toàn thời gian,Đại học,Marketing,Chăm sóc khách hàng,Nhân viên chăm sóc khách hàng,5,Ít,Có,33100000,4,12,4,4,3,1,2,3,2,1,15,14,11,11,11,Không
NV20261956,23,Nam,Ly hôn,Đà Nẵng,Toàn thời gian,Đại học,Công nghệ thông tin,Tài chính - Kế toán,Chuyên viên tài chính,1,Không công tác,Không,15700000,7,5,2,3,3,3,3,5,0,3,0,0,0,0,0,Có
NV20261957,25,Nam,Độc thân,TP. Hồ Chí Minh,Toàn thời gian,Đại học,Khác,Công nghệ thông tin,Lập trình viên,2,Thường xuyên,Không,15500000,11,10,5,5,3,3,3,4,3,0,2,2,1,1,1,Có
NV20261958,38,Nữ,Đã kết hôn,TP. Hồ Chí Minh,Toàn thời gian,Đại học,Kinh tế,Marketing,Chuyên viên marketing,3,Không công tác,Không,26600000,6,1,5,3,3,4,4,3,1,0,17,4,2,3,3,Không
NV20261959,32,Nam,Độc thân,TP. Hồ Chí Minh,Toàn thời gian,Đại học,Nhân sự,Nhân sự,Trưởng nhóm nhân sự,3,Ít,Không,22700000,10,13,5,4,3,4,5,3,4,2,8,4,2,1,2,Không
NV20261960,37,Nữ,Độc thân,Hà Nội,Toàn thời gian,Cao đẳng,Kỹ thuật,Marketing,Chuyên viên nội dung,4,Ít,Có,26100000,8,15,3,3,2,5,5,5,1,0,9,8,6,3,5,Không
NV20261961,31,Nam,Độc thân,Hải Phòng,Hợp đồng xác định thời hạn,Tiến sĩ,Công nghệ thông tin,Vận hành,Điều phối viên,4,Ít,Không,28700000,10,14,1,5,4,2,1,3,3,1,13,9,4,7,4,Không
NV20261962,31,Nam,Độc thân,Bình Dương,Thử việc,Đại học,Công nghệ thông tin,Vận hành,Trưởng nhóm vận hành,4,Không công tác,Có,25700000,8,14,3,1,3,3,4,4,6,2,11,8,6,4,4,Không
NV20261963,32,Nam,Đã kết hôn,TP. Hồ Chí Minh,Toàn thời gian,Đại học,Marketing,Kinh doanh,Trưởng nhóm kinh doanh,2,Không công tác,Có,16500000,7,6,4,5,1,4,3,3,5,2,4,2,1,1,1,Không
NV20261964,26,Nam,Đã kết hôn,TP. Hồ Chí Minh,Hợp đồng xác định thời hạn,Thạc sĩ,Kinh tế,Marketing,Chuyên viên nội dung,2,Không công tác,Không,18700000,12,4,2,4,2,3,3,3,3,1,3,3,2,2,1,Có
NV20261965,38,Nữ,Đã kết hôn,Bình Dương,Toàn thời gian,Cao đẳng,Khác,Công nghệ thông tin,Kỹ sư kiểm thử,3,Không công tác,Không,28300000,12,16,5,2,4,3,4,5,1,1,14,5,3,4,4,Không
NV20261966,28,Nữ,Đã kết hôn,Bình Dương,Toàn thời gian,Cao đẳng,Công nghệ thông tin,Nhân sự,Trưởng nhóm nhân sự,3,Không công tác,Không,22300000,6,4,2,5,3,3,1,3,3,1,10,6,5,3,3,Không
NV20261967,34,Nam,Độc thân,TP. Hồ Chí Minh,Toàn thời gian,Cao đẳng,Tài chính,Kinh doanh,Quản lý kinh doanh,3,Ít,Không,22300000,14,4,2,1,3,4,4,3,3,3,6,6,3,3,2,Có
NV20261968,23,Nữ,Độc thân,Cần Thơ,Toàn thời gian,Đại học,Khác,Vận hành,Nhân viên vận hành,1,Thường xuyên,Không,13200000,5,8,3,3,4,3,4,2,3,2,0,0,0,0,0,Không
NV20261969,26,Nữ,Độc thân,TP. Hồ Chí Minh,Toàn thời gian,Đại học,Khác,Kinh doanh,Quản lý kinh doanh,2,Không công tác,Không,17400000,11,7,3,3,4,5,4,2,6,0,6,2,1,2,1,Có
NV20261970,46,Nam,Độc thân,Đà Nẵng,Hợp đồng xác định thời hạn,Thạc sĩ,Công nghệ thông tin,Chăm sóc khách hàng,Nhân viên chăm sóc khách hàng,2,Không công tác,Không,24600000,7,15,5,4,5,2,3,3,5,0,17,2,1,1,2,Không
NV20261971,24,Nữ,Đã kết hôn,Đà Nẵng,Toàn thời gian,Thạc sĩ,Công nghệ thông tin,Tài chính - Kế toán,Trưởng nhóm tài chính,1,Ít,Có,13800000,4,10,4,3,3,5,3,3,2,4,0,0,0,0,0,Có
NV20261972,26,Nam,Đã kết hôn,Hải Phòng,Toàn thời gian,Đại học,Khác,Công nghệ thông tin,Kỹ sư kiểm thử,1,Ít,Không,11100000,11,9,1,4,3,4,3,3,4,2,0,0,0,0,0,Không
NV20261973,35,Nam,Đã kết hôn,TP. Hồ Chí Minh,Toàn thời gian,Cao đẳng,Kinh tế,Chăm sóc khách hàng,Trưởng nhóm chăm sóc khách hàng,2,Không công tác,Không,19300000,6,42,3,2,4,3,3,3,4,4,10,3,2,2,1,Có
NV20261974,31,Nam,Độc thân,Hải Phòng,Toàn thời gian,Thạc sĩ,Công nghệ thông tin,Kinh doanh,Quản lý kinh doanh,2,Ít,Có,21000000,9,16,5,4,4,2,4,3,3,1,13,3,2,1,3,Không
NV20261975,25,Nữ,Độc thân,Hà Nội,Thử việc,Đại học,Công nghệ thông tin,Công nghệ thông tin,Kỹ sư kiểm thử,3,Không công tác,Không,21400000,8,6,4,1,4,3,5,4,6,2,6,5,3,3,3,Có
NV20261976,37,Nam,Đã kết hôn,TP. Hồ Chí Minh,Toàn thời gian,Cao đẳng,Công nghệ thông tin,Tài chính - Kế toán,Kế toán viên,2,Không công tác,Không,22600000,8,7,2,1,4,5,4,4,1,3,19,3,2,1,2,Có
NV20261977,33,Nam,Đã kết hôn,TP. Hồ Chí Minh,Toàn thời gian,Đại học,Công nghệ thông tin,Tài chính - Kế toán,Kế toán viên,1,Ít,Có,13400000,5,6,3,5,5,4,3,5,4,1,4,1,1,1,0,Có
NV20261978,26,Nam,Ly hôn,Hà Nội,Toàn thời gian,Đại học,Công nghệ thông tin,Công nghệ thông tin,Trưởng nhóm kỹ thuật,1,Không công tác,Có,15100000,7,10,5,4,3,2,3,4,3,3,0,0,0,0,0,Không
NV20261979,41,Nữ,Đã kết hôn,Cần Thơ,Hợp đồng xác định thời hạn,Đại học,Tài chính,Nhân sự,Trưởng nhóm nhân sự,4,Thường xuyên,Không,32000000,11,8,4,3,4,5,3,3,2,2,21,12,6,6,10,Không
NV20261980,31,Nam,Độc thân,Hà Nội,Toàn thời gian,Đại học,Công nghệ thông tin,Kinh doanh,Quản lý kinh doanh,3,Không công tác,Có,23300000,9,23,3,3,3,2,5,3,4,4,7,6,4,4,3,Không
NV20261981,35,Nam,Đã kết hôn,Bình Dương,Toàn thời gian,Đại học,Công nghệ thông tin,Công nghệ thông tin,Lập trình viên,3,Không công tác,Có,24100000,11,13,3,1,5,2,4,3,3,0,11,5,2,1,4,Có
NV20261982,39,Nam,Ly hôn,Đà Nẵng,Hợp đồng xác định thời hạn,Đại học,Tài chính,Chăm sóc khách hàng,Nhân viên chăm sóc khách hàng,1,Không công tác,Có,14800000,9,1,3,3,2,5,4,3,4,1,12,1,0,0,1,Không
NV20261983,39,Nam,Độc thân,Hải Phòng,Hợp đồng xác định thời hạn,Đại học,Marketing,Kinh doanh,Quản lý kinh doanh,3,Không công tác,Không,29100000,10,8,3,4,1,2,3,2,4,2,21,5,4,2,3,Không
NV20261984,24,Nam,Đã kết hôn,Hà Nội,Hợp đồng xác định thời hạn,Đại học,Công nghệ thông tin,Chăm sóc khách hàng,Trưởng nhóm chăm sóc khách hàng,3,Ít,Có,23100000,13,5,5,2,3,2,3,3,3,2,6,4,2,2,3,Có
NV20261985,28,Nam,Đã kết hôn,Hà Nội,Toàn thời gian,Đại học,Kinh tế,Tài chính - Kế toán,Chuyên viên tài chính,3,Không công tác,Có,19000000,7,17,3,3,4,3,2,4,5,0,4,4,3,2,1,Không
NV20261986,38,Nữ,Ly hôn,Hải Phòng,Toàn thời gian,Cao đẳng,Nhân sự,Kinh doanh,Quản lý kinh doanh,2,Ít,Có,19700000,3,7,4,2,3,1,3,2,2,4,9,2,1,1,1,Có
NV20261987,26,Nữ,Độc thân,Bình Dương,Hợp đồng xác định thời hạn,Đại học,Nhân sự,Công nghệ thông tin,Kỹ sư kiểm thử,2,Không công tác,Không,18500000,5,12,2,3,3,2,3,3,4,1,3,3,2,2,2,Không
NV20261988,46,Nam,Đã kết hôn,TP. Hồ Chí Minh,Toàn thời gian,Cao đẳng,Kỹ thuật,Nhân sự,Chuyên viên nhân sự,4,Ít,Không,31900000,9,1,3,3,1,3,5,4,2,2,19,12,10,6,4,Không
NV20261989,29,Nữ,Độc thân,Bình Dương,Toàn thời gian,Đại học,Tài chính,Công nghệ thông tin,Kỹ sư dữ liệu,2,Ít,Không,17600000,9,3,3,4,4,4,4,4,7,3,8,3,1,1,1,Không
NV20261990,36,Nữ,Đã kết hôn,Bình Dương,Toàn thời gian,Đại học,Công nghệ thông tin,Nhân sự,Trưởng nhóm nhân sự,3,Thường xuyên,Có,29900000,14,7,5,4,4,2,3,3,4,0,16,5,2,4,2,Không
NV20261991,31,Nữ,Đã kết hôn,Hải Phòng,Thử việc,Đại học,Công nghệ thông tin,Marketing,Trưởng nhóm marketing,2,Không công tác,Không,16200000,5,15,2,1,4,3,2,3,3,2,7,3,2,1,3,Có
NV20261992,33,Nam,Độc thân,Hà Nội,Toàn thời gian,THPT,Kỹ thuật,Công nghệ thông tin,Kỹ sư dữ liệu,3,Không công tác,Không,22500000,7,10,5,1,5,4,3,4,4,2,7,7,3,2,2,Không
NV20261993,39,Nữ,Độc thân,TP. Hồ Chí Minh,Toàn thời gian,Cao đẳng,Kinh tế,Vận hành,Trưởng nhóm vận hành,5,Không công tác,Không,39000000,4,9,3,3,3,4,2,4,2,2,19,19,14,5,11,Không
NV20261994,35,Nữ,Độc thân,Hà Nội,Toàn thời gian,Đại học,Công nghệ thông tin,Chăm sóc khách hàng,Trưởng nhóm chăm sóc khách hàng,2,Ít,Không,22100000,5,5,2,4,4,5,4,4,3,3,15,3,1,1,2,Có
NV20261995,35,Nam,Độc thân,Hà Nội,Toàn thời gian,Thạc sĩ,Kinh tế,Vận hành,Điều phối viên,3,Thường xuyên,Không,25600000,3,5,1,4,2,2,4,4,4,0,10,6,3,2,5,Có
NV20261996,20,Nữ,Độc thân,TP. Hồ Chí Minh,Toàn thời gian,Đại học,Công nghệ thông tin,Kinh doanh,Quản lý kinh doanh,1,Thường xuyên,Có,12000000,3,3,4,2,3,5,5,2,2,3,0,0,0,0,0,Có
NV20261997,37,Nam,Đã kết hôn,Hà Nội,Toàn thời gian,Thạc sĩ,Công nghệ thông tin,Công nghệ thông tin,Kỹ sư kiểm thử,4,Không công tác,Không,33800000,11,4,4,4,3,5,3,3,1,1,17,8,4,2,6,Không
NV20261998,20,Nam,Đã kết hôn,Hải Phòng,Toàn thời gian,Cao đẳng,Công nghệ thông tin,Tài chính - Kế toán,Kế toán viên,1,Ít,Không,13500000,15,18,3,3,2,3,3,4,4,5,0,0,0,0,0,Không
NV20261999,33,Nam,Độc thân,Đà Nẵng,Toàn thời gian,Đại học,Tài chính,Công nghệ thông tin,Lập trình viên,2,Ít,Không,17300000,12,6,2,2,4,4,4,4,2,0,3,3,3,2,2,Không
NV20262000,34,Nam,Độc thân,TP. Hồ Chí Minh,Toàn thời gian,Thạc sĩ,Khác,Kinh doanh,Quản lý kinh doanh,3,Không công tác,Không,21700000,12,2,1,5,3,5,5,4,3,6,5,5,3,3,4,Không
